fen,action,score,result
2w3bw/8/5w2/4b3/3b4/1b6/8/5wb1 b,"(4, 4)",0
2w3bw/8/5w2/3wb3/3bb3/1b6/8/5wb1 w,"(5, 5)",0
2w3bw/8/5w2/3wb3/3bb3/1b6/8/5wb1 b,"(3, 4)",0
2w3bw/8/5w2/2wwb3/2bbb3/1b6/8/5wb1 w,"(3, 5)",50
2w3bw/8/5w2/2wwb3/2bbb3/1b6/8/5wb1 b,"(2, 5)",50
2w3bw/8/5w2/2wwb3/1wbbbb2/1b6/8/5wb1 w,"(6, 5)",100,1
8/8/5w2/4b1b1/8/8/8/8 w,"(5, 4)",0
8/8/5w2/4b1b1/8/8/8/8 b,"(5, 5)",0
8/8/5w2/3bb1b1/4w3/8/8/8 w,"(4, 4)",50
8/8/5w2/3bb1b1/4w3/8/8/8 b,"(4, 5)",50
8/8/5w2/3bbbb1/3ww3/8/8/8 w,"(6, 4)",100,1
5w2/w6w/1w3bb1/3b4/3b2b1/w2bb3/4w3/8 w,"(4, 4)",50
5w2/w6w/1w3bb1/3b4/3b2b1/w2bb3/4w3/8 b,"(4, 3)",50
5w2/w6w/1w1w1bb1/3b4/3b2b1/w2bb3/3bw3/8 w,"(4, 7)",100,1
5ww1/7b/8/b1bbb2b/2w5/w7/2w5/8 w,"(3, 4)",50
5ww1/7b/8/b1bbb2b/2w5/w7/2w5/8 b,"(2, 4)",50
5ww1/7b/8/bwbbbb1b/2w5/w7/2w5/8 w,"(6, 4)",100,1
5b2/bbbw3w/b2w2wb/2w3bw/ww1bb2w/3bwbb1/w7/wbw1b3 b,"(1, 6)",-100,-1
2b1ww2/ww2bbb1/1b6/3w4/b2b4/4w1w1/7b/wb6 b,"(4, 2)",-50
2b1ww2/wwbwbbb1/1b6/3w4/b2b4/4w1w1/7b/wb6 w,"(3, 2)",50
2b1ww2/wwbwbbb1/1b6/3w4/b2b4/4w1w1/7b/wb6 b,"(8, 2)",1
2b1ww2/wwbwbbbw/1b6/3wb3/b2b4/4w1w1/7b/wb6 w,"(5, 4)",50
2b1ww2/wwbwbbbw/1b6/3wb3/b2b4/4w1w1/7b/wb6 b,"(3, 4)",50
2b1ww2/wwbwbbbw/1b3b2/2wwb3/b2b4/4w1w1/7b/wb6 w,"(6, 3)",100,1
w1bb1b1w/1b1b3b/bww5/1w6/1w4w1/w1w3b1/w3b2b/bw4b1 w,"(2, 2)",50
w1bb1b1w/1b1b3b/bww5/1w6/1w4w1/w1w3b1/w3b2b/bw4b1 b,"(2, 6)",-100,-1
2w1bww1/2b3bb/ww1bww1b/b1b1w1b1/ww1w1b2/wb1w1b1b/wbw1w3/1b1b2b1 w,"(1, 4)",50
2w1bww1/2b3bb/ww1bww1b/b1b1w1b1/ww1w1b2/wb1w1b1b/wbw1w3/1b1b2b1 b,"(1, 8)",-100,-1
5ww1/b1w5/1b2w3/w4b2/3b4/6b1/6wb/2b5 w,"(4, 5)",50
5ww1/b1w5/1b2w3/w4b2/3b4/6b1/6wb/2b5 b,"(5, 5)",50
5ww1/b1w5/1b2w3/w1b2b2/3bw3/6b1/6wb/2b5 w,"(3, 4)",100,1
2w2b2/8/8/2b1b3/8/8/4w3/8 w,"(5, 4)",0
2w2b2/8/8/2b1b3/8/8/4w3/8 b,"(3, 5)",0
2w2b2/8/8/2bbb3/2w5/8/4w3/8 w,"(4, 4)",50
2w2b2/8/8/2bbb3/2w5/8/4w3/8 b,"(2, 4)",-50
2w2b2/8/8/1wbbb3/2w5/3b4/4w3/8 w,"(4, 6)",50
2w2b2/8/8/1wbbb3/2w5/3b4/4w3/8 b,"(5, 5)",50
2w2b2/8/8/1wbbbb2/2w1w3/3b4/4w3/8 w,"(6, 4)",100,1
4bbww/1w1bw3/b2w3w/3bb3/3bb3/8/w2b4/1w6 w,"(4, 5)",50
4bbww/1w1bw3/b2w3w/3bb3/3bb3/8/w2b4/1w6 b,"(3, 5)",50
4bbww/1w1bw3/b2w3w/3bb3/2wbb3/3b4/w2b4/1w6 w,"(4, 6)",100,1
w4w2/8/5b2/b2bw3/1bw2w2/2b4b/bw2b3/4w3 b,"(5, 5)",-50
w4w2/8/5b2/b2bw3/1bwbww2/2b4b/bw2b3/4w3 w,"(4, 5)",50
w4w2/8/5b2/b2bw3/1bwbww2/2b4b/bw2b3/4w3 b,"(3, 4)",50
w4w2/8/5b2/b1wbw3/1bwbww2/2b4b/bw1bb3/4w3 w,"(4, 7)",100,1
1w2b3/1b1w4/6b1/wwb2b2/bw1wb3/3bw3/6w1/4b3 w,"(5, 5)",100,1
4w2w/wbb1wbwb/b1b3b1/3w4/1ww3w1/bbwb1b1b/8/1ww1b3 b,"(3, 7)",-100,-1
1b2wbbw/8/1b1w4/3b4/5b1w/2b1w3/w2w4/1bbw4 w,"(4, 4)",0
1b2wbbw/8/1b1w4/3b4/5b1w/2b1w3/w2w4/1bbw4 b,"(4, 5)",-50
1b2wbbw/8/1b1w4/3b4/3w1b1w/2bbw3/w2w4/1bbw4 w,"(4, 6)",0
1b2wbbw/8/1b1w4/3b4/3w1b1w/2bbw3/w2w4/1bbw4 b,"(5, 4)",0
1b2wbbw/8/1b1w4/3bw3/3wbb1w/2bbw3/w2w4/1bbw4 w,"(5, 5)",50
1b2wbbw/8/1b1w4/3bw3/3wbb1w/2bbw3/w2w4/1bbw4 b,"(3, 7)",-50
1b2wbbw/8/1b1wb3/3bw3/3wbb1w/2bbw3/w1ww4/1bbw4 w,"(5, 3)",50
1b2wbbw/8/1b1wb3/3bw3/3wbb1w/2bbw3/w1ww4/1bbw4 b,"(2, 7)",-100,-1
1w4w1/1bb5/8/3b1w2/2w5/8/3bw2b/5b2 w,"(4, 4)",0
1w4w1/1bb5/8/3b1w2/2w5/8/3bw2b/5b2 b,"(5, 5)",0
1w4w1/1bb5/8/3b1w2/2wbw3/8/3bw2b/5b2 w,"(4, 5)",50
1w4w1/1bb5/8/3b1w2/2wbw3/8/3bw2b/5b2 b,"(4, 6)",-50
1w4w1/1bb5/8/1b1b1w2/2wbw3/3w4/3bw2b/5b2 w,"(2, 4)",-50
1w4w1/1bb5/8/1b1b1w2/2wbw3/3w4/3bw2b/5b2 b,"(3, 7)",-100,-1
8/8/8/3b4/8/8/8/8 w,"(4, 4)",0
8/8/8/3b4/8/8/8/8 b,"(4, 5)",0
8/8/8/3b4/2bw4/8/8/8 w,"(3, 5)",0
8/8/8/3b4/2bw4/8/8/8 b,"(4, 6)",0
8/8/8/2bb4/2bw4/3w4/8/8 w,"(3, 4)",0
8/8/8/2bb4/2bw4/3w4/8/8 b,"(5, 3)",0
8/8/4w3/2bbb3/2bw4/3w4/8/8 w,"(5, 4)",50
8/8/4w3/2bbb3/2bw4/3w4/8/8 b,"(2, 4)",50
8/8/4w3/1wbbbb2/2bw4/3w4/8/8 w,"(6, 4)",100,1
w2b2w1/3w4/4b3/5wbw/8/5b2/2b5/6b1 b,"(5, 4)",0
w2b2w1/3w4/4b3/3bwwbw/8/5b2/2b5/6b1 w,"(4, 4)",0
w2b2w1/3w4/4b3/3bwwbw/8/5b2/2b5/6b1 b,"(3, 5)",0
w2b2w1/3w4/4b3/3bwwbw/2wb4/5b2/2b5/6b1 w,"(4, 5)",0
w2b2w1/3w4/4b3/3bwwbw/2wb4/5b2/2b5/6b1 b,"(5, 5)",0
w2b2w1/3w4/4b3/3bwwbw/2wbw3/3b1b2/2b5/6b1 w,"(4, 6)",50
w2b2w1/3w4/4b3/3bwwbw/2wbw3/3b1b2/2b5/6b1 b,"(4, 3)",50
w2b2w1/3w4/3wb3/3bwwbw/2wbw3/3b1b2/2bb4/6b1 w,"(4, 7)",100,1
3w4/1wb5/8/b1bb4/www5/4w2b/1b5b/8 b,"(2, 4)",-50
3w4/1wb5/1b6/bwbb4/www5/4w2b/1b5b/8 w,"(2, 3)",-50
3w4/1wb5/1b6/bwbb4/www5/4w2b/1b5b/8 b,"(4, 5)",-100,-1
8/2w3b1/2b3w1/3bb3/bw3w2/8/8/8 w,"(4, 4)",0
8/2w3b1/2b3w1/3bb3/bw3w2/8/8/8 b,"(5, 5)",0
8/2w3b1/2b3w1/3bb3/bw1bww2/8/8/8 w,"(4, 5)",50
8/2w3b1/2b3w1/3bb3/bw1bww2/8/8/8 b,"(6, 3)",0
8/2w3b1/2b2ww1/2bbb3/bw1bww2/8/8/8 w,"(3, 4)",50
8/2w3b1/2b2ww1/2bbb3/bw1bww2/8/8/8 b,"(2, 4)",50
8/2w3b1/2b2ww1/1wbbbb2/bw1bww2/8/8/8 w,"(6, 4)",100,1
2b2w1w/3b1b1b/b1ww3w/1bw5/b7/6wb/1w1b4/2w3b1 b,"(5, 2)",-100,-1
1w2ww2/b1b1w1w1/1b3b1b/1b4bb/1b1b4/wbww3w/b7/3ww3 w,"(2, 3)",100,1
wb2b3/2wb4/3w1w1w/7b/2b1b3/1wb1b2w/bw1w4/6b1 w,"(5, 5)",0
wb2b3/2wb4/3w1w1w/7b/2b1b3/1wb1b2w/bw1w4/6b1 b,"(3, 4)",0
wb2b3/2wb4/3w1w1w/2wb3b/2b1b3/1wb1b2w/bw1w4/6b1 w,"(4, 4)",0
wb2b3/2wb4/3w1w1w/2wb3b/2b1b3/1wb1b2w/bw1w4/6b1 b,"(5, 3)",-50
wb2b3/2wb4/2bwww1w/2wb3b/2b1b3/1wb1b2w/bw1w4/6b1 w,"(3, 3)",50
wb2b3/2wb4/2bwww1w/2wb3b/2b1b3/1wb1b2w/bw1w4/6b1 b,"(2, 2)",-50
wb2b3/1wwb4/2bwww1w/1bwb3b/2b1b3/1wb1b2w/bw1w4/6b1 w,"(2, 4)",100,1
2b5/1wb1w1w1/5b2/1b6/w3w3/3w4/8/2b1bb2 b,"(3, 4)",50
2b5/1wb1w1w1/5b2/1bw5/w3w3/3w4/8/2bbbb2 w,"(4, 8)",100,1
8/8/8/4b3/3b4/5w2/7b/6w1 w,"(4, 5)",0
8/8/8/4b3/3b4/5w2/7b/6w1 b,"(5, 5)",0
8/8/8/3bb3/3bw3/5w2/7b/6w1 w,"(4, 4)",0
8/8/8/3bb3/3bw3/5w2/7b/6w1 b,"(3, 5)",0
8/8/8/2bbb3/2wbw3/5w2/7b/6w1 w,"(3, 4)",50
8/8/8/2bbb3/2wbw3/5w2/7b/6w1 b,"(2, 4)",50
8/8/8/1wbbbb2/2wbw3/5w2/7b/6w1 w,"(6, 4)",100,1
bw6/3wb3/3b3w/5w2/4b3/8/4w3/3b1b2 b,"(5, 4)",0
bw6/3wb3/3b3w/2b1ww2/4b3/8/4w3/3b1b2 w,"(3, 4)",50
bw6/3wb3/3b3w/2b1ww2/4b3/8/4w3/3b1b2 b,"(2, 5)",50
bw3b2/3wb3/3b3w/2b1ww2/1w2b3/8/4w3/3b1b2 w,"(6, 1)",100,1
4b3/2b5/8/5wwb/w3b3/6w1/4b3/8 w,"(5, 5)",0
4b3/2b5/8/5wwb/w3b3/6w1/4b3/8 b,"(4, 4)",-50
4b3/2b5/8/3wbwwb/w3b3/6w1/4b3/8 w,"(5, 4)",50
4b3/2b5/8/3wbwwb/w3b3/6w1/4b3/8 b,"(3, 5)",50
4b3/2b5/8/3wbwwb/w1w1b3/4b1w1/4b3/8 w,"(5, 6)",100,1
1b1b4/8/b7/8/8/7w/7w/8 b,"(4, 4)",0
1b1b4/8/b7/3wb3/8/7w/7w/8 w,"(5, 4)",0
1b1b4/8/b7/3wb3/8/7w/7w/8 b,"(3, 4)",0
1b1b4/8/b2b4/2wwb3/8/7w/7w/8 w,"(4, 3)",50
1b1b4/8/b2b4/2wwb3/8/7w/7w/8 b,"(4, 5)",50
1b1b4/2b5/b2b4/2wwb3/3w4/7w/7w/8 w,"(3, 2)",100,1
1b2b3/3bw2w/8/5b2/8/3w4/3w3b/8 b,"(4, 4)",-50
1b2b3/3bw2w/8/3w1b2/2b5/3w4/3w3b/8 w,"(3, 5)",-50
1b2b3/3bw2w/8/3w1b2/2b5/3w4/3w3b/8 b,"(4, 5)",-100,-1
8/8/8/1w6/3b4/3b4/8/8 w,"(4, 5)",0
8/8/8/1w6/3b4/3b4/8/8 b,"(5, 5)",0
8/8/8/1w1b4/3bw3/3b4/8/8 w,"(4, 4)",50
8/8/8/1w1b4/3bw3/3b4/8/8 b,"(4, 3)",50
8/8/3w4/1w1b4/3bw3/3b4/3b4/8 w,"(4, 7)",100,1
2w2wbb/1w1bb1ww/2bw1b2/3w1bw1/1w3b2/2w2b1w/2bb1wbb/1b2w3 w,"(6, 4)",100,1
w1bb1b2/4b1b1/1w6/4b2w/8/2wwb1w1/4w3/1b1wb3 b,"(3, 4)",50
w1bbbb2/4b1b1/1w6/2w1b2w/8/2wwb1w1/4w3/1b1wb3 w,"(5, 1)",100,1
8/8/1b2w3/8/8/8/bb6/1w1wb3 b,"(5, 4)",0
8/8/1b2w3/3bw3/8/8/bb6/1w1wb3 w,"(4, 4)",0
8/8/1b2w3/3bw3/8/8/bb6/1w1wb3 b,"(3, 4)",0
8/8/1b2w3/2wbw3/3b4/8/bb6/1w1wb3 w,"(4, 5)",0
8/8/1b2w3/2wbw3/3b4/8/bb6/1w1wb3 b,"(5, 5)",-50
8/4b3/1b2w3/2wbw3/3bw3/8/bb6/1w1wb3 w,"(5, 2)",-50
8/4b3/1b2w3/2wbw3/3bw3/8/bb6/1w1wb3 b,"(5, 6)",-100,-1
wb1w2bw/2wb1w2/w7/1w3bbb/1bwb1ww1/b1b4w/b1b1bbww/b1w1wb2 b,"(1, 5)",-50
wb1w2bw/2wb1w2/w7/1w3bbb/wbwb1ww1/b1b4w/bbb1bbww/b1w1wb2 w,"(2, 7)",100,1
bbb2bw1/3w2bw/1w1b3b/5wbw/1b2ww1b/wwb4b/2b1w1ww/1bbww2b b,"(3, 5)",-50
bbbb1bw1/3w2bw/1w1b3b/5wbw/1bw1ww1b/wwb4b/2b1w1ww/1bbww2b w,"(4, 1)",100,1
8/b7/1w3w2/4b3/8/5b2/8/8 w,"(5, 4)",0
8/b7/1w3w2/4b3/8/5b2/8/8 b,"(4, 4)",0
8/b7/1w3w2/3wb3/3b4/5b2/8/8 w,"(4, 5)",0
8/b7/1w3w2/3wb3/3b4/5b2/8/8 b,"(4, 6)",0
8/b7/1w3w2/3wb3/3bb3/3w1b2/8/8 w,"(5, 5)",0
8/b7/1w3w2/3wb3/3bb3/3w1b2/8/8 b,"(5, 3)",0
8/b7/1w2ww2/3wb3/2bbb3/3w1b2/8/8 w,"(3, 5)",50
8/b7/1w2ww2/3wb3/2bbb3/3w1b2/8/8 b,"(2, 5)",50
8/b7/1w2ww2/3wb3/1wbbbb2/3w1b2/8/8 w,"(6, 5)",100,1
2b2b2/2b2b2/1wbw2bw/b1w1w1b1/2b1bwww/1w1wbb1b/2w1w1w1/1bw2wbb w,"(3, 5)",50
2b2b2/2b2b2/1wbw2bw/b1w1w1b1/2b1bwww/1w1wbb1b/2w1w1w1/1bw2wbb b,"(4, 4)",-50
2b2b2/2b2b2/1wbw2bw/bbwww1b1/2b1bwww/1w1wbb1b/2w1w1w1/1bw2wbb w,"(2, 4)",50
2b2b2/2b2b2/1wbw2bw/bbwww1b1/2b1bwww/1w1wbb1b/2w1w1w1/1bw2wbb b,"(4, 5)",-100,-1
8/1w6/1wb5/2bb4/b1bw2w1/8/7b/1bw1w3 w,"(3, 4)",50
8/1w6/1wb5/2bb4/b1bw2w1/8/7b/1bw1w3 b,"(3, 2)",50
8/1ww5/1wb5/2bb4/b1bw2w1/2b5/7b/1bw1w3 w,"(3, 6)",100,1
w3wwbw/1bb2bw1/3b1w2/1b1w2w1/7b/1wb3w1/b2w4/2bbbw1b b,"(2, 8)",-50
w3wwbw/1bb2bw1/3b1w2/1b1wb1w1/7b/1wb3w1/b2w4/1wbbbw1b w,"(5, 4)",50
w3wwbw/1bb2bw1/3b1w2/1b1wb1w1/7b/1wb3w1/b2w4/1wbbbw1b b,"(2, 1)",50
ww2wwbw/1bb2bw1/3b1w2/1b1wb1w1/5b1b/1wb3w1/b2w4/1wbbbw1b w,"(6, 5)",100,1
w1b1w2w/2b1w1bb/b1w1w1bb/b1ww2b1/2w2w2/w5b1/bb6/8 b,"(2, 2)",-100,-1
5wwb/2bb2b1/1w4bw/2w3w1/2b1w1bw/4w3/bb1w1wb1/1wbbb1bw b,"(4, 5)",-100,-1
3w4/4w3/2wb1b2/1b2w3/w4b1b/3w1b1w/3w2bb/2b1wb2 b,"(6, 4)",50
3w4/4w3/2wb1b2/1b2ww2/w4b1b/3w1b1w/3w1bbb/2b1wb2 w,"(6, 7)",100,1
2b5/1w1wwb1w/bw1bbb1b/wb1b2w1/6bb/2w3b1/w1w1wb1w/5b1w b,"(3, 2)",-100,-1
5b1w/w7/8/1b1bb1w1/2w5/8/1b4bw/b1w5 w,"(4, 4)",50
5b1w/w7/8/1b1bb1w1/2w5/8/1b4bw/b1w5 b,"(5, 5)",50
5b1w/w7/8/1bbbb1w1/2w1w3/8/1b4bw/b1w5 w,"(3, 4)",100,1
bbw5/2w2wb1/w1bw3w/b2bb3/1b3w2/ww1b2bb/1wbw1ww1/b1b5 b,"(2, 2)",-50
bbw5/1ww2wb1/w1bw3w/b2bb3/1b1b1w2/ww1b2bb/1wbw1ww1/b1b5 w,"(4, 5)",50
bbw5/1ww2wb1/w1bw3w/b2bb3/1b1b1w2/ww1b2bb/1wbw1ww1/b1b5 b,"(5, 7)",-100,-1
2bb2ww/wwb2w2/1wb1bb1w/b2b4/1b2bwb1/1w1ww1b1/b5ww/b1w1wbb1 b,"(3, 4)",-50
2bb2ww/wwb2w2/1wb1bb1w/b1wb4/1b2bwb1/1wbww1b1/b5ww/b1w1wbb1 w,"(3, 6)",50
2bb2ww/wwb2w2/1wb1bb1w/b1wb4/1b2bwb1/1wbww1b1/b5ww/b1w1wbb1 b,"(4, 3)",-50
2bb2ww/wwb2w2/1wbwbb1w/b1wb4/1b1bbwb1/1wbww1b1/b5ww/b1w1wbb1 w,"(4, 5)",50
2bb2ww/wwb2w2/1wbwbb1w/b1wb4/1b1bbwb1/1wbww1b1/b5ww/b1w1wbb1 b,"(2, 7)",-50
2bb2ww/wwb2w2/1wbwbb1w/b1wb4/1bbbbwb1/1wbww1b1/bw4ww/b1w1wbb1 w,"(3, 5)",100,1
1b1bw3/b1bbw1bw/b6w/1wb1b1b1/bw1wb3/w1b2b2/2ww1w1w/ww1w1bb1 b,"(1, 4)",-50
1b1bw3/bbbbw1bw/b6w/wwb1b1b1/bw1wb3/w1b2b2/2ww1w1w/ww1w1bb1 w,"(2, 2)",100,1
1b1w2wb/1w1bwb2/2w1w3/w1bwb2w/1b2bb2/w1w1wb2/4wbbb/bb1ww1b1 b,"(1, 1)",-100,-1
3wbw2/b3w2b/8/1b2w1w1/b2bb1bb/3w4/2ww4/8 b,"(6, 3)",-100,-1
4wb2/wbw4b/2w2b2/1wbw4/2b4w/2w1b3/w3w1bb/b2w1bb1 b,"(4, 2)",-100,-1
8/5b2/8/8/3b3b/3w4/6w1/8 w,"(4, 5)",0
8/5b2/8/8/3b3b/3w4/6w1/8 b,"(5, 4)",0
8/5b2/3b4/4w3/3b3b/3w4/6w1/8 w,"(4, 3)",0
8/5b2/3b4/4w3/3b3b/3w4/6w1/8 b,"(3, 5)",0
8/5b2/3b4/3bw3/2wb3b/3w4/6w1/8 w,"(4, 4)",50
8/5b2/3b4/3bw3/2wb3b/3w4/6w1/8 b,"(5, 3)",50
8/3b1b2/3bw3/3bw3/2wb3b/3w4/6w1/8 w,"(4, 2)",100,1
8/5w2/8/2b5/8/4wbb1/wb6/8 w,"(3, 4)",0
8/5w2/8/2b5/8/4wbb1/wb6/8 b,"(4, 4)",0
8/5w2/8/2bwb3/8/4wbb1/wb6/8 w,"(5, 4)",0
8/5w2/8/2bwb3/8/4wbb1/wb6/8 b,"(4, 6)",0
8/5w2/8/2bwb3/3b4/3wwbb1/wb6/8 w,"(4, 5)",50
8/5w2/8/2bwb3/3b4/3wwbb1/wb6/8 b,"(3, 6)",-50
8/5w2/3b4/2bwb3/3b4/2wwwbb1/wb6/8 w,"(4, 3)",50
8/5w2/3b4/2bwb3/3b4/2wwwbb1/wb6/8 b,"(2, 6)",-100,-1
wb1w4/b3wbww/6b1/w1bbw3/b2w1wbb/bww1bb2/bbww4/bb2wwbw w,"(1, 7)",100,1
8/8/8/6w1/4b3/8/8/5b2 w,"(5, 5)",0
8/8/8/6w1/4b3/8/8/5b2 b,"(4, 5)",0
8/8/8/3b2w1/3wb3/8/8/5b2 w,"(4, 4)",0
8/8/8/3b2w1/3wb3/8/8/5b2 b,"(5, 4)",0
8/8/3b4/3bw1w1/3wb3/8/8/5b2 w,"(4, 3)",0
8/8/3b4/3bw1w1/3wb3/8/8/5b2 b,"(4, 6)",0
8/8/3b4/3bw1w1/2bwb3/3w4/8/5b2 w,"(3, 5)",0
8/8/3b4/3bw1w1/2bwb3/3w4/8/5b2 b,"(6, 4)",-50
8/8/3b4/3bwww1/2bwb3/3wb3/8/5b2 w,"(5, 6)",-50
8/8/3b4/3bwww1/2bwb3/3wb3/8/5b2 b,"(8, 4)",-100,-1
8/5b2/8/8/1b6/8/2w5/8 b,"(5, 4)",0
8/5b2/8/4w3/1b1b4/8/2w5/8 w,"(4, 5)",0
8/5b2/8/4w3/1b1b4/8/2w5/8 b,"(3, 5)",0
8/5b2/8/2b1w3/1bwb4/8/2w5/8 w,"(3, 4)",0
8/5b2/8/2b1w3/1bwb4/8/2w5/8 b,"(4, 6)",0
8/5b2/8/2b1w3/1bwbb3/3w4/2w5/8 w,"(5, 5)",0
8/5b2/8/2b1w3/1bwbb3/3w4/2w5/8 b,"(5, 3)",0
8/5b2/4w3/2b1wb2/1bwbb3/3w4/2w5/8 w,"(6, 4)",0
8/5b2/4w3/2b1wb2/1bwbb3/3w4/2w5/8 b,"(4, 4)",-50
8/5b2/4w3/2bwwb2/1bwbbb2/3w4/2w5/8 w,"(6, 5)",50
8/5b2/4w3/2bwwb2/1bwbbb2/3w4/2w5/8 b,"(2, 6)",-100,-1
b1w1wbwb/2w3wb/1ww4w/b1bw4/2w2bbb/1bw4w/1w1b1b2/1b5b b,"(5, 5)",-50
b1w1wbwb/1bw3wb/1ww4w/b1bw4/2w1wbbb/1bw4w/1w1b1b2/1b5b w,"(2, 2)",-50
b1w1wbwb/1bw3wb/1ww4w/b1bw4/2w1wbbb/1bw4w/1w1b1b2/1b5b b,"(6, 6)",-100,-1
3w4/w1bb1b1w/b3ww1b/wwb1b1b1/bwbw1w1b/w3w1bw/wb2b1bb/2ww2b1 w,"(1, 5)",50
3w4/w1bb1b1w/b3ww1b/wwb1b1b1/bwbw1w1b/w3w1bw/wb2b1bb/2ww2b1 b,"(3, 3)",-50
3w4/w1bb1b1w/b1wbww1b/wwb1b1b1/bwbw1w1b/w3w1bw/wb2b1bb/2ww2b1 w,"(4, 3)",50
3w4/w1bb1b1w/b1wbww1b/wwb1b1b1/bwbw1w1b/w3w1bw/wb2b1bb/2ww2b1 b,"(2, 1)",-50
1w1w4/w1bb1b1w/b1wbww1b/wwb1b1b1/bwbw1w1b/w3w1bw/wb1bb1bb/2ww2b1 w,"(4, 7)",50
1w1w4/w1bb1b1w/b1wbww1b/wwb1b1b1/bwbw1w1b/w3w1bw/wb1bb1bb/2ww2b1 b,"(3, 7)",50
1w1w4/w1bbbb1w/b1wbww1b/wwb1b1b1/bwbw1w1b/w3w1bw/wbwbb1bb/2ww2b1 w,"(5, 2)",100,1
3w4/8/8/8/4b3/8/8/5b2 w,"(5, 5)",0
3w4/8/8/8/4b3/8/8/5b2 b,"(4, 5)",0
3w4/8/8/4b3/3wb3/8/8/5b2 w,"(5, 4)",0
3w4/8/8/4b3/3wb3/8/8/5b2 b,"(4, 6)",0
3w4/8/4b3/4b3/3wb3/3w4/8/5b2 w,"(5, 3)",50
3w4/8/4b3/4b3/3wb3/3w4/8/5b2 b,"(5, 2)",50
3w4/4w3/4b3/4b3/3wb3/3wb3/8/5b2 w,"(5, 6)",100,1
w2bb3/3b1w2/3w4/2b1w1bw/wb2b3/wb2b3/5wwb/8 w,"(5, 5)",0
w2bb3/3b1w2/3w4/2b1w1bw/wb2b3/wb2b3/5wwb/8 b,"(4, 6)",0
w2bb3/3b1w2/3w4/2bbw1bw/wb2b3/wb1wb3/5wwb/8 w,"(4, 4)",0
w2bb3/3b1w2/3w4/2bbw1bw/wb2b3/wb1wb3/5wwb/8 b,"(5, 3)",0
w2bb3/3b1w2/3ww3/2bbw1bw/wb1bb3/wb1wb3/5wwb/8 w,"(4, 5)",50
w2bb3/3b1w2/3ww3/2bbw1bw/wb1bb3/wb1wb3/5wwb/8 b,"(2, 3)",-50
w2bb3/3b1w2/1wbww3/2bbw1bw/wb1bb3/wb1wb3/5wwb/8 w,"(3, 3)",50
w2bb3/3b1w2/1wbww3/2bbw1bw/wb1bb3/wb1wb3/5wwb/8 b,"(2, 2)",50
w2bb3/1w1b1w2/1wbww3/1bbbw1bw/wb1bb3/wb1wb3/5wwb/8 w,"(2, 4)",100,1
2b1b3/wb1w3w/2wwb1bb/b2w2w1/wb2w2b/b1b1w1w1/1b1w2b1/5bw1 w,"(2, 2)",50
2b1b3/wb1w3w/2wwb1bb/b2w2w1/wb2w2b/b1b1w1w1/1b1w2b1/5bw1 b,"(2, 4)",-100,-1
bb1wwbb1/b4wb1/bb6/1wb5/w1bbwww1/3w2w1/1w2b3/5b1w w,"(1, 2)",100,1
8/8/8/b1w5/3bw3/1bw1b3/8/8 b,"(4, 3)",0
8/8/3wb3/b1w5/3bw3/1bw1b3/8/8 w,"(5, 3)",0
8/8/3wb3/b1w5/3bw3/1bw1b3/8/8 b,"(6, 4)",0
8/8/3wb3/b1wb1w2/3bw3/1bw1b3/8/8 w,"(4, 4)",50
8/8/3wb3/b1wb1w2/3bw3/1bw1b3/8/8 b,"(3, 5)",-50
8/8/2bwb3/b1wb1w2/2wbw3/1bw1b3/8/8 w,"(3, 3)",-50
8/8/2bwb3/b1wb1w2/2wbw3/1bw1b3/8/8 b,"(3, 7)",-100,-1
1w5w/8/8/1wbb3b/8/b7/8/8 w,"(3, 4)",0
1w5w/8/8/1wbb3b/8/b7/8/8 b,"(4, 5)",0
1w5w/8/8/1wbbb2b/3w4/b7/8/8 w,"(5, 4)",50
1w5w/8/8/1wbbb2b/3w4/b7/8/8 b,"(4, 3)",50
1w5w/8/3w4/1wbbbb1b/3w4/b7/8/8 w,"(6, 4)",100,1
w7/5w2/4w3/3b4/1b4b1/8/5b2/8 b,"(3, 4)",0
w7/5w2/4w3/2wb4/1b1b2b1/8/5b2/8 w,"(4, 5)",0
w7/5w2/4w3/2wb4/1b1b2b1/8/5b2/8 b,"(5, 4)",0
w7/5w2/4w3/2wbw3/1b1bb1b1/8/5b2/8 w,"(5, 5)",50
w7/5w2/4w3/2wbw3/1b1bb1b1/8/5b2/8 b,"(3, 5)",50
w7/5w2/4w3/2wbw3/1bwbbbb1/8/5b2/8 w,"(6, 5)",100,1
2b3b1/2bw1w2/2bww1b1/2b4w/b2w3w/w2w2bb/1w2b2w/1bb2w1b w,"(3, 1)",100,1
4b3/8/8/6b1/1b1w4/w7/7b/1w6 b,"(3, 5)",0
4b3/8/8/3b2b1/1bww4/w7/7b/1w6 w,"(4, 4)",0
4b3/8/8/3b2b1/1bww4/w7/7b/1w6 b,"(5, 5)",-50
4b3/8/8/2bb2b1/1bwww3/w7/7b/1w6 w,"(3, 4)",-50
4b3/8/8/2bb2b1/1bwww3/w7/7b/1w6 b,"(6, 5)",-100,-1
w1b1bwwb/1b3bb1/bww2w2/wb1b1bb1/3w1w2/b1w3ww/b3b1w1/w2w1b1b b,"(2, 7)",-100,-1
3bw3/2w1w1w1/w1ww3b/1wb2wb1/b2wb3/1w4bw/1bw3bb/b1b1bwbb b,"(2, 3)",-100,-1
1b2b3/1w1b1b1w/1bb2w2/1b6/bw4w1/w2wbw2/1b6/2w5 w,"(2, 4)",100,1
w7/5b1w/b3w1bb/2b5/8/8/8/4w3 w,"(3, 4)",0
w7/5b1w/b3w1bb/2b5/8/8/8/4w3 b,"(3, 5)",0
w7/5b1w/b3w1bb/2b5/2w1b3/8/8/4w3 w,"(5, 5)",0
w7/5b1w/b3w1bb/2b5/2w1b3/8/8/4w3 b,"(4, 4)",-50
w7/5b1w/b2bw1bb/2bw4/2w1b3/8/8/4w3 w,"(4, 3)",-50
w7/5b1w/b2bw1bb/2bw4/2w1b3/8/8/4w3 b,"(2, 6)",-100,-1
5bb1/1b1bw1bw/8/b6w/1b5b/5w1b/2w2b2/1bwww1ww b,"(6, 8)",-100,-1
5wb1/b7/5b2/wwb5/4w3/8/4b3/8 b,"(4, 5)",0
5wb1/b7/5b2/wwb5/3ww3/3b4/4b3/8 w,"(4, 6)",0
5wb1/b7/5b2/wwb5/3ww3/3b4/4b3/8 b,"(4, 4)",0
5wb1/b7/5b2/wwbw4/2bww3/3b4/4b3/8 w,"(3, 5)",50
5wb1/b7/5b2/wwbw4/2bww3/3b4/4b3/8 b,"(6, 8)",1
5wb1/b7/5b2/wwbw1b2/2bww3/3b4/4b3/5w2 w,"(6, 4)",1
5wb1/b7/5b2/wwbw1b2/2bww3/3b4/4b3/5w2 b,"(5, 4)",1
5wb1/b7/5b2/wwbwwb2/2bwwb2/3b4/4b3/5w2 w,"(6, 5)",50
5wb1/b7/5b2/wwbwwb2/2bwwb2/3b4/4b3/5w2 b,"(6, 2)",50
5wb1/b4w2/5b2/wwbwwb2/2bwwb2/3b1b2/4b3/5w2 w,"(6, 6)",100,1
2b1b3/2b1w3/6bw/8/6w1/2w5/2b5/8 b,"(5, 5)",0
2b1b3/2b1w3/6bw/3b4/4w1w1/2w5/2b5/8 w,"(4, 4)",0
2b1b3/2b1w3/6bw/3b4/4w1w1/2w5/2b5/8 b,"(4, 5)",-50
2b1b3/2b1w3/6bw/3bb3/3ww1w1/2w5/2b5/8 w,"(5, 4)",-50
2b1b3/2b1w3/6bw/3bb3/3ww1w1/2w5/2b5/8 b,"(6, 5)",-100,-1
b4bw1/bbbwwbw1/b4w1w/4b1w1/1b1w2w1/w2b1w2/1b6/b2w3b b,"(1, 4)",-50
b2b1bw1/bbbwwbw1/b4w1w/w3b1w1/1b1w2w1/w2b1w2/1b6/b2w3b w,"(4, 1)",-50
b2b1bw1/bbbwwbw1/b4w1w/w3b1w1/1b1w2w1/w2b1w2/1b6/b2w3b b,"(5, 7)",-100,-1
8/8/4b3/8/8/8/8/8 b,"(4, 5)",0
8/8/4b3/8/2bw4/8/8/8 w,"(3, 5)",0
8/8/4b3/8/2bw4/8/8/8 b,"(5, 5)",0
8/8/4b3/3b4/2bww3/8/8/8 w,"(4, 4)",50
8/8/4b3/3b4/2bww3/8/8/8 b,"(2, 6)",50
8/5b2/4b3/3b4/2bww3/1w6/8/8 w,"(6, 2)",100,1
8/8/8/8/2b5/1w5b/2b5/4w3 b,"(3, 4)",0
8/8/8/2w5/2bb4/1w5b/2b5/4w3 w,"(4, 5)",0
8/8/8/2w5/2bb4/1w5b/2b5/4w3 b,"(4, 4)",0
8/8/3b4/2ww4/2bb4/1w5b/2b5/4w3 w,"(4, 3)",0
8/8/3b4/2ww4/2bb4/1w5b/2b5/4w3 b,"(5, 4)",-50
8/8/3b4/1bwww3/2bb4/1w5b/2b5/4w3 w,"(2, 4)",-50
8/8/3b4/1bwww3/2bb4/1w5b/2b5/4w3 b,"(6, 4)",-100,-1
b7/4w3/8/8/4b1b1/2w5/8/8 w,"(5, 5)",0
b7/4w3/8/8/4b1b1/2w5/8/8 b,"(5, 4)",0
b7/4w3/3b4/4w3/4b1b1/2w5/8/8 w,"(4, 3)",0
b7/4w3/3b4/4w3/4b1b1/2w5/8/8 b,"(4, 6)",0
b7/4w3/3b4/2b1w3/4b1b1/2ww4/8/8 w,"(3, 4)",0
b7/4w3/3b4/2b1w3/4b1b1/2ww4/8/8 b,"(4, 5)",-50
b7/4w3/3b4/2b1w3/3wb1b1/2ww4/1b6/8 w,"(2, 7)",-50
b7/4w3/3b4/2b1w3/3wb1b1/2ww4/1b6/8 b,"(6, 3)",-100,-1
1bw5/1w1b1ww1/wb1b1b2/wbb1b1bb/bwbwwwb1/wbb2b2/5w1b/w3www1 w,"(1, 5)",50
1bw5/1w1b1ww1/wb1b1b2/wbb1b1bb/bwbwwwb1/wbb2b2/5w1b/w3www1 b,"(3, 2)",-50
1bw5/1wwb1ww1/wbbb1b2/wbb1b1bb/bwbwwwb1/wbb2b2/5w1b/w3www1 w,"(3, 3)",100,1
bw1bww1b/1w2b2b/1w5b/1bw2bw1/b4w2/b1w1wbbw/2w1b3/3w1b2 w,"(2, 4)",50
bw1bww1b/1w2b2b/1w5b/1bw2bw1/b4w2/b1w1wbbw/2w1b3/3w1b2 b,"(3, 5)",-100,-1
w3bb2/2w3w1/8/bw5w/b1w5/b7/b7/2b5 w,"(1, 5)",100,1
1w5b/6b1/8/2b3w1/8/5b2/3w4/8 w,"(3, 4)",0
1w5b/6b1/8/2b3w1/8/5b2/3w4/8 b,"(5, 4)",0
1w5b/6b1/8/2bbw1w1/8/5b2/3w4/8 w,"(4, 4)",0
1w5b/6b1/8/2bbw1w1/8/5b2/3w4/8 b,"(4, 6)",0
1w5b/6b1/8/2bbw1w1/3b4/3w1b2/3w4/8 w,"(4, 5)",0
1w5b/6b1/8/2bbw1w1/3b4/3w1b2/3w4/8 b,"(3, 5)",0
1w5b/6b1/8/2bbw1w1/2wbb3/3w1b2/3w4/8 w,"(5, 5)",50
1w5b/6b1/8/2bbw1w1/2wbb3/3w1b2/3w4/8 b,"(3, 3)",50
1w5b/6b1/2w5/2bbw1w1/2wbb3/3w1b2/3w2b1/8 w,"(7, 7)",100,1
bw2b2w/1w3b2/5w2/6w1/3wbbww/2w2b2/3b2b1/w1b1bb2 b,"(2, 7)",-100,-1
8/7w/8/4b3/8/8/8/1b6 w,"(5, 4)",0
8/7w/8/4b3/8/8/8/1b6 b,"(5, 5)",0
8/7w/8/3bb3/4w3/8/8/1b6 w,"(4, 4)",0
8/7w/8/3bb3/4w3/8/8/1b6 b,"(4, 3)",0
8/7w/3w4/2bbb3/4w3/8/8/1b6 w,"(3, 4)",50
8/7w/3w4/2bbb3/4w3/8/8/1b6 b,"(2, 4)",50
8/7w/3w4/1wbbbb2/4w3/8/8/1b6 w,"(6, 4)",100,1
8/8/8/8/8/8/8/1b6 b,"(5, 5)",0
8/8/8/4b3/4w3/8/8/1b6 w,"(5, 4)",0
8/8/8/4b3/4w3/8/8/1b6 b,"(4, 5)",0
8/8/3b4/4b3/3ww3/8/8/1b6 w,"(4, 3)",0
8/8/3b4/4b3/3ww3/8/8/1b6 b,"(4, 6)",0
8/8/3b4/4b3/2bww3/3w4/8/1b6 w,"(3, 5)",0
8/8/3b4/4b3/2bww3/3w4/8/1b6 b,"(4, 4)",-50
8/8/3bb3/3wb3/2bww3/3w4/8/1b6 w,"(5, 3)",-50
8/8/3bb3/3wb3/2bww3/3w4/8/1b6 b,"(4, 7)",-100,-1
8/b3w3/4w3/6b1/4b3/2w2b2/b5w1/8 b,"(3, 4)",0
8/b3w3/4w3/2wb2b1/4b3/2w2b2/b5w1/8 w,"(4, 4)",50
8/b3w3/4w3/2wb2b1/4b3/2w2b2/b5w1/8 b,"(3, 3)",-50
8/b3w3/2w1w3/2wb2b1/2b1b3/2w2b2/b5w1/8 w,"(3, 5)",50
8/b3w3/2w1w3/2wb2b1/2b1b3/2w2b2/b5w1/8 b,"(4, 5)",50
8/b3w3/2w1w3/2wb2b1/2bwb3/1bw2b2/b5w1/8 w,"(2, 6)",100,1
1b4w1/bwb5/1wbwbb1w/bw1w4/2w1bb1b/b5bw/4w3/2b1ww2 b,"(2, 5)",-100,-1
1bbbbb2/4ww2/bb4ww/5wb1/6wb/6bb/w3bww1/1w2bww1 w,"(4, 1)",100,1
8/8/b3w3/4b2b/1w2b3/4bb2/2w1bw2/1w2w3 w,"(5, 7)",100,1
8/8/8/8/7b/8/8/8 b,"(3, 4)",0
8/8/8/2wb4/7b/8/8/8 w,"(4, 4)",0
8/8/8/2wb4/7b/8/8/8 b,"(5, 5)",0
8/8/8/2wb4/2b1w2b/8/8/8 w,"(3, 5)",0
8/8/8/2wb4/2b1w2b/8/8/8 b,"(4, 3)",0
8/8/3wb3/2wb4/2b1w2b/8/8/8 w,"(5, 3)",50
8/8/3wb3/2wb4/2b1w2b/8/8/8 b,"(2, 6)",50
8/5b2/3wb3/2wb4/2b1w2b/1w6/8/8 w,"(6, 2)",100,1
8/5bw1/8/4bw2/8/8/3b4/8 w,"(5, 4)",0
8/5bw1/8/4bw2/8/8/3b4/8 b,"(4, 5)",0
8/5bw1/8/4bw2/2bw4/8/3b4/8 w,"(3, 5)",0
8/5bw1/8/4bw2/2bw4/8/3b4/8 b,"(3, 4)",0
8/5bw1/8/2wbbw2/2bw4/8/3b4/8 w,"(4, 4)",50
8/5bw1/8/2wbbw2/2bw4/8/3b4/8 b,"(4, 3)",50
8/5bw1/3wb3/2wbbw2/2bw4/8/3b4/8 w,"(5, 3)",100,1
w2wbbw1/b1wbww1w/7w/b6w/3b1b1b/1wbbbww1/b1bw4/1bbww2b b,"(3, 5)",-50
w2wbbw1/b1wbww1w/7w/b6w/2wbbb1b/1wbbbww1/b1bw4/1bbww2b w,"(5, 5)",100,1
8/1b1w1w2/w1b2b2/4b1b1/w3bw2/b4b2/1w1w2b1/5wbw b,"(3, 5)",50
8/1b1w1w2/w1b2b2/3bb1b1/w1w1bw2/b4b2/1w1w2b1/5wbw w,"(4, 4)",100,1
b7/2wb4/b2ww3/1w1b4/2b5/3bb1w1/7b/1w3w2 w,"(4, 4)",0
b7/2wb4/b2ww3/1w1b4/2b5/3bb1w1/7b/1w3w2 b,"(5, 5)",0
b7/2wb4/b2ww3/1w1b4/2bbw3/3bb1w1/7b/1w3w2 w,"(4, 5)",50
b7/2wb4/b2ww3/1w1b4/2bbw3/3bb1w1/7b/1w3w2 b,"(5, 4)",-50
bb6/2wb4/b2ww3/1w1bw3/2bbw3/3bb1w1/7b/1w3w2 w,"(2, 1)",50
bb6/2wb4/b2ww3/1w1bw3/2bbw3/3bb1w1/7b/1w3w2 b,"(4, 7)",-50
bb6/2wbb3/b2ww3/1w1bw3/2bbw3/3bb1w1/3w3b/1w3w2 w,"(5, 2)",-50
bb6/2wbb3/b2ww3/1w1bw3/2bbw3/3bb1w1/3w3b/1w3w2 b,"(6, 5)",-100,-1
5ww1/bb6/w1b1w3/4w1bw/7b/1wb3bb/w1b2w2/1b6 b,"(4, 4)",-50
5ww1/bb6/w1b1w3/3ww1bw/2b4b/1wb3bb/w1b2w2/1b6 w,"(3, 5)",50
5ww1/bb6/w1b1w3/3ww1bw/2b4b/1wb3bb/w1b2w2/1b6 b,"(3, 4)",-50
5ww1/bb6/w1b1w3/1bwww1bw/2b4b/1wb3bb/w1b2w2/1b6 w,"(2, 4)",50
5ww1/bb6/w1b1w3/1bwww1bw/2b4b/1wb3bb/w1b2w2/1b6 b,"(3, 8)",-50
5ww1/bb3b2/w1b1w3/1bwww1bw/2b4b/1wb3bb/w1b2w2/1bw5 w,"(6, 2)",-50
5ww1/bb3b2/w1b1w3/1bwww1bw/2b4b/1wb3bb/w1b2w2/1bw5 b,"(6, 4)",-100,-1
w2wb1bw/1bw4w/w2w2b1/b1w2bw1/1ww2w2/b1bbb2b/b3b3/2wbwwbb w,"(1, 6)",50
w2wb1bw/1bw4w/w2w2b1/b1w2bw1/1ww2w2/b1bbb2b/b3b3/2wbwwbb b,"(1, 5)",-50
w2wb1bw/1bw4w/w2w2b1/b1w2bw1/www2w2/bbbbb2b/b3b3/2wbwwbb w,"(2, 6)",100,1
5b2/8/8/8/2b1w3/8/8/8 b,"(3, 4)",0
5b2/8/8/2w1b3/2b1w3/8/8/8 w,"(5, 4)",0
5b2/8/8/2w1b3/2b1w3/8/8/8 b,"(4, 6)",0
5b2/8/8/2wbb3/2b1w3/3w4/8/8 w,"(4, 4)",0
5b2/8/8/2wbb3/2b1w3/3w4/8/8 b,"(4, 3)",0
5b2/8/3w4/2wbbb2/2b1w3/3w4/8/8 w,"(6, 4)",50
5b2/8/3w4/2wbbb2/2b1w3/3w4/8/8 b,"(6, 5)",50
5b2/8/3w4/2wbbbb1/2b1ww2/3w4/8/8 w,"(7, 4)",100,1
2b2b2/b4w2/4b1bw/2w5/2w5/8/3w4/1b6 b,"(4, 3)",0
2b2b2/b4w2/3wb1bw/2w5/2wb4/8/3w4/1b6 w,"(4, 5)",0
2b2b2/b4w2/3wb1bw/2w5/2wb4/8/3w4/1b6 b,"(4, 6)",0
2b2b2/b4w2/3wb1bw/2wb4/2wb4/3w4/3w4/1b6 w,"(4, 4)",0
2b2b2/b4w2/3wb1bw/2wb4/2wb4/3w4/3w4/1b6 b,"(6, 5)",0
2b2b2/b4w2/3wb1bw/1bwb4/2wb1w2/3w4/3w4/1b6 w,"(2, 4)",0
2b2b2/b4w2/3wb1bw/1bwb4/2wb1w2/3w4/3w4/1b6 b,"(5, 4)",-50
2b2b2/b1b2w2/3wb1bw/1bwbw3/2wb1w2/3w4/3w4/1b6 w,"(3, 2)",-50
2b2b2/b1b2w2/3wb1bw/1bwbw3/2wb1w2/3w4/3w4/1b6 b,"(7, 6)",-100,-1
8/4w3/7b/2b5/7w/1b6/1b4w1/8 b,"(5, 4)",0
8/4w3/7b/2bbw3/7w/1b6/1b4w1/8 w,"(4, 4)",0
8/4w3/7b/2bbw3/7w/1b6/1b4w1/8 b,"(3, 5)",0
8/4w3/4b2b/2bbw3/2w4w/1b6/1b4w1/8 w,"(5, 3)",0
8/4w3/4b2b/2bbw3/2w4w/1b6/1b4w1/8 b,"(5, 5)",0
8/4w3/4b2b/2bbw3/2w1w2w/1b2b3/1b4w1/8 w,"(5, 6)",0
8/4w3/4b2b/2bbw3/2w1w2w/1b2b3/1b4w1/8 b,"(4, 5)",-50
8/4w3/4b2b/2bbw3/1bwww2w/1b2b3/1b4w1/8 w,"(2, 5)",50
8/4w3/4b2b/2bbw3/1bwww2w/1b2b3/1b4w1/8 b,"(2, 4)",-50
8/4w3/4b2b/1wbbw3/1bwww2w/1b2b3/1b4w1/1b6 w,"(2, 8)",100,1
5wbb/3w4/1bb4w/3w2w1/w2b3b/w1b1b3/2w2b2/3b1wbw w,"(4, 5)",100,1
1w1b1wb1/b2w2wb/w1bw3w/b6w/bb1w1wb1/1ww1bb2/bww2bbb/3w1b2 w,"(1, 5)",50
1w1b1wb1/b2w2wb/w1bw3w/b6w/bb1w1wb1/1ww1bb2/bww2bbb/3w1b2 b,"(1, 6)",-50
1w1b1wb1/b2w2wb/w1bw3w/b6w/bb1w1wb1/www1bb2/bww2bbb/b2w1b2 w,"(1, 8)",50
1w1b1wb1/b2w2wb/w1bw3w/b6w/bb1w1wb1/www1bb2/bww2bbb/b2w1b2 b,"(4, 4)",-100,-1
1w4b1/bw2w3/1w1w2w1/bbb2b2/w1b4w/1w4b1/2bwb3/1b6 w,"(2, 4)",50
1w4b1/bw2w3/1w1w2w1/bbb2b2/w1b4w/1w4b1/2bwb3/1b6 b,"(3, 6)",50
1w4b1/bw2w3/1w1w2w1/bbbb1b2/w1b4w/1ww3b1/2bwb3/1b6 w,"(4, 4)",100,1
6b1/8/2bw1wb1/8/5w2/w4b2/3b4/8 b,"(4, 4)",0
6b1/8/2bw1wb1/3wb3/5w2/w4b2/3b4/8 w,"(5, 4)",0
6b1/8/2bw1wb1/3wb3/5w2/w4b2/3b4/8 b,"(4, 5)",-50
6b1/3b4/2bw1wb1/3wb3/3w1w2/w4b2/3b4/8 w,"(4, 2)",-50
6b1/3b4/2bw1wb1/3wb3/3w1w2/w4b2/3b4/8 b,"(4, 6)",-100,-1
1ww2bwb/w2bb2w/3w4/b2w4/2bw1bb1/7w/1w1bb3/5b2 w,"(4, 2)",50
1ww2bwb/w2bb2w/3w4/b2w4/2bw1bb1/7w/1w1bb3/5b2 b,"(4, 6)",-100,-1
b1w2w2/b7/8/3w4/8/5b2/6bw/2b5 b,"(5, 4)",0
b1w2w2/b7/8/3ww3/3b4/5b2/6bw/2b5 w,"(4, 5)",0
b1w2w2/b7/8/3ww3/3b4/5b2/6bw/2b5 b,"(5, 5)",0
b1w2w2/b7/8/2bww3/3bw3/5b2/6bw/2b5 w,"(3, 4)",50
b1w2w2/b7/8/2bww3/3bw3/5b2/6bw/2b5 b,"(3, 5)",50
b1w2w2/b7/1b6/2bww3/2wbw3/5b2/6bw/2b5 w,"(2, 3)",100,1
7b/6b1/w1w5/8/8/1b6/1b3w2/8 b,"(3, 4)",0
7b/6b1/w1w5/2w5/3b4/1b6/1b3w2/8 w,"(4, 5)",0
7b/6b1/w1w5/2w5/3b4/1b6/1b3w2/8 b,"(4, 4)",0
7b/6b1/w1w5/2wwb3/3b4/1b6/1b3w2/8 w,"(5, 4)",50
7b/6b1/w1w5/2wwb3/3b4/1b6/1b3w2/8 b,"(3, 6)",-50
7b/6b1/w1w5/2wwb3/2bb4/1bw5/1b3w2/8 w,"(3, 5)",50
7b/6b1/w1w5/2wwb3/2bb4/1bw5/1b3w2/8 b,"(4, 6)",50
7b/6b1/w1w2b2/2wwb3/2bb4/1bww4/1b3w2/8 w,"(6, 3)",100,1
1bb1b2w/b1b2w2/bw2w1b1/bw2w2b/bb1wbbw1/8/w6w/w1w2w1b w,"(1, 2)",100,1
8/8/8/8/8/8/1b1b4/1w6 b,"(4, 5)",0
8/8/8/3b4/3w4/8/1b1b4/1w6 w,"(4, 4)",0
8/8/8/3b4/3w4/8/1b1b4/1w6 b,"(4, 3)",0
8/8/3w4/3b4/3wb3/8/1b1b4/1w6 w,"(5, 5)",0
8/8/3w4/3b4/3wb3/8/1b1b4/1w6 b,"(5, 4)",0
8/8/3w4/3bw3/2bwb3/8/1b1b4/1w6 w,"(3, 5)",0
8/8/3w4/3bw3/2bwb3/8/1b1b4/1w6 b,"(4, 6)",0
8/8/3w4/3bw3/2bwbb2/3w4/1b1b4/1w6 w,"(6, 5)",0
8/8/3w4/3bw3/2bwbb2/3w4/1b1b4/1w6 b,"(2, 4)",0
8/8/3w4/1w1bw3/1bbwbb2/3w4/1b1b4/1w6 w,"(2, 5)",0
8/8/3w4/1w1bw3/1bbwbb2/3w4/1b1b4/1w6 b,"(6, 4)",0
8/8/2bw4/1w1bww2/1bbwbb2/3w4/1b1b4/1w6 w,"(3, 3)",50
8/8/2bw4/1w1bww2/1bbwbb2/3w4/1b1b4/1w6 b,"(2, 2)",50
8/1w6/2bw4/1w1bww2/1bbwbb2/3w1b2/1b1b4/1w6 w,"(6, 6)",100,1
5b2/8/3b4/1w1ww3/w1b5/2b2w2/1b6/b3b1w1 b,"(3, 4)",-100,-1
8/5b2/3w1w2/8/4b3/b5b1/4b2w/5w2 b,"(4, 5)",0
8/5b2/3w1w2/4b3/3wb3/b5b1/4b2w/5w2 w,"(5, 4)",50
8/5b2/3w1w2/4b3/3wb3/b5b1/4b2w/5w2 b,"(3, 4)",50
8/5b2/3w1w2/2w1b3/3wb3/b3b1b1/4b2w/5w2 w,"(5, 6)",100,1
www3b1/3b1bw1/w7/6w1/b1w1wb2/1w2b1w1/1b1b2b1/1b2b3 b,"(3, 8)",-50
www3b1/3b1bw1/w7/6w1/b1wbwb2/1w2b1w1/1b1b2b1/1bw1b3 w,"(4, 5)",-50
www3b1/3b1bw1/w7/6w1/b1wbwb2/1w2b1w1/1b1b2b1/1bw1b3 b,"(4, 1)",-100,-1
w5b1/6w1/1bwwbb1w/w4w1b/5b2/w3b3/1b1b4/8 b,"(3, 8)",50
w5b1/6w1/1bwwbb1w/w4wbb/5b2/w3b3/1b1b4/2w5 w,"(7, 4)",100,1
w2b2w1/1b1ww3/b1bw3b/8/2w1w3/7b/b3b1b1/ww3b2 b,"(4, 4)",-50
w2b2w1/1b1ww3/b1bw3b/3w4/2wbw3/7b/b3b1b1/ww3b2 w,"(4, 5)",0
w2b2w1/1b1ww3/b1bw3b/3w4/2wbw3/7b/b3b1b1/ww3b2 b,"(5, 4)",-50
w2b2w1/1b1ww3/b1bw3b/2bww3/2wbw3/7b/b3b1b1/ww3b2 w,"(3, 4)",-50
w2b2w1/1b1ww3/b1bw3b/2bww3/2wbw3/7b/b3b1b1/ww3b2 b,"(5, 3)",-100,-1
1b3www/b2b4/2w3b1/bw1b1bbb/1w2wb2/4ww2/2w2bb1/w2wb3 b,"(5, 1)",-100,-1
b1bb2ww/8/3wb2w/bb1w1b2/8/1b6/1w6/w3b2w b,"(2, 1)",50
bwbb2ww/3b4/3wb2w/bb1w1b2/8/1b6/1w6/w3b2w w,"(4, 2)",100,1
1bw5/bw2b1w1/1bb4w/bwwwbbw1/ww2b1w1/w2w4/3bb2w/b2b1bb1 b,"(4, 3)",-100,-1
1w1wb2w/5b1b/w1b1b3/1b3wb1/8/2w1bb1w/w1wb1b1w/4w2b b,"(4, 2)",50
1w1wb2w/3w1b1b/w1b1b3/1b3wb1/5b2/2w1bb1w/w1wb1b1w/4w2b w,"(6, 5)",100,1
8/2w1ww2/bbwb1wb1/bb3wwb/bw1wb3/1wb1bbb1/1bb2w2/ww1wb2w b,"(1, 2)",-50
8/w1w1ww2/bbwb1wb1/bb3wwb/bw1wb3/bwb1bbb1/1bb2w2/ww1wb2w w,"(1, 6)",100,1
6b1/2b3b1/7b/4wbw1/4bw1b/b1ww3w/b3wb1w/5w2 b,"(3, 5)",-100,-1
4bb2/2bw3w/3bb1w1/b2bw3/3w2ww/3w4/2w1w3/bbb1wb1b b,"(4, 8)",-50
4bb2/2bw3w/3bb1w1/b2bw3/3w2ww/3w4/2wbw3/bbbwwb1b w,"(4, 7)",-50
4bb2/2bw3w/3bb1w1/b2bw3/3w2ww/3w4/2wbw3/bbbwwb1b b,"(6, 6)",-100,-1
b5w1/2bw2w1/8/5bw1/3bb2w/4w1b1/7b/3b3w w,"(5, 5)",-50
b5w1/2bw2w1/8/5bw1/3bb2w/4w1b1/7b/3b3w b,"(7, 3)",-100,-1
w2b1bb1/bwbb4/5b1w/6bw/8/2b1b1w1/wbww4/2ww4 w,"(2, 7)",50
w2b1bb1/bwbb4/5b1w/6bw/8/2b1b1w1/wbww4/2ww4 b,"(5, 1)",50
w2bwbb1/bwbbb3/5b1w/6bw/8/2b1b1w1/wbww4/2ww4 w,"(5, 2)",100,1
8/8/8/2b5/8/8/8/8 w,"(3, 4)",0
8/8/8/2b5/8/8/8/8 b,"(5, 5)",0
8/8/8/2b5/2b1w3/8/8/8 w,"(3, 5)",0
8/8/8/2b5/2b1w3/8/8/8 b,"(4, 6)",0
8/8/3b4/2b5/2b1w3/3w4/8/8 w,"(4, 3)",0
8/8/3b4/2b5/2b1w3/3w4/8/8 b,"(4, 4)",0
8/8/3bb3/2bw4/2b1w3/3w4/8/8 w,"(5, 3)",0
8/8/3bb3/2bw4/2b1w3/3w4/8/8 b,"(4, 5)",-50
8/8/3bb3/2bw1b2/2bww3/3w4/8/8 w,"(6, 4)",-50
8/8/3bb3/2bw1b2/2bww3/3w4/8/8 b,"(4, 7)",-100,-1
1bw3b1/3w1bb1/4b3/1w1b4/3w3b/bwb5/w3w1w1/2bbw2w w,"(5, 3)",100,1
1wb5/1w6/4w3/b5b1/1bb2wbw/2b4w/3b4/2w2bw1 w,"(3, 6)",100,1
3bw2w/1wb4w/2w1bb1w/1bw3bb/bw6/wbb1bb1w/b2wbw2/1bw1w3 b,"(4, 3)",-100,-1
1b6/2b5/1w6/8/8/4b1w1/3w4/4b3 b,"(5, 4)",0
1b6/2b5/1w6/4w3/4b3/4b1w1/3w4/4b3 w,"(5, 5)",50
1b6/2b5/1w6/4w3/4b3/4b1w1/3w4/4b3 b,"(3, 4)",50
1b6/2b5/1w6/2w1w3/4b3/4b1w1/3wb3/4b3 w,"(5, 7)",100,1
5w1b/1w1b3b/8/4b3/1b4w1/b1w1w3/3b4/w1w1bwb1 w,"(5, 4)",0
5w1b/1w1b3b/8/4b3/1b4w1/b1w1w3/3b4/w1w1bwb1 b,"(3, 5)",-50
5w1b/1w1b3b/8/4b3/1bw1b1w1/b1w1w3/3b4/w1w1bwb1 w,"(5, 5)",-50
5w1b/1w1b3b/8/4b3/1bw1b1w1/b1w1w3/3b4/w1w1bwb1 b,"(3, 7)",-100,-1
2w5/2ww4/8/w1w4b/bb3b2/2w5/b5b1/7b b,"(3, 3)",-100,-1
1w3wb1/3b2b1/w7/2www2w/1bw5/3bb1b1/wb1bb1w1/b4bw1 b,"(2, 4)",-100,-1
wbw1w1b1/wbwww2b/b2wbww1/ww3bb1/1w1b3b/b4b2/3b1bb1/w3wb2 b,"(3, 3)",-100,-1
5w1b/w5b1/5b2/7w/2w3w1/2b1b3/1bbww3/1b6 b,"(5, 4)",-50
5w1b/w5b1/5b2/4w2w/2w3w1/2b1bb2/1bbww3/1b6 w,"(6, 6)",50
5w1b/w5b1/5b2/4w2w/2w3w1/2b1bb2/1bbww3/1b6 b,"(4, 6)",-50
5w1b/w5b1/5b2/1b2w2w/2w3w1/2bwbb2/1bbww3/1b6 w,"(2, 4)",-50
5w1b/w5b1/5b2/1b2w2w/2w3w1/2bwbb2/1bbww3/1b6 b,"(6, 8)",-100,-1
7b/3w1b2/1w6/3bb2b/3w1bw1/w3b3/2w5/wb6 w,"(4, 4)",0
7b/3w1b2/1w6/3bb2b/3w1bw1/w3b3/2w5/wb6 b,"(5, 5)",0
7b/3w1b2/1w6/2bbb2b/3wwbw1/w3b3/2w5/wb6 w,"(3, 4)",50
7b/3w1b2/1w6/2bbb2b/3wwbw1/w3b3/2w5/wb6 b,"(2, 4)",50
7b/3w1b2/1w6/1wbbbb1b/3wwbw1/w3b3/2w5/wb6 w,"(6, 4)",100,1
1b5w/wb1w1wb1/1bb2w2/bwbbw1wb/w2bbw1b/1bw4b/5w1w/3w1b2 w,"(3, 3)",100,1
b4bwb/4b2b/1b3w1w/w1b5/wbww2wb/1w2b3/1b4b1/3ww3 b,"(3, 7)",-100,-1
8/8/8/3b4/8/8/8/8 w,"(4, 4)",0
8/8/8/3b4/8/8/8/8 b,"(4, 5)",0
8/8/8/3b4/2bw4/8/8/8 w,"(3, 5)",0
8/8/8/3b4/2bw4/8/8/8 b,"(4, 6)",0
8/8/8/3b4/2bwb3/3w4/8/8 w,"(5, 5)",0
8/8/8/3b4/2bwb3/3w4/8/8 b,"(4, 3)",0
8/8/3w4/3bb3/2bwb3/3w4/8/8 w,"(5, 4)",0
8/8/3w4/3bb3/2bwb3/3w4/8/8 b,"(6, 4)",0
8/8/3w4/2bbbw2/2bwb3/3w4/8/8 w,"(3, 4)",50
8/8/3w4/2bbbw2/2bwb3/3w4/8/8 b,"(2, 4)",1
8/8/3wb3/1wbbbw2/2bwb3/3w4/8/8 w,"(5, 3)",50
8/8/3wb3/1wbbbw2/2bwb3/3w4/8/8 b,"(2, 6)",50
8/4b3/3wb3/1wbbbw2/2bwb3/1w1w4/8/8 w,"(5, 2)",100,1
1w2w1bb/2b5/7b/5bb1/2bw2b1/2b1w3/w1bw2w1/w1w2b1w b,"(3, 4)",-50
1w2w1bb/2b5/1b5b/2w2bb1/2bw2b1/2b1w3/w1bw2w1/w1w2b1w w,"(2, 3)",-50
1w2w1bb/2b5/1b5b/2w2bb1/2bw2b1/2b1w3/w1bw2w1/w1w2b1w b,"(6, 5)",-100,-1
ww1b2bb/b1w1w1bb/8/b1wb4/w7/1ww1wb1b/w1bb1w1w/2bw1b2 w,"(3, 7)",-50
ww1b2bb/b1w1w1bb/8/b1wb4/w7/1ww1wb1b/w1bb1w1w/2bw1b2 b,"(4, 5)",-100,-1
1b2b1w1/wbb2bb1/1bwwbbw1/3bb3/4w1wb/b6w/ww3b2/1w2w2w b,"(2, 4)",50
1b2b1w1/wbb2bb1/1bwwbbw1/1w1bb3/2b1w1wb/b6w/ww3b2/1w2w2w w,"(3, 5)",100,1
5w2/8/8/1bwb1w2/4b3/w1w5/w3b3/b2b3b b,"(4, 6)",-50
5w2/8/8/1bwbbw2/4b3/w1ww4/w3b3/b2b3b w,"(5, 4)",50
5w2/8/8/1bwbbw2/4b3/w1ww4/w3b3/b2b3b b,"(2, 6)",-100,-1
2b1w1ww/1b2w1ww/3bwbb1/w1b1b3/2b4w/b1ww1bb1/4b1wb/1w2wb1b b,"(2, 5)",-50
2b1w1ww/1b2w1ww/3bwbb1/w1b1b3/1wb4w/b1ww1bb1/3bb1wb/1w2wb1b w,"(4, 7)",50
2b1w1ww/1b2w1ww/3bwbb1/w1b1b3/1wb4w/b1ww1bb1/3bb1wb/1w2wb1b b,"(6, 1)",-100,-1
3b2w1/b1wbww2/3b3b/1w3ww1/7w/4bb2/4b3/wbb5 w,"(4, 2)",50
3b2w1/b1wbww2/3b3b/1w3ww1/7w/4bb2/4b3/wbb5 b,"(4, 4)",-50
3b2w1/b1wbww2/3bb2b/1w1w1ww1/7w/4bb2/4b3/wbb5 w,"(5, 3)",-50
3b2w1/b1wbww2/3bb2b/1w1w1ww1/7w/4bb2/4b3/wbb5 b,"(5, 4)",-100,-1
2b1w2b/1bww1ww1/2w1wb2/1b1w4/b1b1b2b/3bb3/1w5w/4b2w w,"(3, 5)",50
2b1w2b/1bww1ww1/2w1wb2/1b1w4/b1b1b2b/3bb3/1w5w/4b2w b,"(1, 3)",-50
2b1w2b/1bwwbww1/w1w1wb2/1b1w4/b1b1b2b/3bb3/1w5w/4b2w w,"(5, 2)",50
2b1w2b/1bwwbww1/w1w1wb2/1b1w4/b1b1b2b/3bb3/1w5w/4b2w b,"(5, 7)",-50
2b1w1bb/1bwwbww1/w1w1wb2/1b1w4/b1b1b2b/3bb3/1w2w2w/4b2w w,"(7, 1)",50
2b1w1bb/1bwwbww1/w1w1wb2/1b1w4/b1b1b2b/3bb3/1w2w2w/4b2w b,"(4, 5)",-50
2b1w1bb/1bwwbww1/w1wbwb2/1b1w4/b1bwb2b/3bb3/1w2w2w/4b2w w,"(4, 3)",50
2b1w1bb/1bwwbww1/w1wbwb2/1b1w4/b1bwb2b/3bb3/1w2w2w/4b2w b,"(6, 4)",-50
2b1w1bb/1bwwbww1/w1wbwb2/1b1w1wb1/b1bwb2b/3bb3/1w2w2w/4b2w w,"(7, 4)",100,1
8/b7/8/5w2/8/8/8/5b2 b,"(4, 4)",0
8/b7/8/3w1w2/4b3/8/8/5b2 w,"(5, 5)",0
8/b7/8/3w1w2/4b3/8/8/5b2 b,"(3, 5)",0
8/b7/8/2bw1w2/2w1b3/8/8/5b2 w,"(3, 4)",0
8/b7/8/2bw1w2/2w1b3/8/8/5b2 b,"(4, 6)",0
8/b7/8/2bw1w2/2wbb3/3w4/8/5b2 w,"(4, 5)",50
8/b7/8/2bw1w2/2wbb3/3w4/8/5b2 b,"(5, 6)",50
8/b7/1b6/2bw1w2/2wbb3/3ww3/8/5b2 w,"(2, 3)",100,1
8/8/2w4b/1b2b3/w3b3/4ww2/4b2w/4b3 b,"(4, 4)",0
8/8/2w4b/1bbwb3/w3b3/4ww2/4b2w/4b3 w,"(3, 4)",0
8/8/2w4b/1bbwb3/w3b3/4ww2/4b2w/4b3 b,"(4, 3)",0
8/8/2ww3b/1bbwb3/w2bb3/4ww2/4b2w/4b3 w,"(4, 5)",0
8/8/2ww3b/1bbwb3/w2bb3/4ww2/4b2w/4b3 b,"(6, 4)",0
8/8/2ww3b/1bbwbw2/w1bbb3/4ww2/4b2w/4b3 w,"(3, 5)",50
8/8/2ww3b/1bbwbw2/w1bbb3/4ww2/4b2w/4b3 b,"(2, 5)",50
8/8/2ww3b/1bbwbw2/wwbbb3/3bww2/4b2w/4b3 w,"(4, 6)",100,1
bwb4w/w2bww2/2w1b1wb/b2w1bb1/w1bw1w2/bb2bb1b/1b3bww/1w1bw2w w,"(6, 4)",100,1
8/8/w2b4/4b3/3b3b/2w1bw1w/8/8 w,"(4, 5)",0
8/8/w2b4/4b3/3b3b/2w1bw1w/8/8 b,"(3, 5)",0
8/8/w2b4/3bb3/2wb3b/2w1bw1w/8/8 w,"(4, 4)",50
8/8/w2b4/3bb3/2wb3b/2w1bw1w/8/8 b,"(4, 2)",50
8/3w4/w2b4/3bb3/2wb3b/2wbbw1w/8/8 w,"(4, 6)",100,1
8/3w4/6w1/2b5/6b1/3b4/8/8 w,"(3, 4)",0
8/3w4/6w1/2b5/6b1/3b4/8/8 b,"(3, 5)",0
8/3w4/6w1/2b1b3/2w3b1/3b4/8/8 w,"(5, 4)",0
8/3w4/6w1/2b1b3/2w3b1/3b4/8/8 b,"(4, 5)",0
8/3w4/6w1/2bbb3/2ww2b1/3b4/8/8 w,"(4, 4)",50
8/3w4/6w1/2bbb3/2ww2b1/3b4/8/8 b,"(2, 4)",50
8/3w4/6w1/1wbbbb2/2ww2b1/3b4/8/8 w,"(6, 4)",100,1
2wbb1b1/w1b3w1/w1b5/2b4w/1b1bb2w/2bw1bbw/2w1w1b1/1wb1w1w1 b,"(3, 5)",-50
2wbb1b1/w1b3w1/w1b5/1bb4w/1bwbb2w/2bw1bbw/2w1w1b1/1wb1w1w1 w,"(2, 4)",50
2wbb1b1/w1b3w1/w1b5/1bb4w/1bwbb2w/2bw1bbw/2w1w1b1/1wb1w1w1 b,"(4, 2)",-50
2wbb1b1/w1bw2w1/w1b5/1bbb3w/1bwbb2w/2bw1bbw/2w1w1b1/1wb1w1w1 w,"(4, 4)",100,1
3bw3/1bw1w3/8/8/2b5/2b4w/2b5/1wbbw3 w,"(3, 5)",100,1
8/8/2w5/ww2b3/2b4b/b5w1/w4b1w/6bb w,"(3, 5)",0
8/8/2w5/ww2b3/2b4b/b5w1/w4b1w/6bb b,"(4, 4)",-50
8/8/2w5/ww1wb3/2bb3b/b5w1/w4b1w/6bb w,"(4, 5)",50
8/8/2w5/ww1wb3/2bb3b/b5w1/w4b1w/6bb b,"(3, 4)",-100,-1
3w4/6b1/2b5/4b3/2w1wbw1/7w/5b2/7b b,"(3, 4)",0
3w4/6b1/2b1b3/2w1b3/2w1wbw1/7w/5b2/7b w,"(5, 3)",0
3w4/6b1/2b1b3/2w1b3/2w1wbw1/7w/5b2/7b b,"(5, 6)",0
3w4/6b1/2bbb3/2w1b3/2w1wbw1/4w2w/5b2/7b w,"(4, 3)",50
3w4/6b1/2bbb3/2w1b3/2w1wbw1/4w2w/5b2/7b b,"(2, 3)",-50
3w4/2b3b1/1wbbb3/2w1b3/2w1wbw1/4w2w/5b2/7b w,"(3, 2)",100,1
wb1wbw1w/1w2w1wb/w5w1/1bb1ww2/2b5/3b2b1/3bbw2/1bb1b3 w,"(4, 6)",100,1
2w2bb1/7b/1w3w2/bbw3w1/bb3w2/5w2/1w5b/b3wb2 b,"(6, 4)",-100,-1
8/8/8/8/3b4/8/8/8 w,"(4, 5)",0
8/8/8/8/3b4/8/8/8 b,"(3, 5)",0
8/8/8/3b4/2wb4/8/8/8 w,"(4, 4)",0
8/8/8/3b4/2wb4/8/8/8 b,"(5, 4)",0
8/8/4b3/3bw3/2wb4/8/8/8 w,"(5, 3)",0
8/8/4b3/3bw3/2wb4/8/8/8 b,"(4, 6)",0
8/8/3bb3/3bw3/2wb4/3w4/8/8 w,"(4, 3)",50
8/8/3bb3/3bw3/2wb4/3w4/8/8 b,"(5, 6)",50
8/3b4/3bb3/3bw3/2wb4/3ww3/8/8 w,"(4, 2)",100,1
6b1/8/8/b7/1w1b4/8/2w5/3w1b2 b,"(4, 4)",0
6b1/8/8/b2w4/1wbb4/8/2w5/3w1b2 w,"(3, 5)",0
6b1/8/8/b2w4/1wbb4/8/2w5/3w1b2 b,"(3, 4)",0
6b1/8/3b4/b1ww4/1wbb4/8/2w5/3w1b2 w,"(4, 3)",0
6b1/8/3b4/b1ww4/1wbb4/8/2w5/3w1b2 b,"(5, 4)",-50
6b1/8/3b4/bbwww3/1wbb4/8/2w5/3w1b2 w,"(2, 4)",-50
6b1/8/3b4/bbwww3/1wbb4/8/2w5/3w1b2 b,"(6, 4)",-100,-1
b3b1b1/w2w3w/w2w4/ww2w1bb/1ww3b1/b1w1b2b/4b2w/1bw1b1bb b,"(1, 5)",-100,-1
1b2b1w1/2w5/1b1bw2b/w1w2w2/3b3w/2w1bw2/1w2w2b/b1b1bb2 b,"(4, 8)",-50
1b2b1w1/2w5/1b1bw2b/w1wb1w2/3b3w/2w1bw2/1w2w2b/b1bwbb2 w,"(4, 4)",50
1b2b1w1/2w5/1b1bw2b/w1wb1w2/3b3w/2w1bw2/1w2w2b/b1bwbb2 b,"(4, 2)",-50
1bb1b1w1/2ww4/1b1bw2b/w1wb1w2/3b3w/2w1bw2/1w2w2b/b1bwbb2 w,"(3, 1)",50
1bb1b1w1/2ww4/1b1bw2b/w1wb1w2/3b3w/2w1bw2/1w2w2b/b1bwbb2 b,"(4, 1)",-50
1bbwb1w1/2ww4/1b1bw2b/w1wb1w2/3b3w/2wbbw2/1w2w2b/b1bwbb2 w,"(4, 6)",100,1
3b4/3w4/7b/4bw2/2w5/w7/8/b5b1 w,"(5, 4)",0
3b4/3w4/7b/4bw2/2w5/w7/8/b5b1 b,"(4, 3)",0
3b4/3w4/3w3b/4bw2/2wb4/w7/8/b5b1 w,"(4, 5)",0
3b4/3w4/3w3b/4bw2/2wb4/w7/8/b5b1 b,"(4, 4)",0
3b4/3w4/3w3b/3wbw2/2wb4/w3b3/8/b5b1 w,"(5, 6)",50
3b4/3w4/3w3b/3wbw2/2wb4/w3b3/8/b5b1 b,"(5, 3)",-50
3b4/3w4/3ww2b/3wbw2/2wb4/wb2b3/8/b5b1 w,"(2, 6)",50
3b4/3w4/3ww2b/3wbw2/2wb4/wb2b3/8/b5b1 b,"(3, 1)",-100,-1
wwbbw3/2w1ww2/w1b3b1/1w1w2b1/2bbw1w1/b2wbw2/wwb1b1bb/1b1bwb1b w,"(3, 5)",50
wwbbw3/2w1ww2/w1b3b1/1w1w2b1/2bbw1w1/b2wbw2/wwb1b1bb/1b1bwb1b b,"(4, 2)",-100,-1
b7/wb2www1/b4b1w/2ww4/4wb2/1wb2b1b/4w3/bb3b2 b,"(4, 2)",-100,-1
6w1/8/8/8/4b3/4w3/3b4/5b2 w,"(5, 5)",0
6w1/8/8/8/4b3/4w3/3b4/5b2 b,"(4, 5)",0
6w1/8/3b4/8/3wb3/4w3/3b4/5b2 w,"(4, 3)",0
6w1/8/3b4/8/3wb3/4w3/3b4/5b2 b,"(5, 4)",0
6w1/8/3bb3/4w3/3wb3/4w3/3b4/5b2 w,"(5, 3)",0
6w1/8/3bb3/4w3/3wb3/4w3/3b4/5b2 b,"(3, 5)",0
6w1/8/3bb3/4w3/2wwbb2/4w3/3b4/5b2 w,"(6, 5)",0
6w1/8/3bb3/4w3/2wwbb2/4w3/3b4/5b2 b,"(4, 6)",0
6w1/8/3bb3/4wb2/2wwbb2/3ww3/3b4/5b2 w,"(6, 4)",0
6w1/8/3bb3/4wb2/2wwbb2/3ww3/3b4/5b2 b,"(4, 4)",0
6w1/8/3bb3/3wwb2/1bwwbb2/3ww3/3b4/5b2 w,"(2, 5)",0
6w1/8/3bb3/3wwb2/1bwwbb2/3ww3/3b4/5b2 b,"(3, 4)",-50
6w1/8/1b1bb3/2wwwb2/1bwwbb2/3ww3/3b4/5b2 w,"(2, 3)",50
6w1/8/1b1bb3/2wwwb2/1bwwbb2/3ww3/3b4/5b2 b,"(2, 4)",-100,-1
7w/8/3b4/6wb/2wb1w2/2b4w/1b6/b2b3w w,"(1, 8)",100,1
8/6bb/8/2w5/2b4w/b7/5w2/8 w,"(3, 5)",0
8/6bb/8/2w5/2b4w/b7/5w2/8 b,"(5, 4)",0
8/6bb/8/2w1w3/2b1b2w/b7/5w2/8 w,"(5, 5)",0
8/6bb/8/2w1w3/2b1b2w/b7/5w2/8 b,"(4, 4)",-50
8/6bb/8/1bwww3/2b1b2w/b7/5w2/8 w,"(2, 4)",-50
8/6bb/8/1bwww3/2b1b2w/b7/5w2/8 b,"(6, 4)",-100,-1
2w1wb2/bbbw4/4b2w/w3b1w1/3w2b1/1bwbw3/ww1w2b1/bb5b w,"(1, 8)",-50
2w1wb2/bbbw4/4b2w/w3b1w1/3w2b1/1bwbw3/ww1w2b1/bb5b b,"(2, 5)",-100,-1
1w1w3w/w1b4b/b2wwb2/bb1b1bb1/wb1bww2/w2w1w2/w1wbwb2/b1w2bbb w,"(1, 8)",50
1w1w3w/w1b4b/b2wwb2/bb1b1bb1/wb1bww2/w2w1w2/w1wbwb2/b1w2bbb b,"(2, 8)",-100,-1
8/8/wb6/8/2b5/7w/7b/5w1b b,"(4, 4)",0
8/8/wb6/3w4/2bb4/7w/7b/5w1b w,"(4, 5)",0
8/8/wb6/3w4/2bb4/7w/7b/5w1b b,"(4, 3)",0
8/8/wb1w4/2bw4/2bb4/7w/7b/5w1b w,"(3, 4)",50
8/8/wb1w4/2bw4/2bb4/7w/7b/5w1b b,"(1, 2)",50
8/w7/wb1w4/2bw4/2bb4/4b2w/7b/5w1b w,"(5, 6)",100,1
8/8/8/8/1bw2b2/8/4w1b1/8 b,"(5, 5)",0
8/8/3b4/8/1bw1wb2/8/4w1b1/8 w,"(4, 3)",0
8/8/3b4/8/1bw1wb2/8/4w1b1/8 b,"(4, 6)",-50
8/8/3b4/1b6/1bw1wb2/3w4/4w1b1/8 w,"(2, 4)",-50
8/8/3b4/1b6/1bw1wb2/3w4/4w1b1/8 b,"(6, 8)",-100,-1
w5w1/3b1w2/1w4ww/2b1w3/7b/2b3b1/8/bwb1bbwb b,"(4, 8)",50
w5w1/3b1w2/1w4ww/2b1w3/7b/2b3b1/5b2/bwbwbbwb w,"(6, 7)",100,1
w2b2w1/8/b1b3ww/2bbw3/w2b3w/6w1/b1w1b3/5b1b b,"(5, 3)",-50
w2b2w1/8/b1b1wbww/2bbw3/w2b3w/6w1/b1w1b3/5b1b w,"(6, 3)",0
w2b2w1/8/b1b1wbww/2bbw3/w2b3w/6w1/b1w1b3/5b1b b,"(5, 5)",-50
w2b2w1/4b3/b1b1wbww/2bbw3/w2bw2w/6w1/b1w1b3/5b1b w,"(5, 2)",50
w2b2w1/4b3/b1b1wbww/2bbw3/w2bw2w/6w1/b1w1b3/5b1b b,"(5, 6)",-100,-1
1ww2b2/2b2b1b/7b/b2b2b1/w5w1/www5/8/w6b b,"(1, 7)",-100,-1
2w1bb1b/1bw2w2/wwbbw2b/1w1w3b/1bbb2wb/1w3w2/b1wbb1w1/www1bb2 w,"(3, 5)",50
2w1bb1b/1bw2w2/wwbbw2b/1w1w3b/1bbb2wb/1w3w2/b1wbb1w1/www1bb2 b,"(1, 5)",-50
2w1bb1b/1bw2w2/wwbbw2b/1w1w3b/wbbb2wb/1wb2w2/b1wbb1w1/www1bb2 w,"(3, 6)",100,1
8/2w2b2/w4b2/8/4b3/8/8/8 b,"(3, 5)",0
8/2w2b2/w2b1b2/8/2w1b3/8/8/8 w,"(4, 3)",0
8/2w2b2/w2b1b2/8/2w1b3/8/8/8 b,"(4, 4)",0
8/2w2b2/w2b1b2/3w4/2w1b3/3b4/8/8 w,"(4, 6)",0
8/2w2b2/w2b1b2/3w4/2w1b3/3b4/8/8 b,"(4, 5)",0
8/2w2b2/w2b1b2/3wb3/2wwb3/3b4/8/8 w,"(5, 4)",0
8/2w2b2/w2b1b2/3wb3/2wwb3/3b4/8/8 b,"(3, 4)",-50
8/2w2b2/w1bb1b2/2wwb3/2wwb3/3b4/8/8 w,"(3, 3)",50
8/2w2b2/w1bb1b2/2wwb3/2wwb3/3b4/8/8 b,"(5, 3)",-50
8/2w2b2/w1bbwb2/2wwb3/2wwb3/3bb3/8/8 w,"(5, 6)",50
8/2w2b2/w1bbwb2/2wwb3/2wwb3/3bb3/8/8 b,"(2, 6)",-100,-1
8/b7/4b1w1/7w/4w3/wb1b1b2/2w4b/2bw4 b,"(3, 4)",0
8/b7/4b1w1/2wb3w/4w3/wb1b1b2/2w4b/2bw4 w,"(4, 4)",50
8/b7/4b1w1/2wb3w/4w3/wb1b1b2/2w4b/2bw4 b,"(3, 5)",-50
8/b7/4b1w1/2wb3w/2w1w3/wbbb1b2/2w4b/2bw4 w,"(3, 6)",50
8/b7/4b1w1/2wb3w/2w1w3/wbbb1b2/2w4b/2bw4 b,"(4, 5)",-50
8/b7/4b1w1/2wb3w/1bwww3/wbbb1b2/2w4b/2bw4 w,"(2, 5)",50
8/b7/4b1w1/2wb3w/1bwww3/wbbb1b2/2w4b/2bw4 b,"(5, 6)",-50
8/b7/1b2b1w1/2wb3w/1bwww3/wbbbwb2/2w4b/2bw4 w,"(2, 3)",50
8/b7/1b2b1w1/2wb3w/1bwww3/wbbbwb2/2w4b/2bw4 b,"(2, 4)",-50
8/b7/1b2b1w1/1wwb3w/1bwwwb2/wbbbwb2/2w4b/2bw4 w,"(6, 5)",-50
8/b7/1b2b1w1/1wwb3w/1bwwwb2/wbbbwb2/2w4b/2bw4 b,"(6, 7)",-100,-1
8/8/8/8/3b4/8/8/8 b,"(3, 5)",0
8/8/8/8/2wbb3/8/8/8 w,"(5, 5)",0
8/8/8/8/2wbb3/8/8/8 b,"(4, 4)",0
8/8/8/2bw4/2wbb3/8/8/8 w,"(3, 4)",0
8/8/8/2bw4/2wbb3/8/8/8 b,"(4, 3)",0
8/8/3w4/2bw4/2wbb3/4b3/8/8 w,"(5, 6)",50
8/8/3w4/2bw4/2wbb3/4b3/8/8 b,"(2, 3)",50
8/8/1w1w4/2bw4/2wbb3/4b3/5b2/8 w,"(6, 7)",100,1
4b1b1/5b2/8/8/5w2/8/8/7w b,"(4, 5)",0
4b1b1/5b2/8/3b4/3w1w2/8/8/7w w,"(4, 4)",50
4b1b1/5b2/8/3b4/3w1w2/8/8/7w b,"(3, 4)",50
4b1b1/5b2/4b3/2wb4/3w1w2/8/8/7w w,"(5, 3)",100,1
8/8/w7/3b4/8/1wb5/8/2b5 w,"(4, 4)",0
8/8/w7/3b4/8/1wb5/8/2b5 b,"(5, 4)",0
8/8/w2b4/3bw3/8/1wb5/8/2b5 w,"(4, 3)",0
8/8/w2b4/3bw3/8/1wb5/8/2b5 b,"(3, 5)",0
8/8/w2b4/3bw3/2wb4/1wb5/8/2b5 w,"(4, 5)",50
8/8/w2b4/3bw3/2wb4/1wb5/8/2b5 b,"(4, 2)",50
8/3w4/w2b4/3bw3/2wb4/1wbb4/8/2b5 w,"(4, 6)",100,1
8/8/8/3b4/8/8/8/8 w,"(4, 4)",0
8/8/8/3b4/8/8/8/8 b,"(4, 5)",0
8/8/8/3b4/2bw4/8/8/8 w,"(3, 5)",0
8/8/8/3b4/2bw4/8/8/8 b,"(5, 4)",0
8/8/8/3bw3/2bwb3/8/8/8 w,"(5, 5)",0
8/8/8/3bw3/2bwb3/8/8/8 b,"(5, 6)",0
8/8/8/3bwb2/2bwb3/4w3/8/8 w,"(6, 4)",0
8/8/8/3bwb2/2bwb3/4w3/8/8 b,"(3, 4)",-50
8/8/1b6/2wbwb2/2bwb3/4w3/8/8 w,"(2, 3)",-50
8/8/1b6/2wbwb2/2bwb3/4w3/8/8 b,"(6, 7)",-100,-1
5b2/4w3/1w6/4b3/4b3/4bw2/b6b/2ww4 w,"(5, 5)",50
5b2/4w3/1w6/4b3/4b3/4bw2/b6b/2ww4 b,"(5, 3)",50
5b2/4w3/1w2w3/4b3/4b3/4bw2/b3b2b/2ww4 w,"(5, 7)",100,1
1w6/3wwb2/8/1w1b2w1/2wb1w2/2bw2bb/4b3/3b3b b,"(1, 3)",-100,-1
8/8/8/8/1w6/b7/6b1/8 b,"(3, 4)",0
8/8/8/2w5/1w1b4/b7/6b1/8 w,"(4, 5)",0
8/8/8/2w5/1w1b4/b7/6b1/8 b,"(4, 3)",-50
8/8/3w4/2wb4/1w1b4/b7/6b1/8 w,"(4, 4)",-50
8/8/3w4/2wb4/1w1b4/b7/6b1/8 b,"(5, 2)",-100,-1
5w1w/8/5b2/8/5bw1/8/3b4/b7 b,"(4, 5)",0
5w1w/8/5b2/3b4/3w1bw1/8/3b4/b7 w,"(4, 4)",0
5w1w/8/5b2/3b4/3w1bw1/8/3b4/b7 b,"(5, 5)",0
5w1w/8/5b2/3b4/3wwbw1/3b4/3b4/b7 w,"(4, 6)",0
5w1w/8/5b2/3b4/3wwbw1/3b4/3b4/b7 b,"(3, 4)",0
5w1w/8/4bb2/2wb4/3wwbw1/3b4/3b4/b7 w,"(5, 3)",0
5w1w/8/4bb2/2wb4/3wwbw1/3b4/3b4/b7 b,"(3, 5)",-50
5w1w/8/4bb2/2wb4/2wwwbw1/3bb3/3b4/b7 w,"(5, 6)",50
5w1w/8/4bb2/2wb4/2wwwbw1/3bb3/3b4/b7 b,"(2, 5)",-100,-1
w1w2wb1/b4b1w/3ww2b/w6b/3bwb2/5w2/2b1b1w1/4b2b b,"(4, 4)",-100,-1
2bw4/5b2/3wbw2/2w5/8/3b2b1/1w1w1b2/w3b1b1 b,"(5, 4)",50
2bw4/5b2/3wbw2/2w1w3/7b/3b2b1/1w1w1b2/w3b1b1 w,"(8, 5)",100,1
8/8/8/6b1/8/8/8/8 b,"(4, 5)",0
8/8/8/6b1/2bw4/8/8/8 w,"(3, 5)",0
8/8/8/6b1/2bw4/8/8/8 b,"(3, 4)",0
8/8/8/2w1b1b1/2bw4/8/8/8 w,"(5, 4)",0
8/8/8/2w1b1b1/2bw4/8/8/8 b,"(5, 5)",0
8/8/8/2wbb1b1/2bww3/8/8/8 w,"(4, 4)",50
8/8/8/2wbb1b1/2bww3/8/8/8 b,"(4, 6)",50
8/8/8/2wbbbb1/2bww3/3w4/8/8 w,"(6, 4)",100,1
8/8/8/8/8/3b4/8/8 b,"(4, 4)",0
8/8/8/2bw4/8/3b4/8/8 w,"(3, 4)",0
8/8/8/2bw4/8/3b4/8/8 b,"(4, 3)",0
8/8/3w4/2bw4/2b5/3b4/8/8 w,"(3, 5)",0
8/8/3w4/2bw4/2b5/3b4/8/8 b,"(4, 5)",-50
8/8/3wb3/2bw4/2bw4/3b4/8/8 w,"(5, 3)",-50
8/8/3wb3/2bw4/2bw4/3b4/8/8 b,"(4, 2)",-100,-1
8/8/8/8/8/8/5b2/8 b,"(5, 4)",0
8/8/8/2b1w3/8/8/5b2/8 w,"(3, 4)",0
8/8/8/2b1w3/8/8/5b2/8 b,"(5, 5)",0
8/8/8/2b1w3/3bw3/8/5b2/8 w,"(4, 5)",50
8/8/8/2b1w3/3bw3/8/5b2/8 b,"(5, 6)",-50
8/8/4b3/2b1w3/3bw3/4w3/5b2/8 w,"(5, 3)",-50
8/8/4b3/2b1w3/3bw3/4w3/5b2/8 b,"(5, 7)",-100,-1
wb1bww2/w2w1wbw/b2w1bbb/w5w1/5b2/2b3w1/1bwb1bbb/1b1w2w1 b,"(5, 3)",50
wb1bww2/w2w1wbw/b2wwbbb/w5w1/5b2/2b3w1/1bwbbbbb/1b1w2w1 w,"(5, 7)",100,1
5b1w/2b5/3b2b1/w1w1bw2/b4b2/bw1w1b2/w1b1b2w/w3ww1b w,"(4, 3)",100,1
3b1b1w/1wb1b1w1/b1b5/3ww2b/1b6/7w/w1bw2b1/4w3 b,"(6, 3)",-100,-1
1ww1b1b1/2bwbww1/b1b4b/2b1w2b/2w2b1w/w1b5/b2w4/w1w1b1wb w,"(5, 2)",1
1ww1b1b1/2bwbww1/b1b4b/2b1w2b/2w2b1w/w1b5/b2w4/w1w1b1wb b,"(4, 4)",-50
1ww1b1b1/2bwbww1/b1b4b/2bww2b/2w2b1w/w1bb4/b2w4/w1w1b1wb w,"(4, 6)",-50
1ww1b1b1/2bwbww1/b1b4b/2bww2b/2w2b1w/w1bb4/b2w4/w1w1b1wb b,"(5, 3)",-100,-1
b5b1/1bw1w3/2w1b3/2bwb1b1/1bw1w3/2wb4/wwbw4/5b2 w,"(2, 2)",-50
b5b1/1bw1w3/2w1b3/2bwb1b1/1bw1w3/2wb4/wwbw4/5b2 b,"(2, 6)",-100,-1
2b5/8/6w1/4b1w1/8/1b6/6w1/b7 b,"(5, 5)",0
2b5/8/6w1/3bb1w1/4w3/1b6/6w1/b7 w,"(4, 4)",0
2b5/8/6w1/3bb1w1/4w3/1b6/6w1/b7 b,"(4, 6)",-50
2b5/8/6w1/3bbbw1/4w3/1b1w4/6w1/b7 w,"(6, 4)",50
2b5/8/6w1/3bbbw1/4w3/1b1w4/6w1/b7 b,"(5, 3)",50
2b5/8/4w1w1/2bbbbw1/4w3/1b1w4/6w1/b7 w,"(3, 4)",100,1
4bwb1/3w1wb1/2bw1w1w/wbb5/2b2w1b/b3ww1b/wb1wbw1w/b1b1w1bb b,"(3, 2)",-50
4bwb1/2ww1wb1/2bw1w1w/wbb5/2b2w1b/b1b1ww1b/wb1wbw1w/b1b1w1bb w,"(3, 6)",100,1
8/6b1/2b5/8/1w6/8/8/8 b,"(3, 4)",0
8/6b1/2b5/2w5/1wb5/8/8/8 w,"(3, 5)",0
8/6b1/2b5/2w5/1wb5/8/8/8 b,"(5, 5)",0
8/6b1/2bb4/2w5/1wb1w3/8/8/8 w,"(4, 3)",0
8/6b1/2bb4/2w5/1wb1w3/8/8/8 b,"(4, 5)",0
8/6b1/2bb4/2wb4/1wbww3/8/8/8 w,"(4, 4)",0
8/6b1/2bb4/2wb4/1wbww3/8/8/8 b,"(6, 4)",0
8/6b1/2bb4/2wb1w2/1wbwwb2/8/8/8 w,"(6, 5)",0
8/6b1/2bb4/2wb1w2/1wbwwb2/8/8/8 b,"(5, 3)",0
8/6b1/2bbw3/2wbbw2/1wbwwb2/8/8/8 w,"(5, 4)",50
8/6b1/2bbw3/2wbbw2/1wbwwb2/8/8/8 b,"(3, 2)",50
8/2w3b1/2bbw3/2wbbw2/1wbwwb2/6b1/8/8 w,"(7, 6)",100,1
8/5ww1/b1bw3b/3w2b1/5b1b/4b1b1/8/w4ww1 w,"(5, 6)",100,1
1w3wb1/bw6/2w2bb1/w1wbw1bw/1w2bb2/6bb/wb4b1/wb1bbwww b,"(3, 8)",50
1w3wb1/bw6/2w2bb1/w1wbw1bw/1w2bb2/5bbb/wb4b1/wbwbbwww w,"(6, 6)",100,1
8/2b2b2/8/3b1b2/4wwb1/8/w5w1/w4b2 w,"(4, 4)",0
8/2b2b2/8/3b1b2/4wwb1/8/w5w1/w4b2 b,"(4, 5)",-50
8/2b2b2/8/3b1b2/2bwwwb1/8/w5w1/w4b2 w,"(3, 5)",50
8/2b2b2/8/3b1b2/2bwwwb1/8/w5w1/w4b2 b,"(5, 3)",0
8/2b2b2/4w3/3bbb2/2bwwwb1/8/w5w1/w4b2 w,"(5, 4)",50
8/2b2b2/4w3/3bbb2/2bwwwb1/8/w5w1/w4b2 b,"(3, 4)",50
8/2b2b2/4w3/2wbbbb1/2bwwwb1/8/w5w1/w4b2 w,"(7, 4)",100,1
8/8/8/2b5/8/8/8/8 w,"(3, 4)",0
8/8/8/2b5/8/8/8/8 b,"(4, 4)",0
8/8/8/2bw4/3b4/8/8/8 w,"(4, 5)",0
8/8/8/2bw4/3b4/8/8/8 b,"(4, 6)",0
8/8/4b3/2bw4/3b4/3w4/8/8 w,"(5, 3)",0
8/8/4b3/2bw4/3b4/3w4/8/8 b,"(5, 6)",0
8/8/4b3/2bw1b2/3b4/3ww3/8/8 w,"(6, 4)",0
8/8/4b3/2bw1b2/3b4/3ww3/8/8 b,"(6, 5)",0
8/8/3bb3/2bw1b2/3b1w2/3ww3/8/8 w,"(4, 3)",0
8/8/3bb3/2bw1b2/3b1w2/3ww3/8/8 b,"(2, 5)",0
8/8/3bb3/2bw1b2/1wbb1w2/3ww3/8/8 w,"(3, 5)",0
8/8/3bb3/2bw1b2/1wbb1w2/3ww3/8/8 b,"(3, 3)",0
8/3b4/2wbb3/2bw1b2/1wbb1w2/3ww3/8/8 w,"(4, 2)",50
8/3b4/2wbb3/2bw1b2/1wbb1w2/3ww3/8/8 b,"(3, 1)",50
2w5/3b4/2wbb3/2bw1b2/1wbb1wb1/3ww3/8/8 w,"(7, 5)",100,1
w1w5/2bb4/2w5/4w2b/4b2w/1b6/2b5/4w1b1 w,"(5, 5)",0
w1w5/2bb4/2w5/4w2b/4b2w/1b6/2b5/4w1b1 b,"(4, 4)",-50
w1w5/1bbb4/2w5/3ww2b/4b2w/1b6/2b5/4w1b1 w,"(2, 2)",50
w1w5/1bbb4/2w5/3ww2b/4b2w/1b6/2b5/4w1b1 b,"(1, 2)",50
w1w5/wbbbb3/2w5/3ww2b/4b2w/1b6/2b5/4w1b1 w,"(5, 2)",100,1
2b5/3b1wb1/8/w5w1/bbbb2b1/ww2bw2/8/w2w4 w,"(4, 5)",100,1
8/8/8/4b3/8/8/8/8 w,"(5, 4)",0
8/8/8/4b3/8/8/8/8 b,"(4, 5)",0
8/8/8/2b1b3/3w4/8/8/8 w,"(3, 4)",0
8/8/8/2b1b3/3w4/8/8/8 b,"(5, 5)",0
8/8/8/2bbb3/3ww3/8/8/8 w,"(4, 4)",50
8/8/8/2bbb3/3ww3/8/8/8 b,"(2, 4)",50
8/8/8/1wbbbb2/3ww3/8/8/8 w,"(6, 4)",100,1
8/8/8/w3b3/4b3/8/8/8 w,"(5, 4)",0
8/8/8/w3b3/4b3/8/8/8 b,"(3, 5)",0
8/8/8/w3b3/2wbb3/8/8/8 w,"(4, 5)",0
8/8/8/w3b3/2wbb3/8/8/8 b,"(4, 3)",0
8/8/3w4/w1b1b3/2wbb3/8/8/8 w,"(3, 4)",0
8/8/3w4/w1b1b3/2wbb3/8/8/8 b,"(5, 3)",0
8/8/3ww3/w1bbb3/2wbb3/8/8/8 w,"(4, 4)",50
8/8/3ww3/w1bbb3/2wbb3/8/8/8 b,"(2, 4)",50
8/8/3ww3/wwbbbb2/2wbb3/8/8/8 w,"(6, 4)",100,1
8/8/8/4b3/8/8/8/8 w,"(5, 4)",0
8/8/8/4b3/8/8/8/8 b,"(3, 4)",0
8/8/8/2w1b3/2b5/8/8/8 w,"(3, 5)",0
8/8/8/2w1b3/2b5/8/8/8 b,"(4, 5)",0
8/8/8/2w1b3/2bwb3/8/8/8 w,"(5, 5)",0
8/8/8/2w1b3/2bwb3/8/8/8 b,"(5, 6)",-50
8/8/1b6/2w1b3/2bwb3/4w3/8/8 w,"(2, 3)",-50
8/8/1b6/2w1b3/2bwb3/4w3/8/8 b,"(6, 7)",-100,-1
1w1w4/1bb3bw/www2wbb/ww2w1b1/b2w1b2/1b4wb/3b1b2/1w2b1b1 w,"(3, 2)",50
1w1w4/1bb3bw/www2wbb/ww2w1b1/b2w1b2/1b4wb/3b1b2/1w2b1b1 b,"(3, 6)",-100,-1
b4w1b/2w4w/wb2bwbb/wwb1ww2/3bb3/ww1b1bwb/wbb1bwbw/8 b,"(1, 2)",-50
b4w1b/w1w4w/wb2bwbb/wwb1ww2/b2bb3/ww1b1bwb/wbb1bwbw/8 w,"(1, 5)",50
b4w1b/w1w4w/wb2bwbb/wwb1ww2/b2bb3/ww1b1bwb/wbb1bwbw/8 b,"(2, 8)",-50
b4w1b/w1w4w/wb2bwbb/wwbbww2/b2bb3/ww1b1bwb/wbb1bwbw/1w6 w,"(4, 4)",100,1
bb1b1w2/1w2bb2/w2b1w2/8/1b6/b3w3/5w1w/8 b,"(3, 1)",50
bbwb1w2/1w2bb2/w2b1w2/2b5/1b6/b3w3/5w1w/8 w,"(3, 4)",100,1
w6b/3b1b2/3w3w/4b3/2ww4/6b1/bbbw1b1w/1w1bw3 b,"(4, 4)",-50
w6b/3b1b2/3w3w/3wb3/2wwb3/6b1/bbbw1b1w/1w1bw3 w,"(5, 5)",-50
w6b/3b1b2/3w3w/3wb3/2wwb3/6b1/bbbw1b1w/1w1bw3 b,"(4, 6)",-100,-1
8/8/1b6/8/3b4/8/8/w7 w,"(4, 5)",0
8/8/1b6/8/3b4/8/8/w7 b,"(4, 4)",0
8/8/1b6/2bw4/3b4/8/8/w7 w,"(3, 4)",50
8/8/1b6/2bw4/3b4/8/8/w7 b,"(1, 2)",50
8/w7/1b6/2bw4/3b4/4b3/8/w7 w,"(5, 6)",100,1
5b2/w1w1w2b/1b1b1b2/w2b1w2/2w5/wb5b/2w1b3/b2b2ww b,"(5, 4)",0
5b2/w1w1w2b/1b1b1b2/w2bww2/2wb4/wb5b/2w1b3/b2b2ww w,"(4, 5)",50
5b2/w1w1w2b/1b1b1b2/w2bww2/2wb4/wb5b/2w1b3/b2b2ww b,"(4, 2)",-50
5b2/wbwww2b/1b1b1b2/w2bww2/2wb4/wb5b/2w1b3/b2b2ww w,"(2, 2)",50
5b2/wbwww2b/1b1b1b2/w2bww2/2wb4/wb5b/2w1b3/b2b2ww b,"(4, 6)",-50
5b2/wbwww2b/1b1b1b2/w2bww2/2wbb3/wb1w3b/2w1b3/b2b2ww w,"(5, 5)",50
5b2/wbwww2b/1b1b1b2/w2bww2/2wbb3/wb1w3b/2w1b3/b2b2ww b,"(3, 3)",-50
5b2/wbwww2b/1bwb1b2/w1bbww2/2wbb3/wb1w3b/2w1b3/b2b2ww w,"(3, 4)",50
5b2/wbwww2b/1bwb1b2/w1bbww2/2wbb3/wb1w3b/2w1b3/b2b2ww b,"(5, 6)",-50
5b2/wbwwwb1b/1bwb1b2/w1bbww2/2wbb3/wb1ww2b/2w1b3/b2b2ww w,"(6, 2)",3
5b2/wbwwwb1b/1bwb1b2/w1bbww2/2wbb3/wb1ww2b/2w1b3/b2b2ww b,"(5, 3)",-50
2b2b2/wbwwwb1b/1bwbwb2/w1bbww2/2wbb3/wb1ww2b/2w1b3/b2b2ww w,"(3, 1)",-50
2b2b2/wbwwwb1b/1bwbwb2/w1bbww2/2wbb3/wb1ww2b/2w1b3/b2b2ww b,"(5, 1)",-100,-1
3b4/2wb1ww1/bb1bbwb1/7b/1w6/2www3/4b2b/1wb2w2 b,"(2, 6)",-100,-1
5b2/w1bb3b/3wb1b1/2wb1w2/2w5/ww1bw3/3wb3/3b4 w,"(4, 4)",-50
5b2/w1bb3b/3wb1b1/2wb1w2/2w5/ww1bw3/3wb3/3b4 b,"(2, 5)",-100,-1
b1b3bw/bbw2w1w/1w6/2w2b2/w1bbwwb1/1bb1ww1b/1b1b2w1/bww1w1b1 w,"(2, 7)",100,1
1w4b1/8/7w/wb6/wb1b4/2w3b1/3bb3/4w3 w,"(4, 5)",0
1w4b1/8/7w/wb6/wb1b4/2w3b1/3bb3/4w3 b,"(3, 4)",0
1w4b1/8/7w/wbwb4/wb1b4/2w3b1/3bb3/4w3 w,"(4, 4)",50
1w4b1/8/7w/wbwb4/wb1b4/2w3b1/3bb3/4w3 b,"(3, 5)",-50
1w4b1/8/2b4w/wbwb4/wbwb4/2w3b1/3bb3/4w3 w,"(3, 3)",50
1w4b1/8/2b4w/wbwb4/wbwb4/2w3b1/3bb3/4w3 b,"(3, 7)",-100,-1
8/8/8/4b3/8/8/8/8 w,"(5, 4)",0
8/8/8/4b3/8/8/8/8 b,"(4, 4)",0
8/8/8/3wb3/4b3/8/8/8 w,"(5, 5)",0
8/8/8/3wb3/4b3/8/8/8 b,"(3, 5)",0
8/8/8/3wb3/2wbb3/8/8/8 w,"(4, 5)",0
8/8/8/3wb3/2wbb3/8/8/8 b,"(3, 4)",0
8/8/4b3/2wwb3/2wbb3/8/8/8 w,"(5, 3)",50
8/8/4b3/2wwb3/2wbb3/8/8/8 b,"(5, 2)",50
8/4w3/4b3/2wwb3/2wbb3/4b3/8/8 w,"(5, 6)",100,1
w1bw1b2/2w1ww1w/7b/b7/w1ww4/bwb5/4b1bb/b6b b,"(2, 5)",-100,-1
8/8/w7/6b1/8/8/8/1b6 b,"(3, 4)",0
8/8/w7/2wb2b1/8/8/8/1b6 w,"(4, 4)",0
8/8/w7/2wb2b1/8/8/8/1b6 b,"(3, 5)",0
8/8/w7/2wbb1b1/2w5/8/8/1b6 w,"(5, 4)",50
8/8/w7/2wbb1b1/2w5/8/8/1b6 b,"(6, 4)",0
8/8/w7/2wbbwb1/2w1b3/8/8/1b6 w,"(5, 5)",0
8/8/w7/2wbbwb1/2w1b3/8/8/1b6 b,"(5, 6)",0
8/8/w3b3/2wbbwb1/2w1b3/4w3/8/1b6 w,"(5, 3)",50
8/8/w3b3/2wbbwb1/2w1b3/4w3/8/1b6 b,"(5, 2)",1
8/4w3/w3b3/2wbbwb1/2w1b3/3bw3/8/1b6 w,"(4, 6)",50
8/4w3/w3b3/2wbbwb1/2w1b3/3bw3/8/1b6 b,"(3, 7)",-50
8/4w3/w2bb3/2wbbwb1/2w1b3/3bw3/2w5/1b6 w,"(4, 3)",50
8/4w3/w2bb3/2wbbwb1/2w1b3/3bw3/2w5/1b6 b,"(3, 6)",-100,-1
8/1w4b1/7w/6b1/2b5/7b/7b/1ww5 b,"(4, 4)",0
8/1w4b1/7w/3w2b1/2bb4/7b/7b/1ww5 w,"(4, 5)",0
8/1w4b1/7w/3w2b1/2bb4/7b/7b/1ww5 b,"(5, 4)",0
8/1w4b1/7w/3ww1b1/2bbb3/7b/7b/1ww5 w,"(5, 5)",50
8/1w4b1/7w/3ww1b1/2bbb3/7b/7b/1ww5 b,"(2, 5)",50
8/1w4b1/7w/3ww1b1/1wbbbb2/7b/7b/1ww5 w,"(6, 5)",100,1
8/7b/8/2bb1w2/8/w7/8/8 b,"(3, 5)",0
8/7b/8/2bb1w2/2w1b3/w7/8/8 w,"(5, 5)",0
8/7b/8/2bb1w2/2w1b3/w7/8/8 b,"(5, 3)",0
8/7b/4w3/2bb1w2/2w1b3/w2b4/8/8 w,"(4, 6)",0
8/7b/4w3/2bb1w2/2w1b3/w2b4/8/8 b,"(4, 3)",0
8/7b/3ww3/2bb1w2/2wbb3/w2b4/8/8 w,"(4, 5)",50
8/7b/3ww3/2bb1w2/2wbb3/w2b4/8/8 b,"(2, 4)",50
8/7b/3ww3/1wbb1w2/2wbb3/w2b4/3b4/8 w,"(4, 7)",100,1
b4bbb/b2bw1w1/2b1w2w/6bb/1w1w1w2/2w1w1wb/w2bw1b1/7b b,"(5, 1)",-50
b3wbbb/b2bw1w1/2b1w2w/4b1bb/1w1w1w2/2w1w1wb/w2bw1b1/7b w,"(5, 4)",50
b3wbbb/b2bw1w1/2b1w2w/4b1bb/1w1w1w2/2w1w1wb/w2bw1b1/7b b,"(3, 5)",-50
b3wbbb/b2bw1w1/2b1w2w/4b1bb/bwww1w2/2w1w1wb/w2bw1b1/7b w,"(1, 5)",50
b3wbbb/b2bw1w1/2b1w2w/4b1bb/bwww1w2/2w1w1wb/w2bw1b1/7b b,"(2, 4)",-50
b3wbbb/b2bw1w1/2b1w2w/1w2b1bb/bwww1w2/2wbw1wb/w2bw1b1/7b w,"(4, 6)",50
b3wbbb/b2bw1w1/2b1w2w/1w2b1bb/bwww1w2/2wbw1wb/w2bw1b1/7b b,"(5, 5)",-100,-1
6w1/8/3w1b2/b3b3/3bbw2/wbw5/w3w3/b2b4 w,"(5, 4)",50
6w1/8/3w1b2/b3b3/3bbw2/wbw5/w3w3/b2b4 b,"(4, 6)",50
6w1/6b1/3w1b2/b3b3/3bbw2/wbww4/w3w3/b2b4 w,"(7, 2)",100,1
4w2b/3w4/5bb1/8/2b5/1b1b4/8/w2ww3 b,"(5, 4)",0
4w2b/3w4/5bb1/3bw3/2b5/1b1b4/8/w2ww3 w,"(4, 4)",50
4w2b/3w4/5bb1/3bw3/2b5/1b1b4/8/w2ww3 b,"(1, 7)",50
4w2b/3w4/4bbb1/3bw3/2b5/1b1b4/w7/w2ww3 w,"(5, 3)",100,1
b7/2b2w1b/2w2w2/3b4/6w1/4b3/6b1/6w1 w,"(4, 4)",0
b7/2b2w1b/2w2w2/3b4/6w1/4b3/6b1/6w1 b,"(3, 5)",0
b7/2b2w1b/2w2w2/3b4/2w1b1w1/4b3/6b1/6w1 w,"(5, 5)",50
b7/2b2w1b/2w2w2/3b4/2w1b1w1/4b3/6b1/6w1 b,"(4, 3)",-50
b7/2b2w1b/2wwbw2/3b4/2w1b1w1/4b3/6b1/6w1 w,"(5, 3)",50
b7/2b2w1b/2wwbw2/3b4/2w1b1w1/4b3/6b1/6w1 b,"(5, 4)",50
b7/2b2w1b/2wwbw2/3bw3/2w1b1w1/4bb2/6b1/6w1 w,"(6, 6)",100,1
w7/8/3b3b/3w4/3b4/8/8/8 w,"(4, 5)",0
w7/8/3b3b/3w4/3b4/8/8/8 b,"(5, 4)",0
w7/8/3b3b/3ww3/3b4/3b4/8/8 w,"(4, 6)",0
w7/8/3b3b/3ww3/3b4/3b4/8/8 b,"(5, 6)",0
w7/8/3bb2b/3ww3/3b4/3bw3/8/8 w,"(5, 3)",0
w7/8/3bb2b/3ww3/3b4/3bw3/8/8 b,"(5, 5)",-50
w7/8/3bb2b/3ww3/3bwb2/3bw3/8/8 w,"(6, 5)",-50
w7/8/3bb2b/3ww3/3bwb2/3bw3/8/8 b,"(5, 7)",-100,-1
8/w1b5/1bw5/w7/5b2/8/4wb2/4b3 b,"(4, 5)",0
8/w1b5/1bw5/w1b5/3w1b2/8/4wb2/4b3 w,"(3, 4)",0
8/w1b5/1bw5/w1b5/3w1b2/8/4wb2/4b3 b,"(4, 4)",0
8/w1b5/1bw5/w1bwb3/3w1b2/8/4wb2/4b3 w,"(5, 4)",50
8/w1b5/1bw5/w1bwb3/3w1b2/8/4wb2/4b3 b,"(4, 3)",-50
8/w1bb4/1bww4/w1bwb3/3w1b2/8/4wb2/4b3 w,"(4, 2)",-50
8/w1bb4/1bww4/w1bwb3/3w1b2/8/4wb2/4b3 b,"(4, 6)",-100,-1
8/2bb4/5b2/w7/8/8/8/w7 b,"(3, 4)",0
8/2bb4/5b2/w1wb4/8/8/8/w7 w,"(4, 4)",0
8/2bb4/5b2/w1wb4/8/8/8/w7 b,"(4, 3)",0
8/2bb4/3w1b2/w1wb4/2b5/8/8/w7 w,"(3, 5)",0
8/2bb4/3w1b2/w1wb4/2b5/8/8/w7 b,"(4, 5)",0
8/2bb4/3w1b2/w1wb4/2bwb3/8/8/w7 w,"(5, 5)",0
8/2bb4/3w1b2/w1wb4/2bwb3/8/8/w7 b,"(5, 4)",0
8/2bb4/3w1b2/w1wbw3/2bwb3/4b3/8/w7 w,"(5, 6)",0
8/2bb4/3w1b2/w1wbw3/2bwb3/4b3/8/w7 b,"(6, 5)",-50
8/2bb4/3w1b2/w1wbw3/2bwbw2/4b1b1/8/w7 w,"(7, 6)",0
8/2bb4/3w1b2/w1wbw3/2bwbw2/4b1b1/8/w7 b,"(2, 4)",0
8/2bb4/3w1b2/wwwbw3/2bwbw2/3bb1b1/8/w7 w,"(4, 6)",50
8/2bb4/3w1b2/wwwbw3/2bwbw2/3bb1b1/8/w7 b,"(2, 5)",-50
8/2bb4/3w1b2/wwwbw3/1wbwbw2/b2bb1b1/8/w7 w,"(1, 6)",50
8/2bb4/3w1b2/wwwbw3/1wbwbw2/b2bb1b1/8/w7 b,"(5, 2)",-100,-1
b4w1w/2w5/2b5/3bb1bw/6b1/2b2w2/6w1/2wb4 b,"(2, 2)",50
b4w1w/1ww5/2b5/3bbbbw/6b1/2b2w2/6w1/2wb4 w,"(6, 4)",100,1
7b/b1w1w3/b1wwwb1b/b4w1b/2b1w1bw/w2bbww1/b1w3b1/wbw1bw1b b,"(1, 1)",-50
w6b/b1w1w3/b1wwwb1b/b4w1b/b1b1w1bw/w2bbww1/b1w3b1/wbw1bw1b w,"(1, 5)",100,1
1bw4w/w4b2/1wwbww2/bbbw3w/bb2b1w1/wb1w2b1/bb3b2/2wwb1bw w,"(2, 7)",100,1
3wbb1b/8/w1wb4/3wb3/4w1w1/4b3/5w2/bb1w2b1 b,"(2, 2)",-100,-1
4b1b1/wb4b1/1bw5/3w3w/3bw2b/2w2bb1/w2bw1w1/1bw1w1b1 w,"(2, 2)",-50
4b1b1/wb4b1/1bw5/3w3w/3bw2b/2w2bb1/w2bw1w1/1bw1w1b1 b,"(5, 6)",-100,-1
bbw4w/3b4/4w1ww/5bww/bb1b2b1/3bbw1b/1w1b1w2/wb2bww1 b,"(3, 5)",-50
bbw4w/3b4/4w1ww/5bww/bbwb2b1/2bbbw1b/1w1b1w2/wb2bww1 w,"(3, 6)",100,1
1w1b2wb/w5b1/w1w1w3/bbbbb3/w1b3w1/2ww1bb1/3w4/w1b4b w,"(3, 4)",100,1
w7/1b5w/8/1b2w2w/8/8/w3w1b1/bbbb4 w,"(4, 8)",100,1
2w1w3/w2bwbbw/3bbb2/2w5/1wwb1b2/b4b2/4b3/2w1w1wb w,"(4, 3)",50
2w1w3/w2bwbbw/3bbb2/2w5/1wwb1b2/b4b2/4b3/2w1w1wb b,"(3, 3)",-50
2w1w3/w1bbwbbw/2wbbb2/2w5/1wwb1b2/b4b2/4b3/2w1w1wb w,"(3, 2)",50
2w1w3/w1bbwbbw/2wbbb2/2w5/1wwb1b2/b4b2/4b3/2w1w1wb b,"(3, 6)",-100,-1
1w1bw3/wb4bw/w2b4/2wb1b2/1ww1w3/ww2w1b1/bbbbw1b1/1bb5 w,"(3, 7)",100,1
5b2/8/8/1b1wb3/5b2/8/2ww4/8 w,"(5, 4)",0
5b2/8/8/1b1wb3/5b2/8/2ww4/8 b,"(4, 5)",-50
5b2/8/8/1bbwb3/3w1b2/8/2ww4/8 w,"(3, 4)",-50
5b2/8/8/1bbwb3/3w1b2/8/2ww4/8 b,"(4, 6)",-100,-1
7w/3bw2b/1bb2bw1/b2b4/2b5/b1b1ww1b/1w1w4/1ww1ww1b b,"(3, 4)",-50
7w/3bw2b/1bb2bw1/b1wb4/2b5/b1b1ww1b/1w1w4/1wwbww1b w,"(4, 8)",-50
7w/3bw2b/1bb2bw1/b1wb4/2b5/b1b1ww1b/1w1w4/1wwbww1b b,"(6, 5)",-100,-1
1wwb1bb1/w1b4w/1b1b1b1b/bwwwb1w1/w3b1w1/w1w3b1/wb1b4/4w2b w,"(1, 4)",100,1
8/6bw/8/3bbb2/1b1w3w/7b/w5bw/ww3b2 w,"(4, 4)",50
8/6bw/8/3bbb2/1b1w3w/7b/w5bw/ww3b2 b,"(3, 4)",50
8/6bw/8/2wbbbb1/1b1w3w/7b/w5bw/ww3b2 w,"(7, 4)",100,1
7w/3w4/2b3w1/2b5/3wb3/8/1b1b4/8 b,"(4, 4)",-50
7w/3w4/2bb2w1/2bw4/3wb3/8/1b1b4/8 w,"(4, 3)",0
7w/3w4/2bb2w1/2bw4/3wb3/8/1b1b4/8 b,"(4, 6)",0
7w/3w4/2bb2w1/2bwb3/3wb3/3w4/1b1b4/8 w,"(5, 4)",0
7w/3w4/2bb2w1/2bwb3/3wb3/3w4/1b1b4/8 b,"(6, 4)",0
7w/3w4/2bb2w1/2bwbw2/2bwb3/3w4/1b1b4/8 w,"(3, 5)",50
7w/3w4/2bb2w1/2bwbw2/2bwb3/3w4/1b1b4/8 b,"(3, 2)",50
7w/2ww4/2bb2w1/2bwbw2/2bwb3/2bw4/1b1b4/8 w,"(3, 6)",100,1
w7/b2w4/1w4b1/3b1bw1/bb4b1/w7/b2w2w1/8 b,"(5, 4)",0
w7/b2w4/1w4b1/3bwbw1/bb1b2b1/w7/b2w2w1/8 w,"(4, 5)",50
w7/b2w4/1w4b1/3bwbw1/bb1b2b1/w7/b2w2w1/8 b,"(3, 4)",50
w7/b2w4/1w4b1/2wbwbw1/bbbb2b1/w7/b2w2w1/8 w,"(3, 5)",100,1
2w2b2/b3w1wb/b2b1w2/4bbb1/2w2wbb/b5w1/1w6/3ww3 b,"(4, 4)",50
2w2b2/b3w1wb/b2b1w2/3wbbbb/2w2wbb/b5w1/1w6/3ww3 w,"(8, 4)",100,1
4bbb1/wbwb1b1w/5w2/w1w1bb2/bww2b1b/1b1bb1w1/1w5b/1w1www2 b,"(3, 3)",-100,-1
5w2/1w1b1w2/1b1b4/3b4/5b2/1b6/8/3ww3 w,"(4, 4)",50
5w2/1w1b1w2/1b1b4/3b4/5b2/1b6/8/3ww3 b,"(4, 1)",50
3w1w2/1w1b1w2/1b1b4/3b4/3b1b2/1b6/8/3ww3 w,"(4, 5)",100,1
4b3/8/6w1/8/5b2/8/4w3/6b1 b,"(4, 5)",0
4b3/8/6w1/4b3/3w1b2/8/4w3/6b1 w,"(5, 4)",0
4b3/8/6w1/4b3/3w1b2/8/4w3/6b1 b,"(3, 5)",0
4b3/8/6w1/3bb3/2ww1b2/8/4w3/6b1 w,"(4, 4)",0
4b3/8/6w1/3bb3/2ww1b2/8/4w3/6b1 b,"(5, 5)",-50
4b3/8/6w1/3bb3/2wwwb2/3b4/4w3/6b1 w,"(4, 6)",-50
4b3/8/6w1/3bb3/2wwwb2/3b4/4w3/6b1 b,"(2, 5)",-100,-1
2bb1bww/ww1w1w1b/1b6/bbb1wb2/bw3bw1/4b2b/3ww1w1/1w1b2wb b,"(3, 2)",-100,-1
6w1/6w1/w1wb2b1/2b5/1b4b1/8/2w1b2w/1wb2b2 w,"(3, 4)",50
6w1/6w1/w1wb2b1/2b5/1b4b1/8/2w1b2w/1wb2b2 b,"(1, 6)",50
6w1/4b1w1/w1wb2b1/2b5/1b4b1/w7/2w1b2w/1wb2b2 w,"(5, 2)",100,1
8/8/5w2/w7/1w3b2/8/3b4/4bb2 b,"(5, 4)",0
8/8/5w2/w3w3/1wb2b2/8/3b4/4bb2 w,"(3, 5)",0
8/8/5w2/w3w3/1wb2b2/8/3b4/4bb2 b,"(4, 4)",0
8/8/5w2/w2ww3/1wbb1b2/8/3b4/4bb2 w,"(4, 5)",50
8/8/5w2/w2ww3/1wbb1b2/8/3b4/4bb2 b,"(3, 4)",-50
8/8/5w2/wbwww3/1wbb1b2/8/3b4/4bb2 w,"(2, 4)",50
8/8/5w2/wbwww3/1wbb1b2/8/3b4/4bb2 b,"(5, 5)",-50
8/8/5w2/wbwwwb2/1wbbwb2/8/3b4/4bb2 w,"(6, 4)",0
8/8/5w2/wbwwwb2/1wbbwb2/8/3b4/4bb2 b,"(4, 3)",-50
8/8/3w1w2/wbwwwb2/1wbbwb2/b7/3b4/4bb2 w,"(1, 6)",-50
8/8/3w1w2/wbwwwb2/1wbbwb2/b7/3b4/4bb2 b,"(5, 2)",-100,-1
1b2bw2/w1wb1w1w/4b2b/1w1w2w1/2b4w/bb5b/6b1/3wb3 w,"(3, 5)",1
1b2bw2/w1wb1w1w/4b2b/1w1w2w1/2b4w/bb5b/6b1/3wb3 b,"(4, 3)",1
1b2bw2/w1wb1w1w/3wb2b/1w1wb1w1/2b4w/bb5b/6b1/3wb3 w,"(5, 4)",50
1b2bw2/w1wb1w1w/3wb2b/1w1wb1w1/2b4w/bb5b/6b1/3wb3 b,"(5, 2)",-50
1b2bw2/w1wbww1w/3wb2b/1wbwb1w1/2b4w/bb5b/6b1/3wb3 w,"(3, 4)",-50
1b2bw2/w1wbww1w/3wb2b/1wbwb1w1/2b4w/bb5b/6b1/3wb3 b,"(6, 3)",-100,-1
b5wb/8/2bb1w2/5b2/1w4b1/1b2w1bw/4wb2/2w2bww b,"(5, 4)",-50
b5wb/8/2bb1w2/4wb2/1w1b2b1/1b2w1bw/4wb2/2w2bww w,"(4, 5)",-50
b5wb/8/2bb1w2/4wb2/1w1b2b1/1b2w1bw/4wb2/2w2bww b,"(5, 5)",-100,-1
8/8/8/8/3b4/8/8/8 w,"(4, 5)",0
8/8/8/8/3b4/8/8/8 b,"(5, 4)",0
8/8/3b4/4w3/3b4/8/8/8 w,"(4, 3)",0
8/8/3b4/4w3/3b4/8/8/8 b,"(4, 6)",0
8/8/3b4/3bw3/3b4/3w4/8/8 w,"(4, 4)",50
8/8/3b4/3bw3/3b4/3w4/8/8 b,"(5, 3)",50
8/3b4/3bw3/3bw3/3b4/3w4/8/8 w,"(4, 2)",100,1
8/3b4/4w3/3b4/8/8/8/8 w,"(4, 4)",0
8/3b4/4w3/3b4/8/8/8/8 b,"(3, 4)",0
8/3b4/4w3/2wb4/3b4/8/8/8 w,"(4, 5)",50
8/3b4/4w3/2wb4/3b4/8/8/8 b,"(5, 4)",50
8/3b4/3bw3/2wbw3/3b4/8/8/8 w,"(4, 3)",100,1
w4b1b/2w3b1/5bw1/1b5w/wbw3bb/1b3wb1/6wb/ww1wb3 b,"(2, 3)",-50
w4b1b/2w3b1/1w3bw1/1b5w/wbw3bb/1b3wb1/1b4wb/ww1wb3 w,"(2, 7)",100,1
5bb1/2w2b2/2wwb1b1/b2bbw2/1b5w/7w/4wbww/1w4b1 w,"(5, 3)",100,1
w2bbb1w/wbbbwb1b/wbb2ww1/2b2b2/3b1ww1/1w1www2/3b4/3w3b b,"(1, 4)",-100,-1
3w3w/b2bw1b1/1b3b2/1w1w4/b4wb1/wb1w3b/4wb2/8 b,"(3, 5)",-100,-1
2bb1b1b/ww5b/w3b3/3w4/5ww1/ww3b2/b2b1b1w/4bw2 b,"(3, 4)",50
2bbbb1b/ww5b/w3b3/2ww4/5ww1/ww3b2/b2b1b1w/4bw2 w,"(5, 1)",100,1
1bbww3/2b1w2w/w3w1b1/2bb2w1/1b3bw1/2bbwbbb/1bw4w/w2ww1b1 b,"(3, 3)",-50
1bbww3/2b1w2w/w1w1w1b1/2bbb1w1/1b3bw1/2bbwbbb/1bw4w/w2ww1b1 w,"(5, 4)",50
1bbww3/2b1w2w/w1w1w1b1/2bbb1w1/1b3bw1/2bbwbbb/1bw4w/w2ww1b1 b,"(2, 4)",-50
1bbww3/2bbw2w/w1w1w1b1/1wbbb1w1/1b3bw1/2bbwbbb/1bw4w/w2ww1b1 w,"(4, 2)",50
1bbww3/2bbw2w/w1w1w1b1/1wbbb1w1/1b3bw1/2bbwbbb/1bw4w/w2ww1b1 b,"(4, 3)",-50
1bbww3/2bbw2w/wbwww1b1/1wbbb1w1/1b3bw1/2bbwbbb/1bw4w/w2ww1b1 w,"(2, 3)",50
1bbww3/2bbw2w/wbwww1b1/1wbbb1w1/1b3bw1/2bbwbbb/1bw4w/w2ww1b1 b,"(4, 5)",-50
1bbww3/2bbw2w/wbwwwbb1/1wbbb1w1/1b1w1bw1/2bbwbbb/1bw4w/w2ww1b1 w,"(6, 3)",50
1bbww3/2bbw2w/wbwwwbb1/1wbbb1w1/1b1w1bw1/2bbwbbb/1bw4w/w2ww1b1 b,"(3, 5)",50
1bbww3/2bbw2w/wbwwwbb1/1wbbbbw1/1bww1bw1/2bbwbbb/1bw4w/w2ww1b1 w,"(6, 4)",100,1
2b1w1b1/2bw3b/w7/3bb1b1/2w2w1b/w1b3b1/2w5/bw1w2w1 w,"(4, 4)",50
2b1w1b1/2bw3b/w7/3bb1b1/2w2w1b/w1b3b1/2w5/bw1w2w1 b,"(5, 5)",-50
2b1w1b1/2bw3b/w7/3bb1b1/2wbww1b/w1b3b1/2w5/bw1w2w1 w,"(4, 5)",50
2b1w1b1/2bw3b/w7/3bb1b1/2wbww1b/w1b3b1/2w5/bw1w2w1 b,"(2, 7)",-50
2b1w1b1/2bw3b/w7/3bb1b1/2wbww1b/w1bb2b1/1ww5/bw1w2w1 w,"(4, 6)",50
2b1w1b1/2bw3b/w7/3bb1b1/2wbww1b/w1bb2b1/1ww5/bw1w2w1 b,"(4, 3)",50
2b1w1b1/2bw3b/w2w4/3bb1b1/2wbww1b/w1bb2b1/1wwb4/bw1w2w1 w,"(4, 7)",100,1
8/3w4/8/1w6/4b3/2b5/8/4b3 w,"(5, 5)",0
8/3w4/8/1w6/4b3/2b5/8/4b3 b,"(3, 5)",0
8/3w4/8/1w6/2wbb3/2b5/8/4b3 w,"(4, 5)",0
8/3w4/8/1w6/2wbb3/2b5/8/4b3 b,"(4, 4)",0
8/3w4/8/1w1wb3/2wbb3/2b5/8/4b3 w,"(5, 4)",50
8/3w4/8/1w1wb3/2wbb3/2b5/8/4b3 b,"(2, 7)",50
8/3w4/5b2/1w1wb3/2wbb3/2b5/1w6/4b3 w,"(6, 3)",100,1
1ww2w2/1b6/1w2w3/b6b/7b/1wb4b/8/6b1 b,"(8, 3)",50
1ww2w2/1b6/1w2w2w/b6b/7b/1wb4b/7b/6b1 w,"(8, 7)",100,1
8/8/8/2b5/8/8/8/8 w,"(3, 4)",0
8/8/8/2b5/8/8/8/8 b,"(4, 5)",0
8/8/8/2b1b3/3w4/8/8/8 w,"(5, 4)",0
8/8/8/2b1b3/3w4/8/8/8 b,"(4, 4)",0
8/8/3b4/2bwb3/3w4/8/8/8 w,"(4, 3)",0
8/8/3b4/2bwb3/3w4/8/8/8 b,"(5, 3)",0
8/8/3bw3/2bwb3/2bw4/8/8/8 w,"(3, 5)",0
8/8/3bw3/2bwb3/2bw4/8/8/8 b,"(5, 5)",0
8/8/3bw3/2bwbb2/2bww3/8/8/8 w,"(6, 4)",0
8/8/3bw3/2bwbb2/2bww3/8/8/8 b,"(4, 6)",-50
8/8/3bw3/1bbwbb2/2bww3/3w4/8/8 w,"(2, 4)",-50
8/8/3bw3/1bbwbb2/2bww3/3w4/8/8 b,"(4, 7)",-100,-1
1w1ww3/b2w1w1w/2bb1bb1/2b1wwb1/wbb2ww1/4bbb1/2w1bb2/ww5b b,"(1, 6)",-50
1w1ww3/b2w1w1w/2bb1bb1/2b1wwb1/wbb2ww1/w3bbb1/b1w1bb2/ww5b w,"(1, 7)",50
1w1ww3/b2w1w1w/2bb1bb1/2b1wwb1/wbb2ww1/w3bbb1/b1w1bb2/ww5b b,"(3, 1)",-100,-1
8/b5w1/6bw/wb2w3/b7/5b2/8/8 b,"(3, 4)",0
8/b5w1/3b2bw/wbw1w3/b7/5b2/8/8 w,"(4, 3)",0
8/b5w1/3b2bw/wbw1w3/b7/5b2/8/8 b,"(4, 4)",-50
8/b5w1/3b2bw/wbwww3/b3b3/5b2/8/8 w,"(5, 5)",-50
8/b5w1/3b2bw/wbwww3/b3b3/5b2/8/8 b,"(6, 4)",-100,-1
1w3b2/4w3/7b/1wb5/b6w/w3wbbw/w2b2w1/2bbbbw1 w,"(3, 8)",100,1
b3b1bw/6w1/1ww5/b2b4/8/4w3/2b5/8 w,"(4, 4)",0
b3b1bw/6w1/1ww5/b2b4/8/4w3/2b5/8 b,"(4, 5)",-50
b3b1bw/6w1/1ww5/b1bb4/3w4/4w3/2b5/8 w,"(3, 4)",50
b3b1bw/6w1/1ww5/b1bb4/3w4/4w3/2b5/8 b,"(5, 5)",50
b3b1bw/6w1/1ww5/bbbb4/3ww3/4w3/2b5/8 w,"(2, 4)",100,1
w1bb1b1w/4b1w1/2b1bww1/1wb4w/b2w3b/2wwb2w/1w1bbw1b/b2b1w2 b,"(3, 2)",-50
w1bb1b1w/2w1b1w1/2bbbww1/1wb4w/b2w3b/2wwb2w/1w1bbw1b/b2b1w2 w,"(4, 3)",100,1
8/8/8/3b4/8/8/8/8 b,"(3, 4)",0
8/8/8/2wb4/4b3/8/8/8 w,"(5, 5)",0
8/8/8/2wb4/4b3/8/8/8 b,"(5, 4)",0
8/8/8/2wbw3/4b3/3b4/8/8 w,"(4, 6)",0
8/8/8/2wbw3/4b3/3b4/8/8 b,"(5, 6)",0
8/8/8/2wbw3/3bb3/3bw3/8/8 w,"(4, 5)",50
8/8/8/2wbw3/3bb3/3bw3/8/8 b,"(4, 3)",50
8/8/3w4/2wbw3/3bb3/3bw3/3b4/8 w,"(4, 7)",100,1
w1b1w1w1/w1b1w1wb/1b3wb1/b1bw3b/3b2wb/2w1b3/b1b2wbw/7w w,"(3, 4)",100,1
b3b2b/6w1/1wbbw1b1/w2w4/b3w3/2wwbwb1/7b/8 w,"(3, 3)",-50
b3b2b/6w1/1wbbw1b1/w2w4/b3w3/2wwbwb1/7b/8 b,"(7, 7)",-100,-1
3wb3/2b5/1bw4b/w1w1b1b1/w1bb1bw1/2ww4/1wb5/3w2b1 b,"(4, 3)",50
3wb3/2b5/1bww3b/w1w1b1b1/w1bbbbw1/2ww4/1wb5/3w2b1 w,"(5, 5)",100,1
8/5bb1/w7/4b3/8/8/8/2w5 b,"(4, 5)",0
8/5bb1/w7/3bb3/3w4/8/8/2w5 w,"(4, 4)",0
8/5bb1/w7/3bb3/3w4/8/8/2w5 b,"(4, 6)",0
8/5bb1/w3b3/3bb3/3w4/3w4/8/2w5 w,"(5, 3)",50
8/5bb1/w3b3/3bb3/3w4/3w4/8/2w5 b,"(3, 5)",-50
8/5bb1/w3b3/1b1bb3/2ww4/3w4/8/2w5 w,"(2, 4)",50
8/5bb1/w3b3/1b1bb3/2ww4/3w4/8/2w5 b,"(3, 4)",50
6b1/5bb1/w3b3/1bwbb3/2ww4/3w4/8/2w5 w,"(7, 1)",100,1
8/3b4/8/8/8/8/8/8 b,"(4, 4)",0
8/3b4/8/3w4/4b3/8/8/8 w,"(5, 5)",0
8/3b4/8/3w4/4b3/8/8/8 b,"(4, 3)",0
8/3b4/3w4/3w4/3bb3/8/8/8 w,"(4, 5)",0
8/3b4/3w4/3w4/3bb3/8/8/8 b,"(3, 5)",0
8/3b4/3w4/3w4/2wbb3/4b3/8/8 w,"(5, 6)",0
8/3b4/3w4/3w4/2wbb3/4b3/8/8 b,"(4, 6)",0
8/3b4/3w4/3wb3/2wbb3/3wb3/8/8 w,"(5, 4)",50
8/3b4/3w4/3wb3/2wbb3/3wb3/8/8 b,"(5, 3)",-50
8/3b4/3ww3/3wb3/2wbb3/1b1wb3/8/8 w,"(2, 6)",50
8/3b4/3ww3/3wb3/2wbb3/1b1wb3/8/8 b,"(5, 7)",-50
8/3b4/3ww3/1b1wb3/2wbb3/1b1wb3/4w3/8 w,"(2, 4)",-50
8/3b4/3ww3/1b1wb3/2wbb3/1b1wb3/4w3/8 b,"(6, 2)",-100,-1
5b2/1w6/5b2/bw3wb1/2w5/1b1w1w2/8/6bb b,"(1, 3)",-100,-1
1w6/8/5b2/b7/8/3b4/7w/8 b,"(5, 5)",0
1w6/8/5b2/b7/3bw3/3b4/7w/8 w,"(4, 5)",0
1w6/8/5b2/b7/3bw3/3b4/7w/8 b,"(4, 3)",0
1w6/8/3w1b2/b2b4/3bw3/3b4/7w/8 w,"(4, 4)",50
1w6/8/3w1b2/b2b4/3bw3/3b4/7w/8 b,"(4, 7)",1
1w6/8/3w1b2/b2bb3/3bw3/3b4/3w3w/8 w,"(5, 4)",50
1w6/8/3w1b2/b2bb3/3bw3/3b4/3w3w/8 b,"(3, 6)",50
1w6/6b1/3w1b2/b2bb3/3bw3/2wb4/3w3w/8 w,"(7, 2)",100,1
w1b1b3/1bbbbwb1/1w1w1b1b/8/4bww1/wwb3bb/w2b1w1w/1bw1wwwb w,"(2, 2)",100,1
8/2b5/3b4/4b3/8/7w/8/2w5 w,"(5, 4)",50
8/2b5/3b4/4b3/8/7w/8/2w5 b,"(2, 1)",50
1w6/2b5/3b4/4b3/5b2/7w/8/2w5 w,"(6, 5)",100,1
bwb4w/1b1b3w/1bwwb1ww/w2bbw1b/wb2b2b/bb3w2/w1ww1b2/1w1b4 w,"(1, 6)",50
bwb4w/1b1b3w/1bwwb1ww/w2bbw1b/wb2b2b/bb3w2/w1ww1b2/1w1b4 b,"(2, 4)",-50
bwb4w/1b1b3w/1bwwb1ww/ww1bbw1b/wb2b2b/bb3w2/wbww1b2/1w1b4 w,"(2, 7)",50
bwb4w/1b1b3w/1bwwb1ww/ww1bbw1b/wb2b2b/bb3w2/wbww1b2/1w1b4 b,"(3, 5)",50
bwb4w/1b1bb2w/1bwwb1ww/ww1bbw1b/wbw1b2b/bb3w2/wbww1b2/1w1b4 w,"(5, 2)",100,1
b7/8/6b1/2b1b3/6w1/4bw2/3w4/5w2 w,"(5, 4)",0
b7/8/6b1/2b1b3/6w1/4bw2/3w4/5w2 b,"(4, 4)",0
b7/8/6b1/2bwb3/3b2w1/4bw2/3w4/5w2 w,"(4, 5)",50
b7/8/6b1/2bwb3/3b2w1/4bw2/3w4/5w2 b,"(2, 3)",50
b7/8/1w4b1/2bwb3/3b2w1/4bw2/3w1b2/5w2 w,"(6, 7)",100,1
1wb1b1b1/3w2w1/7w/1b1b1bwb/b1b1b3/b1b3bw/1wwbwww1/1w1w1b1w w,"(4, 4)",-50
1wb1b1b1/3w2w1/7w/1b1b1bwb/b1b1b3/b1b3bw/1wwbwww1/1w1w1b1w b,"(8, 7)",-100,-1
1b5b/b2b2w1/1bb5/4ww1w/2w1b3/b2w2b1/2ww4/1w2wb1b w,"(5, 5)",-50
1b5b/b2b2w1/1bb5/4ww1w/2w1b3/b2w2b1/2ww4/1w2wb1b b,"(7, 4)",-100,-1
8/8/8/8/8/8/3wb2b/8 b,"(4, 4)",0
8/8/8/3w4/3b4/8/3wb2b/8 w,"(4, 5)",0
8/8/8/3w4/3b4/8/3wb2b/8 b,"(3, 5)",0
8/8/3b4/3w4/2wb4/8/3wb2b/8 w,"(4, 3)",0
8/8/3b4/3w4/2wb4/8/3wb2b/8 b,"(5, 5)",0
8/8/3b4/3w4/2wbw3/3b4/3wb2b/8 w,"(4, 6)",0
8/8/3b4/3w4/2wbw3/3b4/3wb2b/8 b,"(5, 4)",0
8/8/3b4/3wwb2/2wbw3/3b4/3wb2b/8 w,"(6, 4)",0
8/8/3b4/3wwb2/2wbw3/3b4/3wb2b/8 b,"(3, 4)",-50
8/8/3b4/2wwwb2/2wbwb2/3b4/3wb2b/8 w,"(6, 5)",-50
8/8/3b4/2wwwb2/2wbwb2/3b4/3wb2b/8 b,"(2, 4)",-100,-1
bb2w1w1/1wb2bw1/bbw3wb/2bwbb1b/1wbw2b1/1wwbbww1/3w4/5w1b b,"(1, 4)",-100,-1
3bww2/bw2bw2/w2bwb2/wbb1b3/1bw3bb/2wb2ww/2bw4/4b1w1 w,"(3, 4)",100,1
8/8/8/4b3/8/8/8/8 w,"(5, 4)",0
8/8/8/4b3/8/8/8/8 b,"(4, 4)",0
8/8/3b4/3wb3/8/8/8/8 w,"(4, 3)",0
8/8/3b4/3wb3/8/8/8/8 b,"(4, 6)",0
8/8/3b4/3wb3/3b4/3w4/8/8 w,"(4, 5)",0
8/8/3b4/3wb3/3b4/3w4/8/8 b,"(5, 6)",0
8/8/3b4/2bwb3/3b4/3ww3/8/8 w,"(3, 4)",0
8/8/3b4/2bwb3/3b4/3ww3/8/8 b,"(6, 5)",0
8/8/3b4/2bwb3/2bb1w2/3ww3/8/8 w,"(3, 5)",0
8/8/3b4/2bwb3/2bb1w2/3ww3/8/8 b,"(5, 5)",0
8/8/3b4/2bwb3/1bbbww2/3ww3/8/8 w,"(2, 5)",50
8/8/3b4/2bwb3/1bbbww2/3ww3/8/8 b,"(1, 5)",50
8/8/3b4/2bwb3/wbbbww2/b2ww3/8/8 w,"(1, 6)",100,1
1w6/5bbb/wbww2w1/bbbb1ww1/b3b3/5b2/1w1b4/ww2bw1w w,"(4, 4)",100,1
7w/2w1bw2/8/8/3b3b/7b/1b2ww2/6b1 w,"(4, 5)",0
7w/2w1bw2/8/8/3b3b/7b/1b2ww2/6b1 b,"(3, 5)",0
7w/2w1bw2/8/8/2wbb2b/7b/1b2ww2/6b1 w,"(5, 5)",0
7w/2w1bw2/8/8/2wbb2b/7b/1b2ww2/6b1 b,"(4, 4)",-50
7w/2w1bw2/4b3/3w4/2wbb2b/7b/1b2ww2/6b1 w,"(5, 3)",50
7w/2w1bw2/4b3/3w4/2wbb2b/7b/1b2ww2/6b1 b,"(4, 3)",50
7w/2w1bw2/3wb3/3wb3/2wbb2b/7b/1b2ww2/6b1 w,"(5, 4)",100,1
w1w1w1bb/4b1ww/b2b1www/1b4bw/wwbw1b2/3bb2w/1bw5/bwb3bb w,"(4, 6)",100,1
5w2/3w3w/2b1bwbb/3bw3/2b2b1w/bw2w3/b7/1b4w1 w,"(4, 4)",50
5w2/3w3w/2b1bwbb/3bw3/2b2b1w/bw2w3/b7/1b4w1 b,"(6, 2)",-50
5w2/3w1w1w/2bbbwbb/3bw3/2b2b1w/bw2w3/b7/1b4w1 w,"(4, 3)",50
5w2/3w1w1w/2bbbwbb/3bw3/2b2b1w/bw2w3/b7/1b4w1 b,"(2, 3)",-50
5w2/3w1w1w/1wbbbwbb/3bw3/2b1bb1w/bw2w3/b7/1b4w1 w,"(5, 5)",50
5w2/3w1w1w/1wbbbwbb/3bw3/2b1bb1w/bw2w3/b7/1b4w1 b,"(2, 2)",-50
5w2/1w1w1w1w/1wbbbwbb/3bw3/2bbbb1w/bw2w3/b7/1b4w1 w,"(4, 5)",100,1
8/8/2bb4/8/w7/6w1/6b1/8 b,"(5, 4)",0
8/8/2bb4/3bw3/w7/6w1/6b1/8 w,"(4, 4)",0
8/8/2bb4/3bw3/w7/6w1/6b1/8 b,"(3, 5)",0
8/8/2bb4/3bw3/w1wb4/6w1/6b1/8 w,"(4, 5)",50
8/8/2bb4/3bw3/w1wb4/6w1/6b1/8 b,"(4, 2)",50
8/3w4/2bb4/3bw3/w1wb4/3b2w1/6b1/8 w,"(4, 6)",100,1
8/8/4b3/8/2w5/2w1w3/b1b2bw1/2b5 b,"(4, 4)",0
8/8/4b3/3w4/2w1b3/2w1w3/b1b2bw1/2b5 w,"(5, 5)",0
8/8/4b3/3w4/2w1b3/2w1w3/b1b2bw1/2b5 b,"(4, 5)",0
8/8/4b3/3wb3/2wwb3/2w1w3/b1b2bw1/2b5 w,"(5, 4)",50
8/8/4b3/3wb3/2wwb3/2w1w3/b1b2bw1/2b5 b,"(4, 6)",-50
8/8/4b3/3wb3/2wwb3/1bwww3/b1b2bw1/2b5 w,"(2, 6)",50
8/8/4b3/3wb3/2wwb3/1bwww3/b1b2bw1/2b5 b,"(4, 3)",-100,-1
w1b1b3/2w4b/wb6/w2bb3/8/8/4b1ww/8 w,"(4, 4)",-50
w1b1b3/2w4b/wb6/w2bb3/8/8/4b1ww/8 b,"(1, 2)",-100,-1
8/8/1b6/8/8/8/3b4/1w6 b,"(5, 5)",0
8/8/1b6/2b5/4w3/8/3b4/1w6 w,"(3, 4)",0
8/8/1b6/2b5/4w3/8/3b4/1w6 b,"(3, 5)",0
8/8/1b6/2b5/2wbw3/8/3b4/1w6 w,"(4, 5)",50
8/8/1b6/2b5/2wbw3/8/3b4/1w6 b,"(1, 2)",50
8/w7/1b6/2b5/2wbw3/4b3/3b4/1w6 w,"(5, 6)",100,1
w3b3/w1wwb3/1b4w1/2b5/1wb1w1bb/2wb4/1w1b1b2/2w2b2 b,"(2, 2)",-100,-1
w3b1ww/1b4b1/1w1w1b2/2b4b/8/b6b/w2b1w2/1w6 b,"(5, 4)",0
w3b1ww/1b4b1/1w1w1b2/2bbw2b/8/b6b/w2b1w2/1w6 w,"(4, 4)",0
w3b1ww/1b4b1/1w1w1b2/2bbw2b/8/b6b/w2b1w2/1w6 b,"(5, 3)",-50
w3b1ww/1b4b1/1wbwwb2/2bbw2b/8/b6b/w2b1w2/1w6 w,"(3, 3)",50
w3b1ww/1b4b1/1wbwwb2/2bbw2b/8/b6b/w2b1w2/1w6 b,"(5, 5)",-50
w3b1ww/1b2b1b1/1wbwwb2/2bbw2b/4w3/b6b/w2b1w2/1w6 w,"(5, 2)",-50
w3b1ww/1b2b1b1/1wbwwb2/2bbw2b/4w3/b6b/w2b1w2/1w6 b,"(5, 6)",-100,-1
b4bbw/4w3/1ww1bwb1/1b2bbb1/1w2w2b/2bww3/w1bwwwb1/2bb2w1 w,"(3, 7)",50
b4bbw/4w3/1ww1bwb1/1b2bbb1/1w2w2b/2bww3/w1bwwwb1/2bb2w1 b,"(3, 5)",-50
b4bbw/4w3/1ww1bwb1/1b1bbbb1/1ww1w2b/2bww3/w1bwwwb1/2bb2w1 w,"(4, 4)",100,1
1b2b2w/3w2bb/b1w5/wb2w3/w1bbbww1/4w3/b2bbw1w/1w1bw2b w,"(2, 4)",50
1b2b2w/3w2bb/b1w5/wb2w3/w1bbbww1/4w3/b2bbw1w/1w1bw2b b,"(2, 5)",-50
1b2b2w/3w2bb/b1w5/wb2w3/wwbbbww1/3bw3/b2bbw1w/1w1bw2b w,"(4, 6)",100,1
8/1b5w/8/3b4/2wb4/5w2/b2bw3/8 w,"(4, 4)",50
8/1b5w/8/3b4/2wb4/5w2/b2bw3/8 b,"(4, 6)",-50
8/1b5w/8/1b1b4/2wb4/3w1w2/b2bw3/8 w,"(2, 4)",-50
8/1b5w/8/1b1b4/2wb4/3w1w2/b2bw3/8 b,"(6, 8)",-100,-1
8/8/8/8/8/8/8/b7 b,"(5, 5)",0
8/8/8/8/2b1w3/8/8/b7 w,"(3, 5)",0
8/8/8/8/2b1w3/8/8/b7 b,"(4, 4)",0
8/8/8/3w4/2b1w3/3b4/8/b7 w,"(4, 6)",0
8/8/8/3w4/2b1w3/3b4/8/b7 b,"(4, 3)",0
8/8/3w4/3wb3/2b1w3/3b4/8/b7 w,"(5, 4)",0
8/8/3w4/3wb3/2b1w3/3b4/8/b7 b,"(4, 5)",-50
8/8/3w4/2bwb3/2bww3/3b4/8/b7 w,"(3, 4)",-50
8/8/3w4/2bwb3/2bww3/3b4/8/b7 b,"(4, 2)",-100,-1
w7/7b/8/8/8/8/4b3/8 b,"(4, 4)",0
w7/7b/8/2bw4/8/8/4b3/8 w,"(3, 4)",0
w7/7b/8/2bw4/8/8/4b3/8 b,"(5, 4)",0
w7/7b/8/2bww3/2b5/8/4b3/8 w,"(3, 5)",0
w7/7b/8/2bww3/2b5/8/4b3/8 b,"(4, 6)",0
w7/7b/8/2bww3/2b1b3/3w4/4b3/8 w,"(5, 5)",0
w7/7b/8/2bww3/2b1b3/3w4/4b3/8 b,"(4, 5)",-50
w7/7b/3b4/2bww3/2bwb3/3w4/4b3/8 w,"(4, 3)",-50
w7/7b/3b4/2bww3/2bwb3/3w4/4b3/8 b,"(4, 7)",-100,-1
8/4b3/8/8/8/8/8/8 b,"(4, 5)",0
8/4b3/8/8/3wb3/8/8/8 w,"(5, 5)",0
8/4b3/8/8/3wb3/8/8/8 b,"(5, 4)",0
8/4b3/8/4w3/3wb3/3b4/8/8 w,"(4, 6)",0
8/4b3/8/4w3/3wb3/3b4/8/8 b,"(4, 4)",0
8/4b3/8/3ww3/2bwb3/3b4/8/8 w,"(3, 5)",0
8/4b3/8/3ww3/2bwb3/3b4/8/8 b,"(3, 4)",-50
8/4b3/8/1bwww3/2bwb3/3b4/8/8 w,"(2, 4)",50
8/4b3/8/1bwww3/2bwb3/3b4/8/8 b,"(1, 3)",-50
8/4b3/w7/1bwww3/2bwb3/3b4/4b3/8 w,"(5, 7)",100,1
w1b4w/w3w2b/w3www1/2w1b1b1/w2wbwbb/2b4b/bb4b1/b7 b,"(1, 4)",-100,-1
8/8/8/2b5/8/8/8/8 w,"(3, 4)",0
8/8/8/2b5/8/8/8/8 b,"(5, 5)",0
8/8/3b4/2b5/4w3/8/8/8 w,"(4, 3)",0
8/8/3b4/2b5/4w3/8/8/8 b,"(4, 5)",0
8/8/3b4/2b5/3ww3/3b4/8/8 w,"(4, 6)",0
8/8/3b4/2b5/3ww3/3b4/8/8 b,"(4, 4)",0
8/8/3bb3/2bw4/3ww3/3b4/8/8 w,"(5, 3)",0
8/8/3bb3/2bw4/3ww3/3b4/8/8 b,"(6, 4)",0
8/8/3bb3/2bw1w2/3wwb2/3b4/8/8 w,"(6, 5)",0
8/8/3bb3/2bw1w2/3wwb2/3b4/8/8 b,"(5, 4)",-50
8/8/3bb3/1bbwww2/3wwb2/3b4/8/8 w,"(2, 4)",-50
8/8/3bb3/1bbwww2/3wwb2/3b4/8/8 b,"(7, 4)",-100,-1
8/8/1b6/4w3/4b3/1w6/8/2b5 w,"(5, 5)",0
8/8/1b6/4w3/4b3/1w6/8/2b5 b,"(4, 5)",0
8/8/1b6/3bw3/3wb3/1w6/8/2b5 w,"(4, 4)",0
8/8/1b6/3bw3/3wb3/1w6/8/2b5 b,"(4, 6)",0
8/8/1b1b4/3bw3/3wb3/1w1w4/8/2b5 w,"(4, 3)",0
8/8/1b1b4/3bw3/3wb3/1w1w4/8/2b5 b,"(3, 5)",0
8/8/1b1b4/2bbw3/2wwb3/1w1w4/8/2b5 w,"(3, 4)",0
8/8/1b1b4/2bbw3/2wwb3/1w1w4/8/2b5 b,"(5, 3)",0
8/8/1b1bw3/2bbwb2/2wwb3/1w1w4/8/2b5 w,"(6, 4)",0
8/8/1b1bw3/2bbwb2/2wwb3/1w1w4/8/2b5 b,"(5, 6)",-50
8/8/1b1bw3/2bbwb2/1bwwb3/1w1ww3/8/2b5 w,"(2, 5)",50
8/8/1b1bw3/2bbwb2/1bwwb3/1w1ww3/8/2b5 b,"(1, 6)",-50
8/8/1b1bw3/2bbwb2/1bwwb3/wwbww3/8/2b5 w,"(3, 6)",50
8/8/1b1bw3/2bbwb2/1bwwb3/wwbww3/8/2b5 b,"(5, 2)",-50
8/4w3/1b1bw3/1bbbwb2/1bwwb3/wwbww3/8/2b5 w,"(2, 4)",50
8/4w3/1b1bw3/1bbbwb2/1bwwb3/wwbww3/8/2b5 b,"(1, 4)",-50
8/1b2w3/1b1bw3/wbbbwb2/1bwwb3/wwbww3/8/2b5 w,"(2, 2)",100,1
6b1/1bbb2b1/2b1w3/2b1w1bw/ww1w1w2/3wb2w/bw6/2b2wb1 b,"(1, 2)",-50
2b3b1/wbbb2b1/2b1w3/2b1w1bw/ww1w1w2/3wb2w/bw6/2b2wb1 w,"(3, 1)",100,1
w1bb2ww/2w1b1w1/2bb1bwb/1wb2w2/3w1wbb/1b2bwb1/bw5b/bww2w2 b,"(2, 5)",-50
w1bb2ww/2w1b1w1/2bbbbwb/1wb2w2/1w1w1wbb/1b2bwb1/bw5b/bww2w2 w,"(5, 3)",100,1
7w/2bw4/2bw4/2b1b1w1/2bbw3/5b2/w3bwb1/2b1w1w1 w,"(3, 4)",100,1
8/6b1/8/8/4b3/8/8/2w5 w,"(5, 5)",0
8/6b1/8/8/4b3/8/8/2w5 b,"(4, 5)",0
8/6b1/8/4b3/3wb3/8/8/2w5 w,"(5, 4)",0
8/6b1/8/4b3/3wb3/8/8/2w5 b,"(3, 4)",0
8/6b1/8/2wbb3/3wb3/8/8/2w5 w,"(4, 4)",0
8/6b1/8/2wbb3/3wb3/8/8/2w5 b,"(5, 6)",-50
8/6b1/1b6/2wbb3/3wb3/4w3/8/2w5 w,"(2, 3)",-50
8/6b1/1b6/2wbb3/3wb3/4w3/8/2w5 b,"(6, 7)",-100,-1
6ww/b1ww1bb1/1wbwww2/2w2bbb/7w/bb2w1bb/wbbbbw2/w2bw3 w,"(3, 7)",100,1
1wbw4/1b1w2b1/5w1b/3bwww1/bww2b2/wwbbwbw1/b2bw1w1/bbbbb1w1 w,"(2, 8)",100,1
5wbw/1wbb4/2wb2b1/2w4w/1b1w2bw/1b1wbwbb/1b2wbww/1b6 w,"(2, 5)",100,1
2w5/4b3/2b2w2/2b5/4b3/8/3w4/8 w,"(5, 5)",0
2w5/4b3/2b2w2/2b5/4b3/8/3w4/8 b,"(5, 4)",0
2w5/4b3/2b2w2/2bbw3/4b3/8/3w4/8 w,"(4, 4)",50
2w5/4b3/2b2w2/2bbw3/4b3/8/3w4/8 b,"(2, 2)",50
2w5/1w2b3/2b2w2/2bbw3/4b3/5b2/3w4/8 w,"(6, 6)",100,1
8/1w3b2/1ww5/4b3/b3wb2/2wb4/3b4/2b1w3 b,"(4, 4)",-100,-1
w1b1b1b1/b1w5/1bwb4/1w4ww/1wb4w/bbbbwbw1/w1w1w3/5b1b w,"(2, 6)",100,1
8/8/8/8/6b1/8/8/8 b,"(5, 5)",0
8/8/8/3b4/4w1b1/8/8/8 w,"(4, 4)",0
8/8/8/3b4/4w1b1/8/8/8 b,"(5, 4)",0
8/8/3b4/3bw3/4w1b1/8/8/8 w,"(4, 3)",0
8/8/3b4/3bw3/4w1b1/8/8/8 b,"(3, 4)",0
8/8/3b4/2wbw3/3bw1b1/8/8/8 w,"(4, 5)",50
8/8/3b4/2wbw3/3bw1b1/8/8/8 b,"(4, 2)",50
8/3w4/3b4/2wbw3/3bw1b1/3b4/8/8 w,"(4, 6)",100,1
2w1b3/1wb1b2b/b1b1w1w1/b2b4/1w1b4/2wb3b/1ww2w2/w7 b,"(4, 3)",-50
2w1b3/1wb1b2b/b1bww1w1/b2b4/1w1b4/2wb3b/1wwb1w2/w7 w,"(4, 7)",100,1
bb2b3/6w1/b2w3b/2b2w2/2bw1w1b/ww6/4bb2/4ww2 b,"(4, 4)",-50
bb2b3/3b2w1/b2w3b/2bw1w2/2bw1w1b/ww6/4bb2/4ww2 w,"(4, 2)",-50
bb2b3/3b2w1/b2w3b/2bw1w2/2bw1w1b/ww6/4bb2/4ww2 b,"(4, 6)",-100,-1
4b1bw/2b5/7b/2w5/6w1/1b2b3/w1w1w3/2wb2b1 b,"(3, 5)",-50
4b1bw/2b5/7b/2w5/2w3w1/1bb1b3/w1w1w3/2wb2b1 w,"(3, 6)",50
4b1bw/2b5/7b/2w5/2w3w1/1bb1b3/w1w1w3/2wb2b1 b,"(4, 6)",-50
4b1bw/2b5/7b/1bw5/2w3w1/1bbwb3/w1w1w3/2wb2b1 w,"(2, 4)",-50
4b1bw/2b5/7b/1bw5/2w3w1/1bbwb3/w1w1w3/2wb2b1 b,"(6, 8)",-100,-1
1b6/1b2b3/2b1w3/6w1/8/8/b3wb2/1w5w b,"(4, 4)",0
1b6/1b2b3/2b1w3/2bw2w1/8/8/b3wb2/1w5w w,"(3, 4)",0
1b6/1b2b3/2b1w3/2bw2w1/8/8/b3wb2/1w5w b,"(4, 3)",0
1b6/1b2b3/2bww3/2bw2w1/3b4/8/b3wb2/1w5w w,"(4, 5)",50
1b6/1b2b3/2bww3/2bw2w1/3b4/8/b3wb2/1w5w b,"(5, 6)",0
1b6/1b2b3/2bww3/2bw2w1/3b4/3bw3/b3wb2/1w5w w,"(4, 6)",0
1b6/1b2b3/2bww3/2bw2w1/3b4/3bw3/b3wb2/1w5w b,"(5, 4)",-50
1b6/1b2b3/2bww3/2bww1w1/3bb3/3bw3/b3wb2/1w5w w,"(5, 5)",-50
1b6/1b2b3/2bww3/2bww1w1/3bb3/3bw3/b3wb2/1w5w b,"(6, 4)",-100,-1
5w2/3w1bb1/b5w1/8/2wb4/5b2/1w6/5b2 w,"(4, 5)",0
5w2/3w1bb1/b5w1/8/2wb4/5b2/1w6/5b2 b,"(4, 3)",0
5w2/3w1bb1/b2w2w1/4b3/2wb4/5b2/1w6/5b2 w,"(5, 4)",50
5w2/3w1bb1/b2w2w1/4b3/2wb4/5b2/1w6/5b2 b,"(6, 3)",-50
5w2/3w1bb1/b2w1ww1/4b3/2wb4/3b1b2/1w6/5b2 w,"(4, 6)",-50
5w2/3w1bb1/b2w1ww1/4b3/2wb4/3b1b2/1w6/5b2 b,"(5, 3)",-100,-1
2w2w1w/1b1w2wb/bw6/b1w2b2/3w1w2/wbbwbw2/7b/1b2b1bb b,"(1, 2)",-100,-1
w2w1b2/5bw1/1w6/bbb5/1www2w1/2w3b1/b1bwb3/wbbb1bw1 b,"(1, 5)",-100,-1
3b4/bbb2wb1/4w2w/5ww1/bww1b1ww/w2wbbw1/w1b4b/b1wbb1b1 b,"(2, 6)",-50
3b4/bbb2wb1/4w2w/5ww1/bww1b1ww/wwbwbbw1/w1b4b/b1wbb1b1 w,"(3, 6)",50
3b4/bbb2wb1/4w2w/5ww1/bww1b1ww/wwbwbbw1/w1b4b/b1wbb1b1 b,"(4, 2)",-100,-1
3w4/6w1/3b3b/1bw5/1w1b4/8/b1b2ww1/2b5 w,"(4, 5)",0
3w4/6w1/3b3b/1bw5/1w1b4/8/b1b2ww1/2b5 b,"(5, 4)",0
3w4/6w1/3b3b/1bwbw3/1w1b4/8/b1b2ww1/2b5 w,"(4, 4)",50
3w4/6w1/3b3b/1bwbw3/1w1b4/8/b1b2ww1/2b5 b,"(4, 2)",50
3w4/3w2w1/3b3b/1bwbw3/1w1b4/3b4/b1b2ww1/2b5 w,"(4, 6)",100,1
b1w5/4b3/1b2w2w/1w4b1/ww1bbww1/5wb1/w1bb1bbb/4w3 b,"(5, 7)",-50
b1w5/4b3/1b2w2w/1w4b1/ww1bbww1/5wb1/w1bbwbbb/3bw3 w,"(4, 8)",50
b1w5/4b3/1b2w2w/1w4b1/ww1bbww1/5wb1/w1bbwbbb/3bw3 b,"(4, 6)",-50
b1w5/4b3/1b2w2w/1w4b1/wwbbbww1/3w1wb1/w1bbwbbb/3bw3 w,"(3, 5)",-50
b1w5/4b3/1b2w2w/1w4b1/wwbbbww1/3w1wb1/w1bbwbbb/3bw3 b,"(8, 4)",-100,-1
4bb2/bwbw4/w3b3/1bbb4/4ww1b/1ww2wb1/2w1w2b/8 b,"(1, 4)",50
4bb2/bwbw4/w3b3/wbbbb3/4ww1b/1ww2wb1/2w1w2b/8 w,"(5, 4)",100,1
8/8/4b3/6b1/4w3/3w4/5b2/8 b,"(3, 5)",0
8/8/4b3/4b1b1/2w1w3/3w4/5b2/8 w,"(5, 4)",0
8/8/4b3/4b1b1/2w1w3/3w4/5b2/8 b,"(4, 5)",-50
8/8/4b3/4b1b1/1bwww3/3w4/5b2/8 w,"(2, 5)",-50
8/8/4b3/4b1b1/1bwww3/3w4/5b2/8 b,"(6, 5)",-100,-1
3b2b1/w1b4b/wb2bbw1/b1w5/3w2ww/b1w5/2w5/w2b1b2 w,"(2, 3)",100,1
8/7b/8/5w2/b7/8/8/8 b,"(4, 5)",0
8/7b/8/5w2/b2wb3/8/8/8 w,"(5, 5)",0
8/7b/8/5w2/b2wb3/8/8/8 b,"(4, 4)",0
8/7b/3b4/3w1w2/b2wb3/8/8/8 w,"(4, 3)",0
8/7b/3b4/3w1w2/b2wb3/8/8/8 b,"(5, 4)",-50
8/7b/3b4/2bwww2/b2wb3/8/8/8 w,"(3, 4)",-50
8/7b/3b4/2bwww2/b2wb3/8/8/8 b,"(7, 4)",-100,-1
8/5w2/5b2/3b2bw/8/8/4w1b1/8 w,"(4, 4)",0
8/5w2/5b2/3b2bw/8/8/4w1b1/8 b,"(4, 5)",0
8/5w2/5b2/3bb1bw/3w4/8/4w1b1/8 w,"(5, 4)",50
8/5w2/5b2/3bb1bw/3w4/8/4w1b1/8 b,"(3, 5)",50
8/5w2/5b2/3bbbbw/2ww4/8/4w1b1/8 w,"(6, 4)",100,1
2bw4/1w4wb/b2wb2b/7w/5b2/b3w2w/8/b7 b,"(4, 4)",-50
2bw4/1w1b2wb/b2wb2b/3w3w/5b2/b3w2w/8/b7 w,"(4, 2)",50
2bw4/1w1b2wb/b2wb2b/3w3w/5b2/b3w2w/8/b7 b,"(6, 4)",1
2bw4/1w1b2wb/b2wb2b/3wbw1w/5b2/b3w2w/8/b7 w,"(5, 4)",1
2bw4/1w1b2wb/b2wb2b/3wbw1w/5b2/b3w2w/8/b7 b,"(4, 5)",-50
2bw4/1w1b2wb/b2wb2b/3wbw1w/2bw1b2/b3w2w/8/b7 w,"(3, 5)",-50
2bw4/1w1b2wb/b2wb2b/3wbw1w/2bw1b2/b3w2w/8/b7 b,"(4, 6)",-100,-1
b1w2ww1/w1bbwb2/2b3b1/1bw1w3/b4bw1/6w1/8/6b1 w,"(4, 2)",100,1
2w5/8/6b1/bb1wb2w/2bw4/1w1b2b1/4b1w1/3w4 w,"(4, 6)",100,1
1b6/4w3/8/8/3b4/8/8/8 w,"(4, 5)",0
1b6/4w3/8/8/3b4/8/8/8 b,"(5, 5)",0
1b6/4w3/3b4/8/3bw3/8/8/8 w,"(4, 3)",0
1b6/4w3/3b4/8/3bw3/8/8/8 b,"(5, 4)",-50
1b6/4w3/3b4/2b1w3/3bw3/8/8/8 w,"(3, 4)",-50
1b6/4w3/3b4/2b1w3/3bw3/8/8/8 b,"(5, 3)",-100,-1
1b1w1w2/wbww3w/6w1/4b1bb/1bb4w/wb1wb1wb/b6w/bbbb2ww w,"(1, 8)",100,1
8/8/8/1w1b4/4b3/8/8/8 w,"(4, 4)",0
8/8/8/1w1b4/4b3/8/8/8 b,"(4, 5)",0
8/8/3b4/1w1b4/3wb3/8/8/8 w,"(4, 3)",0
8/8/3b4/1w1b4/3wb3/8/8/8 b,"(5, 3)",0
8/8/3bw3/1w1b4/3wb3/3b4/8/8 w,"(4, 6)",0
8/8/3bw3/1w1b4/3wb3/3b4/8/8 b,"(5, 6)",0
8/8/3bw3/1wbb4/3wb3/3bw3/8/8 w,"(3, 4)",0
8/8/3bw3/1wbb4/3wb3/3bw3/8/8 b,"(5, 4)",0
8/8/2bbw3/1wbbw3/3wb3/3bw3/8/8 w,"(3, 3)",50
8/8/2bbw3/1wbbw3/3wb3/3bw3/8/8 b,"(2, 2)",50
8/1w6/2bbw3/1wbbw3/3wb3/3bwb2/8/8 w,"(6, 6)",100,1
8/bb1b4/8/1b6/4w1ww/7b/7w/1b3w2 b,"(3, 2)",-50
8/bbwb4/8/1b6/4wbww/7b/7w/1b3w2 w,"(6, 5)",0
8/bbwb4/8/1b6/4wbww/7b/7w/1b3w2 b,"(4, 4)",0
8/bbwb4/8/1b1wb3/4wbww/7b/7w/1b3w2 w,"(5, 4)",0
8/bbwb4/8/1b1wb3/4wbww/7b/7w/1b3w2 b,"(4, 3)",0
8/bbwb4/3w4/1b1wb3/3bwbww/7b/7w/1b3w2 w,"(4, 5)",0
8/bbwb4/3w4/1b1wb3/3bwbww/7b/7w/1b3w2 b,"(5, 6)",0
8/bbwb4/3w4/1bbwb3/3bwbww/4w2b/7w/1b3w2 w,"(3, 4)",50
8/bbwb4/3w4/1bbwb3/3bwbww/4w2b/7w/1b3w2 b,"(6, 4)",50
8/bbwb4/1b1w4/1bbwbw2/3bwbww/4w2b/7w/1b3w2 w,"(2, 3)",100,1
5w2/5w1b/3w4/5b1b/4b3/8/3b3w/8 w,"(5, 5)",50
5w2/5w1b/3w4/5b1b/4b3/8/3b3w/8 b,"(7, 3)",0
5w2/5w1b/3w2w1/5b1b/2b1b3/8/3b3w/8 w,"(3, 5)",0
5w2/5w1b/3w2w1/5b1b/2b1b3/8/3b3w/8 b,"(4, 5)",0
5w2/5w1b/3w2w1/4bb1b/2bwb3/8/3b3w/8 w,"(5, 4)",50
5w2/5w1b/3w2w1/4bb1b/2bwb3/8/3b3w/8 b,"(4, 6)",-50
5w2/5w1b/3w2w1/3bbb1b/2bwb3/3w4/3b3w/8 w,"(4, 4)",50
5w2/5w1b/3w2w1/3bbb1b/2bwb3/3w4/3b3w/8 b,"(3, 4)",-50
5w2/4bw1b/3w2w1/2wbbb1b/2bwb3/3w4/3b3w/8 w,"(5, 2)",50
5w2/4bw1b/3w2w1/2wbbb1b/2bwb3/3w4/3b3w/8 b,"(5, 3)",-50
5w2/4bw1b/3wwbw1/2wbbb1b/2bwb3/3w4/3b3w/8 w,"(6, 3)",50
5w2/4bw1b/3wwbw1/2wbbb1b/2bwb3/3w4/3b3w/8 b,"(2, 4)",50
5w2/4bw1b/3wwbw1/1wwbbbbb/2bwb3/3w4/3b3w/8 w,"(7, 4)",100,1
8/8/8/8/4b3/8/8/8 w,"(5, 5)",0
8/8/8/8/4b3/8/8/8 b,"(4, 5)",0
8/8/3b4/8/3wb3/8/8/8 w,"(4, 3)",0
8/8/3b4/8/3wb3/8/8/8 b,"(3, 4)",0
8/8/3b4/2w5/3wb3/3b4/8/8 w,"(4, 6)",0
8/8/3b4/2w5/3wb3/3b4/8/8 b,"(4, 4)",0
8/8/3b4/2ww4/3wb3/3bb3/8/8 w,"(5, 6)",0
8/8/3b4/2ww4/3wb3/3bb3/8/8 b,"(5, 4)",-50
8/8/3b4/1bwww3/3wb3/3bb3/8/8 w,"(2, 4)",-50
8/8/3b4/1bwww3/3wb3/3bb3/8/8 b,"(6, 4)",-100,-1
2w5/5b2/5b1w/1b5w/1b3w2/1bw2b2/wbb5/w1w1wbb1 w,"(2, 4)",100,1
w1b3w1/w3bbww/w1b3b1/4bbw1/2w2b1b/1wb1b3/1wbbbw2/w5w1 b,"(1, 4)",-100,-1
3bw1bb/bbw4w/b7/2w1w3/1w2b1b1/w5bw/5b1b/1w3wwb w,"(5, 5)",-50
3bw1bb/bbw4w/b7/2w1w3/1w2b1b1/w5bw/5b1b/1w3wwb b,"(4, 3)",-100,-1
2b5/2w5/2bwb3/3w4/1w5b/4w3/3b3b/8 b,"(4, 5)",-50
2b5/2wb4/2bwb3/3w4/1w1w3b/4w3/3b3b/8 w,"(4, 2)",50
2b5/2wb4/2bwb3/3w4/1w1w3b/4w3/3b3b/8 b,"(4, 6)",-100,-1
8/8/8/2b5/8/3b4/8/2w5 w,"(3, 4)",0
8/8/8/2b5/8/3b4/8/2w5 b,"(4, 5)",0
8/8/3b4/2b5/3w4/3b4/8/2w5 w,"(4, 3)",0
8/8/3b4/2b5/3w4/3b4/8/2w5 b,"(5, 4)",0
8/8/3bb3/2b1w3/3w4/3b4/8/2w5 w,"(5, 3)",0
8/8/3bb3/2b1w3/3w4/3b4/8/2w5 b,"(3, 5)",0
8/8/3bb3/2bbw3/2ww4/3b4/8/2w5 w,"(4, 4)",0
8/8/3bb3/2bbw3/2ww4/3b4/8/2w5 b,"(5, 5)",-50
8/8/3bb3/2bbw3/1bwww3/3b4/8/2w5 w,"(2, 5)",50
8/8/3bb3/2bbw3/1bwww3/3b4/8/2w5 b,"(1, 6)",-50
8/4b3/3bb3/2bbw3/1bwww3/w2b4/8/2w5 w,"(5, 2)",100,1
1w6/w1b4w/6b1/2w1bw2/b1b3w1/b3bbw1/4b3/3bw2w w,"(5, 4)",50
1w6/w1b4w/6b1/2w1bw2/b1b3w1/b3bbw1/4b3/3bw2w b,"(4, 5)",-50
1w6/w1b4w/1b4b1/2w1bw2/b1bw2w1/b3bbw1/4b3/3bw2w w,"(2, 3)",50
1w6/w1b4w/1b4b1/2w1bw2/b1bw2w1/b3bbw1/4b3/3bw2w b,"(5, 5)",-50
1w6/w1b4w/1b4b1/2w1bw2/b1bwwbw1/b3bbw1/4b3/3bw2w w,"(6, 5)",50
1w6/w1b4w/1b4b1/2w1bw2/b1bwwbw1/b3bbw1/4b3/3bw2w b,"(2, 4)",50
1w6/w1b4w/1b1b2b1/1ww1bw2/b1bwwbw1/b3bbw1/4b3/3bw2w w,"(4, 3)",100,1
7w/b3w3/1bb5/1bb5/w2b4/4ww2/5wbb/7w w,"(2, 3)",100,1
2w5/8/1w1wb3/1w1b4/1b2b3/1w4b1/1b3w2/6b1 w,"(5, 5)",0
2w5/8/1w1wb3/1w1b4/1b2b3/1w4b1/1b3w2/6b1 b,"(3, 4)",0
2w5/8/1w1wb3/1wwb4/1b1bb3/1w4b1/1b3w2/6b1 w,"(4, 5)",50
2w5/8/1w1wb3/1wwb4/1b1bb3/1w4b1/1b3w2/6b1 b,"(4, 6)",50
2w5/8/1w1wb3/1wwb4/1bbbb3/1w1w2b1/1b3w2/6b1 w,"(3, 5)",100,1
4bb1w/4bbb1/w2b2w1/bw3w2/3w4/1wbb3b/w4bw1/3w4 b,"(3, 4)",50
4bb1w/3bbbb1/w2b2w1/bww2w2/3w4/1wbb3b/w4bw1/3w4 w,"(4, 2)",100,1
1w5w/b6w/2w2b2/3w1w1b/bb2w1bw/5b1b/1bw1wb1w/1b2b1wb b,"(2, 2)",-100,-1
2w3wb/b1b2w2/1b3wb1/5www/b1b1wbw1/w1bwbw1b/1wb2wbb/w1bwb2b w,"(3, 6)",100,1
8/3w3b/8/w7/2b1w3/b4b2/8/8 w,"(3, 5)",0
8/3w3b/8/w7/2b1w3/b4b2/8/8 b,"(4, 3)",0
8/3w3b/3w4/w2b4/2b1w3/b4b2/8/8 w,"(4, 4)",0
8/3w3b/3w4/w2b4/2b1w3/b4b2/8/8 b,"(3, 4)",0
8/3w3b/3wb3/w1wb4/2b1w3/b4b2/8/8 w,"(5, 3)",50
8/3w3b/3wb3/w1wb4/2b1w3/b4b2/8/8 b,"(2, 6)",50
8/3w1b1b/3wb3/w1wb4/2b1w3/bw3b2/8/8 w,"(6, 2)",100,1
8/2w2w1w/b1b5/1b6/3b2b1/8/5w2/8 w,"(4, 5)",0
8/2w2w1w/b1b5/1b6/3b2b1/8/5w2/8 b,"(5, 4)",0
8/2w2w1w/b1b5/1b1bw3/3b2b1/8/5w2/8 w,"(4, 4)",0
8/2w2w1w/b1b5/1b1bw3/3b2b1/8/5w2/8 b,"(4, 6)",0
8/2w2w1w/b1b5/1b1bw3/3bb1b1/3w4/5w2/8 w,"(5, 5)",50
8/2w2w1w/b1b5/1b1bw3/3bb1b1/3w4/5w2/8 b,"(2, 2)",50
8/1ww2w1w/b1b5/1b1bw3/3bbbb1/3w4/5w2/8 w,"(6, 5)",100,1
b3ww1b/w7/4bw2/w3wb1w/2wb4/1bbw4/bb6/b1b1w3 w,"(1, 8)",100,1
b2b4/w2b4/bb1bw1b1/bbbw4/2b1bw1w/4w1b1/ww2w1ww/w7 b,"(3, 2)",-50
b2b4/w1wb4/bbbbw1b1/bbbw4/2b1bw1w/4w1b1/ww2w1ww/w7 w,"(3, 3)",100,1
w2b1b2/w2ww1wb/1w1w3b/1w6/2b5/3w2b1/3bb2w/b1b1b3 b,"(6, 2)",-100,-1
8/8/8/1b6/8/8/8/8 b,"(3, 4)",0
8/8/8/1bw1b3/8/8/8/8 w,"(5, 4)",0
8/8/8/1bw1b3/8/8/8/8 b,"(4, 4)",0
8/8/8/1bwwb3/4b3/8/8/8 w,"(5, 5)",0
8/8/8/1bwwb3/4b3/8/8/8 b,"(5, 3)",0
8/8/4w3/1bwwb3/4b3/3b4/8/8 w,"(4, 6)",0
8/8/4w3/1bwwb3/4b3/3b4/8/8 b,"(5, 6)",0
8/8/4w3/1bwwbb2/4b3/3bw3/8/8 w,"(6, 4)",50
8/8/4w3/1bwwbb2/4b3/3bw3/8/8 b,"(3, 7)",50
8/8/4w1b1/1bwwbb2/4b3/3bw3/2w5/8 w,"(7, 3)",100,1
w1w1w1b1/5b2/3w2bw/bwwb2w1/bb1bww1b/1w3bbw/1w2bwb1/b1b2b1w b,"(3, 5)",-50
w1w1w1b1/5b2/3wb1bw/bwwb2w1/bbwbww1b/1w3bbw/1w2bwb1/b1b2b1w w,"(5, 3)",100,1
b2w4/1w1w1b2/6b1/2b5/3w4/8/ww3b2/2b4b b,"(4, 4)",-50
b2w4/1w1w1b2/3b2b1/2bw4/3w4/8/ww3b2/2b4b w,"(4, 3)",0
b2w4/1w1w1b2/3b2b1/2bw4/3w4/8/ww3b2/2b4b b,"(5, 4)",-50
b2w4/1w1w1b2/3b2b1/2bww3/2bw4/8/ww3b2/2b4b w,"(3, 5)",-50
b2w4/1w1w1b2/3b2b1/2bww3/2bw4/8/ww3b2/2b4b b,"(3, 6)",-100,-1
3wwbbb/3wwb1b/3b3b/w2w4/7w/3bb3/b1w5/3w4 w,"(4, 3)",50
3wwbbb/3wwb1b/3b3b/w2w4/7w/3bb3/b1w5/3w4 b,"(5, 4)",-50
3wwbbb/3wwb1b/3bb2b/w2ww3/7w/3bb3/b1w5/3w4 w,"(5, 3)",50
3wwbbb/3wwb1b/3bb2b/w2ww3/7w/3bb3/b1w5/3w4 b,"(4, 5)",50
3wwbbb/3wwb1b/3bb2b/w2ww2b/3w3w/3bb3/b1w5/3w4 w,"(8, 4)",100,1
7w/b7/1b3b2/b3w2b/3bww2/2w4b/1wbwbw1b/2bww3 b,"(2, 5)",-100,-1
3w4/8/5w2/2wb4/2b5/b1b3bw/8/8 w,"(4, 4)",0
3w4/8/5w2/2wb4/2b5/b1b3bw/8/8 b,"(5, 4)",0
3w4/8/3b1w2/2wbw3/2b5/b1b3bw/8/8 w,"(4, 3)",0
3w4/8/3b1w2/2wbw3/2b5/b1b3bw/8/8 b,"(4, 5)",-50
3w4/8/3bbw2/2wbw3/2bw4/b1b3bw/8/8 w,"(5, 3)",50
3w4/8/3bbw2/2wbw3/2bw4/b1b3bw/8/8 b,"(2, 6)",-50
3w4/5b2/3bbw2/2wbw3/2bw4/bwb3bw/8/8 w,"(6, 2)",100,1
2w4w/3b1b2/ww3w1b/2w2w2/bb1b4/bb1w4/w2bbb2/w1w3b1 b,"(3, 5)",-50
2w4w/3b1b2/ww3w1b/1bw2w2/bbwb4/bb1w4/w2bbb2/w1w3b1 w,"(2, 4)",50
2w4w/3b1b2/ww3w1b/1bw2w2/bbwb4/bb1w4/w2bbb2/w1w3b1 b,"(2, 7)",50
2w4w/3b1b2/wwb2w1b/1bw2w2/bbwb4/bb1w4/ww1bbb2/w1w3b1 w,"(3, 3)",100,1
8/w7/4b2b/3wb3/3b3w/8/1b3w2/8 b,"(3, 6)",0
8/w7/4b2b/3wb3/3bb2w/2w5/1b3w2/8 w,"(5, 5)",50
8/w7/4b2b/3wb3/3bb2w/2w5/1b3w2/8 b,"(5, 2)",50
8/w3w3/4b2b/3wb3/3bb2w/2w1b3/1b3w2/8 w,"(5, 6)",100,1
4w1b1/8/4b3/b7/7w/1w6/1b1w4/6b1 b,"(4, 4)",0
4w1b1/8/4b3/b2w4/4b2w/1w6/1b1w4/6b1 w,"(5, 5)",0
4w1b1/8/4b3/b2w4/4b2w/1w6/1b1w4/6b1 b,"(4, 5)",-50
4w1b1/8/4b3/b2w4/2bwb2w/1w6/1b1w4/6b1 w,"(3, 5)",-50
4w1b1/8/4b3/b2w4/2bwb2w/1w6/1b1w4/6b1 b,"(4, 6)",-100,-1
3b4/1b4w1/2b3bb/w3b3/1b4w1/w7/2w4b/2ww4 b,"(4, 5)",0
3b4/1b4w1/2b3bb/w2bb3/1b1w2w1/w7/2w4b/2ww4 w,"(4, 4)",50
3b4/1b4w1/2b3bb/w2bb3/1b1w2w1/w7/2w4b/2ww4 b,"(1, 1)",50
w2b4/1b4w1/2b3bb/w2bb3/1b1wb1w1/w7/2w4b/2ww4 w,"(5, 5)",100,1
3b4/4b1w1/1b5b/w1b2bww/1b1w3b/2w2bb1/2bww3/1w2w3 b,"(5, 4)",-50
3b4/4b1w1/1b5b/w1b1wbww/1b1w3b/2w2bb1/1bbww3/1w2w3 w,"(2, 7)",50
3b4/4b1w1/1b5b/w1b1wbww/1b1w3b/2w2bb1/1bbww3/1w2w3 b,"(4, 3)",-50
3b4/4b1w1/1b1w1b1b/w1b1wbww/1b1w3b/2w2bb1/1bbww3/1w2w3 w,"(6, 3)",50
3b4/4b1w1/1b1w1b1b/w1b1wbww/1b1w3b/2w2bb1/1bbww3/1w2w3 b,"(6, 5)",-50
3b4/2b1b1w1/1b1w1b1b/w1b1wbww/1b1w1w1b/2w2bb1/1bbww3/1w2w3 w,"(3, 2)",-50
3b4/2b1b1w1/1b1w1b1b/w1b1wbww/1b1w1w1b/2w2bb1/1bbww3/1w2w3 b,"(5, 6)",-100,-1
w1wb1b2/2b2w2/3bw1b1/2w1wwb1/8/2w5/1b3b1b/3ww1bb b,"(4, 2)",-100,-1
6w1/wb6/bw5w/1b1b2w1/7w/7b/3b3b/8 w,"(4, 4)",0
6w1/wb6/bw5w/1b1b2w1/7w/7b/3b3b/8 b,"(4, 5)",-50
6w1/wb6/bw5w/1bbb2w1/3w3w/7b/3b3b/8 w,"(3, 4)",50
6w1/wb6/bw5w/1bbb2w1/3w3w/7b/3b3b/8 b,"(1, 4)",50
6w1/wb6/bw5w/wbbbb1w1/3w3w/7b/3b3b/8 w,"(5, 4)",100,1
2w2bb1/5b2/b5b1/1ww1b3/2w2w1w/bb3bww/wbbwww2/1b1w1bb1 b,"(2, 5)",-50
2w2bb1/5b2/b5b1/1ww1b3/1ww2w1w/bb1b1bww/wbbwww2/1b1w1bb1 w,"(4, 6)",50
2w2bb1/5b2/b5b1/1ww1b3/1ww2w1w/bb1b1bww/wbbwww2/1b1w1bb1 b,"(3, 6)",-50
2w2bb1/5b2/b5b1/bww1b3/1ww2w1w/bbwb1bww/wbbwww2/1b1w1bb1 w,"(1, 4)",50
2w2bb1/5b2/b5b1/bww1b3/1ww2w1w/bbwb1bww/wbbwww2/1b1w1bb1 b,"(1, 5)",-50
2w2bb1/5b2/b1b3b1/bww1b3/www2w1w/bbwb1bww/wbbwww2/1b1w1bb1 w,"(3, 3)",50
2w2bb1/5b2/b1b3b1/bww1b3/www2w1w/bbwb1bww/wbbwww2/1b1w1bb1 b,"(4, 5)",-100,-1
2b2b2/5w2/8/4w3/8/6b1/8/1b1w4 b,"(4, 5)",0
2b2b2/5w2/3b4/4w3/3w4/6b1/8/1b1w4 w,"(4, 3)",0
2b2b2/5w2/3b4/4w3/3w4/6b1/8/1b1w4 b,"(5, 5)",0
2b2b2/5w2/3b4/4w3/3ww3/3b2b1/8/1b1w4 w,"(4, 6)",0
2b2b2/5w2/3b4/4w3/3ww3/3b2b1/8/1b1w4 b,"(4, 4)",0
2b2b2/5w2/3b4/2bww3/3ww3/3b2b1/8/1b1w4 w,"(3, 4)",50
2b2b2/5w2/3b4/2bww3/3ww3/3b2b1/8/1b1w4 b,"(5, 2)",-50
2b2b2/4ww2/3bb3/2bww3/3ww3/3b2b1/8/1b1w4 w,"(5, 3)",0
2b2b2/4ww2/3bb3/2bww3/3ww3/3b2b1/8/1b1w4 b,"(3, 5)",-50
2b2b2/4ww2/3bb3/2bww3/1bwww3/3b2b1/8/1b1w4 w,"(2, 5)",50
2b2b2/4ww2/3bb3/2bww3/1bwww3/3b2b1/8/1b1w4 b,"(1, 6)",-50
2b2b2/4ww2/2bbb3/2bww3/1bwww3/w2b2b1/8/1b1w4 w,"(3, 3)",50
2b2b2/4ww2/2bbb3/2bww3/1bwww3/w2b2b1/8/1b1w4 b,"(2, 3)",-50
2b2b2/2b1ww2/1wbbb3/2bww3/1bwww3/w2b2b1/8/1b1w4 w,"(3, 2)",100,1
3w4/8/4w2b/1b3b2/8/8/8/1w5b b,"(3, 4)",0
3w4/8/4w2b/1bw1bb2/8/8/8/1w5b w,"(5, 4)",0
3w4/8/4w2b/1bw1bb2/8/8/8/1w5b b,"(4, 4)",0
3w4/8/4w2b/1bwwbb2/4b3/8/8/1w5b w,"(5, 5)",0
3w4/8/4w2b/1bwwbb2/4b3/8/8/1w5b b,"(4, 5)",0
3w4/8/4w2b/1bwwbb2/2bwb3/8/8/1w5b w,"(3, 5)",0
3w4/8/4w2b/1bwwbb2/2bwb3/8/8/1w5b b,"(4, 3)",-50
3w4/3b4/3ww2b/1bwwbb2/2bwb3/8/8/1w5b w,"(4, 2)",-50
3w4/3b4/3ww2b/1bwwbb2/2bwb3/8/8/1w5b b,"(4, 6)",-100,-1
8/1b6/8/5w2/8/8/8/3b4 b,"(5, 5)",0
8/1b6/8/5w2/3bw3/8/8/3b4 w,"(4, 5)",0
8/1b6/8/5w2/3bw3/8/8/3b4 b,"(4, 4)",0
8/1b6/3b4/3w1w2/3bw3/8/8/3b4 w,"(4, 3)",0
8/1b6/3b4/3w1w2/3bw3/8/8/3b4 b,"(5, 4)",-50
8/1b6/3b4/2bwww2/3bw3/8/8/3b4 w,"(3, 4)",-50
8/1b6/3b4/2bwww2/3bw3/8/8/3b4 b,"(7, 4)",-100,-1
8/w4bw1/3w4/1b2b1b1/3w3w/2b5/2b5/1b1w4 w,"(5, 4)",0
8/w4bw1/3w4/1b2b1b1/3w3w/2b5/2b5/1b1w4 b,"(4, 4)",-50
8/w2b1bw1/3w4/1b1wb1b1/3w3w/2b5/2b5/1b1w4 w,"(4, 2)",-50
8/w2b1bw1/3w4/1b1wb1b1/3w3w/2b5/2b5/1b1w4 b,"(4, 6)",-100,-1
b2w1w2/b2bw2w/3w4/1w3w2/3wb1w1/2bb3w/2bb3b/wbbw1bb1 w,"(2, 8)",100,1
bb2w1b1/ww1w4/1w2w1w1/wb2bbb1/4w2w/1bbwbbb1/b1w3b1/wb2ww1b b,"(3, 2)",-100,-1
1b6/3w4/3w1w2/b4w2/2w1b3/5b2/5wb1/3b3b w,"(5, 5)",100,1
8/3b4/8/3b4/8/8/8/5w2 w,"(4, 4)",0
8/3b4/8/3b4/8/8/8/5w2 b,"(3, 5)",0
8/3b4/8/3b4/2wb4/8/8/5w2 w,"(4, 5)",50
8/3b4/8/3b4/2wb4/8/8/5w2 b,"(4, 6)",-50
8/3b4/3b4/3b4/2wb4/3w4/8/5w2 w,"(4, 3)",100,1
b2b4/2w4w/8/b1bbw3/8/5w2/4w2b/8 w,"(3, 4)",50
b2b4/2w4w/8/b1bbw3/8/5w2/4w2b/8 b,"(5, 5)",-50
b2b4/2w4w/8/bbbbw3/4w3/5w2/4w2b/8 w,"(2, 4)",100,1
3bw2b/1b3bw1/1b2bbwb/www1bb2/wb4bw/1w4w1/1ww2wbw/w1b3bb w,"(2, 5)",50
3bw2b/1b3bw1/1b2bbwb/www1bb2/wb4bw/1w4w1/1ww2wbw/w1b3bb b,"(4, 2)",-50
3bw2b/1b1w1bw1/1bb1bbwb/www1bb2/wb4bw/1w4w1/1ww2wbw/w1b3bb w,"(3, 3)",50
3bw2b/1b1w1bw1/1bb1bbwb/www1bb2/wb4bw/1w4w1/1ww2wbw/w1b3bb b,"(4, 3)",-50
3bw2b/1b1w1bw1/1bbwbbwb/wwwbbb2/wb4bw/1w4w1/1ww2wbw/w1b3bb w,"(4, 4)",50
3bw2b/1b1w1bw1/1bbwbbwb/wwwbbb2/wb4bw/1w4w1/1ww2wbw/w1b3bb b,"(1, 1)",-50
w2bw2b/1b1w1bw1/1bbwbbwb/wwwbbb2/wbb3bw/1w4w1/1ww2wbw/w1b3bb w,"(3, 5)",100,1
1wb4b/1bww1b1b/2w4w/3wb3/8/1bb1w2b/3w1w2/bww3bb b,"(6, 5)",-100,-1
8/b7/2w5/wb6/3b2ww/6b1/8/5b2 w,"(4, 5)",0
8/b7/2w5/wb6/3b2ww/6b1/8/5b2 b,"(3, 4)",0
8/b7/2wb4/wbw5/3b2ww/6b1/8/5b2 w,"(4, 3)",0
8/b7/2wb4/wbw5/3b2ww/6b1/8/5b2 b,"(5, 4)",0
8/b7/2wb4/wbwbw3/3b2ww/6b1/8/5b2 w,"(4, 4)",50
8/b7/2wb4/wbwbw3/3b2ww/6b1/8/5b2 b,"(4, 2)",50
8/b2w4/2wb4/wbwbw3/3b2ww/3b2b1/8/5b2 w,"(4, 6)",100,1
2wb2b1/4wbbw/1w1b4/1b6/5w2/1b6/w7/1w3b2 b,"(4, 4)",0
2wb2b1/4wbbw/1w1b4/1bbw4/5w2/1b6/w7/1w3b2 w,"(3, 4)",0
2wb2b1/4wbbw/1w1b4/1bbw4/5w2/1b6/w7/1w3b2 b,"(4, 5)",0
2wb2b1/4wbbw/1w1b4/1bbw4/3w1w2/1b1b4/w7/1w3b2 w,"(4, 6)",0
2wb2b1/4wbbw/1w1b4/1bbw4/3w1w2/1b1b4/w7/1w3b2 b,"(3, 5)",-50
2wb2b1/4wbbw/1w1bb3/1bbw4/2ww1w2/1b1b4/w7/1w3b2 w,"(5, 3)",-50
2wb2b1/4wbbw/1w1bb3/1bbw4/2ww1w2/1b1b4/w7/1w3b2 b,"(5, 5)",-100,-1
3bb3/5bw1/b4ww1/5b1w/w4w2/6b1/7b/8 b,"(3, 4)",0
3bb3/5bw1/b4ww1/2w2b1w/w3bw2/6b1/7b/8 w,"(5, 5)",0
3bb3/5bw1/b4ww1/2w2b1w/w3bw2/6b1/7b/8 b,"(4, 3)",-50
3bb3/5bw1/b2wbww1/2w2b1w/w3bw2/6b1/7b/8 w,"(5, 3)",0
3bb3/5bw1/b2wbww1/2w2b1w/w3bw2/6b1/7b/8 b,"(4, 5)",-50
3bb3/5bw1/b2wbww1/2w1bb1w/w2wbw2/6b1/7b/8 w,"(5, 4)",50
3bb3/5bw1/b2wbww1/2w1bb1w/w2wbw2/6b1/7b/8 b,"(5, 2)",-50
3bb3/4wbw1/b2wbww1/2w1bb1w/wb1wbw2/6b1/7b/8 w,"(2, 5)",50
3bb3/4wbw1/b2wbww1/2w1bb1w/wb1wbw2/6b1/7b/8 b,"(5, 6)",-50
3bb3/4wbw1/bb1wbww1/2w1bb1w/wb1wbw2/4w1b1/7b/8 w,"(2, 3)",-50
3bb3/4wbw1/bb1wbww1/2w1bb1w/wb1wbw2/4w1b1/7b/8 b,"(6, 1)",-100,-1
2b2b1b/b1w1b1w1/3w4/1b4b1/8/8/3w4/1w5w b,"(5, 4)",-50
1bb2b1b/b1w1b1w1/3w4/1b2w1b1/8/8/3w4/1w5w w,"(2, 1)",-50
1bb2b1b/b1w1b1w1/3w4/1b2w1b1/8/8/3w4/1w5w b,"(6, 5)",-100,-1
1ww2wbb/bb1ww3/w1bbbb1w/2bw3w/w1w1b1w1/1bwb1b2/w3b1wb/4w1bb w,"(4, 3)",100,1
5b1b/1b3w1w/w2w4/b1w3ww/8/w5bb/4b3/1b3b2 b,"(2, 5)",-100,-1
8/wb2b3/1b6/2w1bw2/3b2w1/1w6/2b5/1w5b w,"(5, 4)",0
8/wb2b3/1b6/2w1bw2/3b2w1/1w6/2b5/1w5b b,"(5, 5)",0
8/wb2b3/1b6/2w1bw2/3bw1w1/1w1b4/2b5/1w5b w,"(4, 6)",0
8/wb2b3/1b6/2w1bw2/3bw1w1/1w1b4/2b5/1w5b b,"(3, 5)",0
8/wb2b3/1b6/2wbbw2/2wbw1w1/1w1b4/2b5/1w5b w,"(4, 4)",50
8/wb2b3/1b6/2wbbw2/2wbw1w1/1w1b4/2b5/1w5b b,"(4, 3)",50
8/wb2b3/1b1w4/2wbbw2/2wbw1w1/1w1b4/2bb4/1w5b w,"(4, 7)",100,1
1wwwb1wb/2b1w1b1/wb1w1b2/5b2/2w3w1/bbw5/1bw3bw/b1bb3w b,"(1, 1)",-100,-1
8/1ww1b3/bbbb2ww/4w1bw/b1bbwbwb/3w1wb1/3bb2w/1wbwwbw1 w,"(2, 3)",100,1
8/8/8/8/4b3/8/8/8 w,"(5, 5)",0
8/8/8/8/4b3/8/8/8 b,"(5, 4)",0
8/8/8/4w3/3bb3/8/8/8 w,"(4, 5)",0
8/8/8/4w3/3bb3/8/8/8 b,"(4, 6)",0
8/8/8/4w3/2bbb3/3w4/8/8 w,"(3, 5)",50
8/8/8/4w3/2bbb3/3w4/8/8 b,"(2, 5)",50
8/8/8/4w3/1wbbbb2/3w4/8/8 w,"(6, 5)",100,1
7w/2b3bw/6b1/2w5/4b1b1/7w/3wb3/8 b,"(4, 4)",50
7w/2b3bw/6b1/2ww2b1/4b1b1/7w/3wb3/8 w,"(7, 4)",100,1
8/b7/5w2/4bb2/2w2w1w/4w3/2b4b/2b5 w,"(5, 4)",0
8/b7/5w2/4bb2/2w2w1w/4w3/2b4b/2b5 b,"(4, 3)",0
8/b7/3w1w2/3bbb2/2w2w1w/4w3/2b4b/2b5 w,"(4, 4)",50
8/b7/3w1w2/3bbb2/2w2w1w/4w3/2b4b/2b5 b,"(3, 4)",50
8/b7/3w1w2/2wbbbb1/2w2w1w/4w3/2b4b/2b5 w,"(7, 4)",100,1
5wb1/1bb1b1w1/w2w2wb/b1w1b1w1/b3b3/1w2b3/w2ww1b1/1bw3b1 w,"(5, 2)",50
5wb1/1bb1b1w1/w2w2wb/b1w1b1w1/b3b3/1w2b3/w2ww1b1/1bw3b1 b,"(4, 2)",-50
5wb1/1bbwb1w1/w2wb1wb/b1w1b1w1/b3b3/1w2b3/w2ww1b1/1bw3b1 w,"(5, 3)",100,1
8/8/8/8/8/8/8/3b4 b,"(5, 5)",0
8/8/8/8/3bw3/8/8/3b4 w,"(4, 5)",0
8/8/8/8/3bw3/8/8/3b4 b,"(4, 3)",0
8/8/3w4/8/2bbw3/8/8/3b4 w,"(3, 5)",0
8/8/3w4/8/2bbw3/8/8/3b4 b,"(4, 4)",0
8/8/3wb3/3w4/2bbw3/8/8/3b4 w,"(5, 3)",0
8/8/3wb3/3w4/2bbw3/8/8/3b4 b,"(5, 6)",0
8/8/3wb3/3w1b2/2bbw3/4w3/8/3b4 w,"(6, 4)",0
8/8/3wb3/3w1b2/2bbw3/4w3/8/3b4 b,"(5, 4)",-50
8/8/3wb3/1b1wwb2/2bbw3/4w3/8/3b4 w,"(2, 4)",-50
8/8/3wb3/1b1wwb2/2bbw3/4w3/8/3b4 b,"(5, 7)",-100,-1
5b2/w2wbb2/8/3b4/8/3b4/2w2b2/1w5w b,"(5, 5)",0
5b2/w2wbb2/8/3b4/3bw3/3b4/2w2b2/1w5w w,"(4, 5)",50
5b2/w2wbb2/8/3b4/3bw3/3b4/2w2b2/1w5w b,"(4, 3)",50
5b2/w2wbb2/3w4/3b4/3bw3/3b4/2wb1b2/1w5w w,"(4, 7)",100,1
2b5/5w1b/1w2w1b1/1wb1b1ww/3bw3/wb1w1b1b/2b5/3b1wwb b,"(4, 4)",-50
2b5/5w1b/1w2w1b1/1wbwb1ww/b2bw3/wb1w1b1b/2b5/3b1wwb w,"(1, 5)",100,1
1b2wb2/1bb2w2/3wb1b1/2w1bb1w/b2ww1w1/1w1wbwbw/2b2ww1/1bbbb1w1 w,"(3, 8)",100,1
1w3bw1/1b1b1w2/bwb3b1/5b2/wwb3wb/wb3b2/1bw1b3/2www3 w,"(2, 6)",-50
1w3bw1/1b1b1w2/bwb3b1/5b2/wwb3wb/wb3b2/1bw1b3/2www3 b,"(2, 8)",-100,-1
3b1w2/wb1w1bww/bbw2w2/1w1bw1b1/bb3bb1/b4bwb/1wb4b/1w1w1w1w b,"(1, 4)",-50
3b1w2/wb1w1bww/bbw2w2/ww1bw1b1/bb1b1bb1/b4bwb/1wb4b/1w1w1w1w w,"(4, 5)",50
3b1w2/wb1w1bww/bbw2w2/ww1bw1b1/bb1b1bb1/b4bwb/1wb4b/1w1w1w1w b,"(3, 5)",-50
3bbw2/wb1w1bww/bbw2w2/ww1bw1b1/bbwb1bb1/b4bwb/1wb4b/1w1w1w1w w,"(5, 1)",50
3bbw2/wb1w1bww/bbw2w2/ww1bw1b1/bbwb1bb1/b4bwb/1wb4b/1w1w1w1w b,"(5, 5)",-50
3bbw2/wb1w1bww/bbw1bw2/ww1bw1b1/bbwbwbb1/b4bwb/1wb4b/1w1w1w1w w,"(5, 3)",50
3bbw2/wb1w1bww/bbw1bw2/ww1bw1b1/bbwbwbb1/b4bwb/1wb4b/1w1w1w1w b,"(6, 4)",-50
3bbwb1/wb1w1bww/bbw1bw2/ww1bwwb1/bbwbwbb1/b4bwb/1wb4b/1w1w1w1w w,"(7, 1)",100,1
3w4/1www2w1/b3b3/bw3b2/4b1wb/w2bb1b1/8/b1b1wwwb b,"(1, 2)",-100,-1
wbw4b/1wbb1b1b/1wbwbw2/2bb3b/w3w2b/wbwwbbw1/3ww2w/2wb3b w,"(2, 6)",50
wbw4b/1wbb1b1b/1wbwbw2/2bb3b/w3w2b/wbwwbbw1/3ww2w/2wb3b b,"(3, 5)",-50
wbw4b/1wbb1b1b/1wbwbw2/1bbb3b/w1w1w2b/wbwwbbw1/3ww2w/2wb3b w,"(2, 4)",50
wbw4b/1wbb1b1b/1wbwbw2/1bbb3b/w1w1w2b/wbwwbbw1/3ww2w/2wb3b b,"(1, 4)",-50
wbw4b/1wbb1b1b/bwbwbw2/wbbb3b/w1w1w2b/wbwwbbw1/3ww2w/2wb3b w,"(1, 3)",50
wbw4b/1wbb1b1b/bwbwbw2/wbbb3b/w1w1w2b/wbwwbbw1/3ww2w/2wb3b b,"(1, 7)",-100,-1
b1w1b3/3w2bb/8/w4b2/7w/w4w2/6wb/1b1b4 b,"(4, 4)",-50
b1w1b3/3w2bb/8/w2w1b2/4b2w/w4w2/6wb/1b1b4 w,"(5, 5)",50
b1w1b3/3w2bb/8/w2w1b2/4b2w/w4w2/6wb/1b1b4 b,"(4, 5)",-50
b1w1b3/3w2bb/3b4/w2w1b2/3wb2w/w4w2/6wb/1b1b4 w,"(4, 3)",50
b1w1b3/3w2bb/3b4/w2w1b2/3wb2w/w4w2/6wb/1b1b4 b,"(3, 5)",50
b1w1b3/3w2bb/3b2b1/w2w1b2/2wwb2w/w4w2/6wb/1b1b4 w,"(7, 3)",100,1
8/8/1w4b1/2b2w2/8/2w5/6b1/1bbw4 b,"(5, 4)",0
8/8/1w4b1/2bbww2/8/2w5/6b1/1bbw4 w,"(4, 4)",0
8/8/1w4b1/2bbww2/8/2w5/6b1/1bbw4 b,"(4, 5)",-50
8/8/1w4b1/2bbww2/3w4/2w5/1b4b1/1bbw4 w,"(2, 7)",-50
8/8/1w4b1/2bbww2/3w4/2w5/1b4b1/1bbw4 b,"(6, 3)",-100,-1
8/4b3/7b/7w/8/8/8/8 b,"(5, 4)",0
8/4b3/7b/4w2w/3b4/8/8/8 w,"(4, 5)",0
8/4b3/7b/4w2w/3b4/8/8/8 b,"(5, 5)",0
8/4b3/7b/3bw2w/3bw3/8/8/8 w,"(4, 4)",0
8/4b3/7b/3bw2w/3bw3/8/8/8 b,"(3, 4)",0
8/4b3/7b/2wbw2w/2bbw3/8/8/8 w,"(3, 5)",0
8/4b3/7b/2wbw2w/2bbw3/8/8/8 b,"(6, 4)",-50
8/4b3/4b2b/2wbww1w/2bbw3/8/8/8 w,"(5, 3)",50
8/4b3/4b2b/2wbww1w/2bbw3/8/8/8 b,"(2, 6)",-50
8/4bb2/4b2b/2wbww1w/2bbw3/1w6/8/8 w,"(6, 2)",100,1
w1wbw2b/bwb3b1/wb2b1w1/w1b1w1b1/bwbwb1w1/3ww3/2w1b2b/3b1w1b w,"(1, 2)",50
w1wbw2b/bwb3b1/wb2b1w1/w1b1w1b1/bwbwb1w1/3ww3/2w1b2b/3b1w1b b,"(3, 3)",-50
w1wbw2b/bwb3b1/wbw1b1w1/w1bbw1b1/bwbwb1w1/3ww3/2w1b2b/3b1w1b w,"(4, 4)",50
w1wbw2b/bwb3b1/wbw1b1w1/w1bbw1b1/bwbwb1w1/3ww3/2w1b2b/3b1w1b b,"(2, 6)",-50
w1wbw2b/bwb3b1/wbw1b1w1/w1bbw1b1/bwbwb1w1/1wbww3/2w1b2b/3b1w1b w,"(3, 6)",50
w1wbw2b/bwb3b1/wbw1b1w1/w1bbw1b1/bwbwb1w1/1wbww3/2w1b2b/3b1w1b b,"(6, 2)",-50
w1wbw2b/bwb2wb1/wbw1b1w1/w1bbw1b1/bwbwbbw1/1wbww3/2w1b2b/3b1w1b w,"(6, 5)",-50
w1wbw2b/bwb2wb1/wbw1b1w1/w1bbw1b1/bwbwbbw1/1wbww3/2w1b2b/3b1w1b b,"(8, 4)",-100,-1
2w3w1/8/1b6/2bbw3/2bb4/7w/1w6/1b2b2w w,"(4, 5)",50
2w3w1/8/1b6/2bbw3/2bb4/7w/1w6/1b2b2w b,"(1, 2)",50
2w3w1/w7/1b6/2bbw3/2bb4/4b2w/1w6/1b2b2w w,"(5, 6)",100,1
8/5w2/8/3bb3/5b1w/b7/4w3/8 w,"(4, 4)",0
8/5w2/8/3bb3/5b1w/b7/4w3/8 b,"(3, 5)",0
8/5w2/8/3bb3/2w2b1w/b2b4/4w3/8 w,"(4, 6)",0
8/5w2/8/3bb3/2w2b1w/b2b4/4w3/8 b,"(4, 3)",0
8/5w2/3w4/3bb3/2wb1b1w/b2b4/4w3/8 w,"(4, 5)",50
8/5w2/3w4/3bb3/2wb1b1w/b2b4/4w3/8 b,"(3, 4)",50
8/5w2/3w4/2wbb3/2wb1b1w/b2b4/3bw3/8 w,"(4, 7)",100,1
8/6w1/8/8/1b6/3b4/8/8 b,"(5, 5)",0
8/6w1/8/2b5/1b2w3/3b4/8/8 w,"(3, 4)",0
8/6w1/8/2b5/1b2w3/3b4/8/8 b,"(3, 5)",0
8/6w1/4b3/2b5/1bw1w3/3b4/8/8 w,"(5, 3)",0
8/6w1/4b3/2b5/1bw1w3/3b4/8/8 b,"(4, 4)",0
8/6w1/3bb3/2bw4/1bw1w3/3b4/8/8 w,"(4, 3)",50
8/6w1/3bb3/2bw4/1bw1w3/3b4/8/8 b,"(1, 6)",50
8/4b1w1/3bb3/2bw4/1bw1w3/w2b4/8/8 w,"(5, 2)",100,1
3b4/2wwb3/1w1w2bb/8/1w1bb2w/3bb3/1w6/8 b,"(4, 4)",50
3b4/2wwb3/1w1w2bb/3w1b2/1w1bb2w/3bb3/1w6/8 w,"(6, 4)",100,1
8/7w/1ww1b3/b7/bw1b4/3b4/8/8 w,"(4, 5)",0
8/7w/1ww1b3/b7/bw1b4/3b4/8/8 b,"(5, 4)",0
8/7w/1ww1b3/b2bw3/bw1b4/3b4/8/8 w,"(4, 4)",50
8/7w/1ww1b3/b2bw3/bw1b4/3b4/8/8 b,"(4, 3)",-50
8/7w/bwwwb3/b2bw3/bw1b4/3b4/8/8 w,"(1, 3)",50
8/7w/bwwwb3/b2bw3/bw1b4/3b4/8/8 b,"(1, 2)",50
8/w6w/bwwwb3/b2bw3/bw1b4/b2b4/8/8 w,"(1, 6)",100,1
1bb1w3/1bw2www/1bw5/bbbw3b/5ww1/4bb2/4wb2/wb1w3b w,"(2, 2)",100,1
8/8/8/2b5/8/8/8/8 b,"(5, 4)",0
8/8/3b4/2b1w3/8/8/8/8 w,"(4, 3)",0
8/8/3b4/2b1w3/8/8/8/8 b,"(4, 5)",0
8/8/3b4/2b1w3/2bw4/8/8/8 w,"(3, 5)",0
8/8/3b4/2b1w3/2bw4/8/8/8 b,"(5, 3)",0
8/8/3bw3/2b1w3/2bw4/4b3/8/8 w,"(5, 6)",0
8/8/3bw3/2b1w3/2bw4/4b3/8/8 b,"(5, 5)",-50
8/4b3/3bw3/2b1w3/2bww3/4b3/8/8 w,"(5, 2)",50
8/4b3/3bw3/2b1w3/2bww3/4b3/8/8 b,"(2, 5)",50
5b2/4b3/3bw3/2b1w3/1wbww3/4b3/8/8 w,"(6, 1)",100,1
8/8/8/8/1b6/8/8/8 b,"(4, 5)",0
8/8/8/2b5/1b1w4/8/8/8 w,"(3, 4)",0
8/8/8/2b5/1b1w4/8/8/8 b,"(4, 3)",0
8/8/3w4/2b1b3/1b1w4/8/8/8 w,"(5, 4)",0
8/8/3w4/2b1b3/1b1w4/8/8/8 b,"(4, 4)",-50
8/3b4/3w4/2bwb3/1b1w4/8/8/8 w,"(4, 2)",-50
8/3b4/3w4/2bwb3/1b1w4/8/8/8 b,"(4, 6)",-100,-1
8/3w4/8/6bw/2bw4/1b5b/b1wb2b1/2w1w3 b,"(4, 4)",-50
8/3w4/8/2bw2bw/2bw4/1b5b/b1wb2b1/2w1w3 w,"(3, 4)",-50
8/3w4/8/2bw2bw/2bw4/1b5b/b1wb2b1/2w1w3 b,"(4, 3)",-100,-1
3bwwb1/b2b3b/bb1b2w1/bww2w2/1w3www/bbwb2b1/w1bww1w1/2bb2wb w,"(1, 4)",50
3bwwb1/b2b3b/bb1b2w1/bww2w2/1w3www/bbwb2b1/w1bww1w1/2bb2wb b,"(1, 1)",-50
w2bwwb1/b2b3b/bb1b2w1/bww2w2/bw3www/bbwb2b1/w1bww1w1/2bb2wb w,"(1, 5)",100,1
w3b1ww/b3wb2/1b1bw1bw/b1b2b2/5b2/3w3w/bbw3w1/2b2ww1 b,"(4, 5)",50
w3b1ww/b3wb2/1b1bwbbw/b1b2b2/3w1b2/3w3w/bbw3w1/2b2ww1 w,"(6, 3)",100,1
8/6b1/1w4w1/5w2/3w1b2/b6b/5b2/8 b,"(5, 5)",-50
8/6b1/1w4w1/5w2/3wwb2/b2b3b/5b2/8 w,"(4, 6)",-50
8/6b1/1w4w1/5w2/3wwb2/b2b3b/5b2/8 b,"(8, 2)",-100,-1
1b3b2/w4w2/1b3bb1/1w1bb1w1/1wbb4/w2wb1b1/bbw3w1/4ww1w b,"(2, 6)",-50
1b3b2/w4w2/1b3bb1/1wbbb1w1/1wbb4/ww1wb1b1/bbw3w1/4ww1w w,"(3, 4)",100,1
4b1w1/bw1w4/b2b3b/8/5w1b/8/3ww2w/4bb2 b,"(5, 4)",-50
4b1w1/bw1w4/b2b3b/4w3/5w1b/6b1/3ww2w/4bb2 w,"(7, 6)",50
4b1w1/bw1w4/b2b3b/4w3/5w1b/6b1/3ww2w/4bb2 b,"(6, 7)",-50
4b1w1/bw1w4/b2b3b/4w3/5w1b/6b1/2bwww1w/4bb2 w,"(3, 7)",-50
4b1w1/bw1w4/b2b3b/4w3/5w1b/6b1/2bwww1w/4bb2 b,"(7, 7)",-100,-1
1w1wb2w/1w4ww/bb1wb2w/4bb2/b1bwww2/w4b2/wbb4b/bb6 b,"(5, 2)",-50
1w1wb2w/1w2wbww/bb1wb2w/4bb2/b1bwww2/w4b2/wbb4b/bb6 w,"(6, 2)",50
1w1wb2w/1w2wbww/bb1wb2w/4bb2/b1bwww2/w4b2/wbb4b/bb6 b,"(4, 4)",-50
1w1wb2w/1w2wbww/bbbwb2w/3wbb2/b1bwww2/w4b2/wbb4b/bb6 w,"(3, 3)",-50
1w1wb2w/1w2wbww/bbbwb2w/3wbb2/b1bwww2/w4b2/wbb4b/bb6 b,"(4, 2)",-100,-1
1b5b/8/2w5/3b4/1bww1w1w/8/8/3b1b2 w,"(4, 4)",-50
1b5b/8/2w5/3b4/1bww1w1w/8/8/3b1b2 b,"(5, 5)",-100,-1
b1wb3b/b1w4w/4b3/1w1w2bb/3www1w/3w4/1bw1bb2/4b2b b,"(2, 8)",-100,-1
8/8/8/3b4/8/b2w4/8/8 w,"(4, 4)",0
8/8/8/3b4/8/b2w4/8/8 b,"(4, 5)",0
8/8/8/2bb4/3w4/b2w4/8/8 w,"(3, 4)",0
8/8/8/2bb4/3w4/b2w4/8/8 b,"(3, 5)",0
8/8/8/2bbb3/2ww4/b2w4/8/8 w,"(5, 4)",50
8/8/8/2bbb3/2ww4/b2w4/8/8 b,"(2, 4)",-50
8/8/b7/1wbbb3/2ww4/b2w4/8/8 w,"(1, 3)",50
8/8/b7/1wbbb3/2ww4/b2w4/8/8 b,"(5, 7)",-100,-1
2w3b1/1b4b1/b2bw2w/2b5/2b5/3w3w/8/5w2 w,"(4, 3)",0
2w3b1/1b4b1/b2bw2w/2b5/2b5/3w3w/8/5w2 b,"(5, 5)",0
2w3b1/1b4b1/b2bw2w/2b5/2bbw3/3w3w/8/5w2 w,"(4, 5)",0
2w3b1/1b4b1/b2bw2w/2b5/2bbw3/3w3w/8/5w2 b,"(4, 4)",0
2w3b1/1b4b1/b2bw2w/2bwb3/2bbw3/3w3w/8/5w2 w,"(5, 4)",50
2w3b1/1b4b1/b2bw2w/2bwb3/2bbw3/3w3w/8/5w2 b,"(6, 3)",-50
2w3b1/1b4b1/b2bwwbw/2bwb3/2bbw3/3w3w/8/5w2 w,"(7, 3)",50
2w3b1/1b4b1/b2bwwbw/2bwb3/2bbw3/3w3w/8/5w2 b,"(6, 5)",50
2w3b1/1b4b1/b2bwwbw/2bwb1b1/2bbww2/3w3w/8/5w2 w,"(7, 4)",100,1
2w1bw2/b1w5/2www1bw/b2bb1b1/2b5/wwbbw1b1/1wbw4/b7 b,"(2, 3)",-100,-1
8/6b1/8/8/7w/1b6/8/8 b,"(3, 4)",0
8/6b1/8/2w1b3/7w/1b6/8/8 w,"(5, 4)",0
8/6b1/8/2w1b3/7w/1b6/8/8 b,"(5, 5)",0
8/6b1/8/2w1b3/3bw2w/1b6/8/8 w,"(4, 5)",50
8/6b1/8/2w1b3/3bw2w/1b6/8/8 b,"(3, 5)",50
8/6b1/5b2/2w1b3/2wbw2w/1b6/8/8 w,"(6, 3)",100,1
bb6/w6b/8/3bw3/3b4/8/3b2w1/wbw1w3 w,"(4, 4)",50
bb6/w6b/8/3bw3/3b4/8/3b2w1/wbw1w3 b,"(4, 3)",50
bb6/w6b/3w4/3bw3/3b4/3b4/3b2w1/wbw1w3 w,"(4, 6)",100,1
8/8/8/3b4/8/8/8/8 w,"(4, 4)",0
8/8/8/3b4/8/8/8/8 b,"(4, 5)",0
8/8/3b4/3b4/3w4/8/8/8 w,"(4, 3)",0
8/8/3b4/3b4/3w4/8/8/8 b,"(5, 5)",0
8/8/3bb3/3b4/3ww3/8/8/8 w,"(5, 3)",0
8/8/3bb3/3b4/3ww3/8/8/8 b,"(4, 6)",0
8/8/3bb3/2bb4/3ww3/3w4/8/8 w,"(3, 4)",0
8/8/3bb3/2bb4/3ww3/3w4/8/8 b,"(6, 4)",-50
8/8/3bb3/2bb1w2/3ww3/3w4/2b5/8 w,"(3, 7)",-50
8/8/3bb3/2bb1w2/3ww3/3w4/2b5/8 b,"(7, 3)",-100,-1
w2w3b/w7/7b/4b3/1wb2b2/8/1w5b/b1w2b1w b,"(7, 6)",0
w2w3b/w7/7b/4b3/1wbb1b2/6w1/1w5b/b1w2b1w w,"(4, 5)",50
w2w3b/w7/7b/4b3/1wbb1b2/6w1/1w5b/b1w2b1w b,"(5, 5)",0
w2w3b/w7/7b/2b1b3/1wbbwb2/6w1/1w5b/b1w2b1w w,"(3, 4)",0
w2w3b/w7/7b/2b1b3/1wbbwb2/6w1/1w5b/b1w2b1w b,"(4, 3)",0
w2w3b/w7/3w3b/2bbb3/1wbbwb2/6w1/1w5b/b1w2b1w w,"(4, 4)",50
w2w3b/w7/3w3b/2bbb3/1wbbwb2/6w1/1w5b/b1w2b1w b,"(2, 4)",-50
w2w3b/w7/3w3b/1wbbb3/1wbbwb2/1b4w1/1w5b/b1w2b1w w,"(2, 6)",50
w2w3b/w7/3w3b/1wbbb3/1wbbwb2/1b4w1/1w5b/b1w2b1w b,"(1, 7)",50
w2w3b/w7/3wb2b/1wbbb3/1wbbwb2/1b4w1/ww5b/b1w2b1w w,"(5, 3)",100,1
8/8/8/8/3b4/8/8/8 w,"(4, 5)",0
8/8/8/8/3b4/8/8/8 b,"(3, 5)",0
8/8/8/8/2wbb3/8/8/8 w,"(5, 5)",0
8/8/8/8/2wbb3/8/8/8 b,"(4, 4)",0
8/8/4b3/3w4/2wbb3/8/8/8 w,"(5, 3)",0
8/8/4b3/3w4/2wbb3/8/8/8 b,"(3, 4)",0
8/8/4b3/2wwb3/2wbb3/8/8/8 w,"(5, 4)",50
8/8/4b3/2wwb3/2wbb3/8/8/8 b,"(5, 2)",50
8/4w3/4b3/2wwb3/2wbb3/4b3/8/8 w,"(5, 6)",100,1
8/b6w/2w5/b7/1b6/2w5/8/3b4 b,"(4, 5)",0
8/b6w/2w5/b3b3/1b1w4/2w5/8/3b4 w,"(5, 4)",0
8/b6w/2w5/b3b3/1b1w4/2w5/8/3b4 b,"(4, 3)",0
8/b6w/2ww4/b1b1b3/1b1w4/2w5/8/3b4 w,"(3, 4)",0
8/b6w/2ww4/b1b1b3/1b1w4/2w5/8/3b4 b,"(4, 4)",-50
8/b2b3w/2ww4/b1bwb3/1b1w4/2w5/8/3b4 w,"(4, 2)",-50
8/b2b3w/2ww4/b1bwb3/1b1w4/2w5/8/3b4 b,"(4, 6)",-100,-1
b2w3b/1w6/b4w2/8/8/b7/8/8 b,"(5, 5)",0
b2w3b/1w6/b4w2/3b4/4w3/b7/8/8 w,"(4, 4)",0
b2w3b/1w6/b4w2/3b4/4w3/b7/8/8 b,"(4, 3)",0
b2w3b/1w6/b2w1w2/3b4/2b1w3/b7/8/8 w,"(3, 5)",0
b2w3b/1w6/b2w1w2/3b4/2b1w3/b7/8/8 b,"(5, 3)",-50
b2w3b/1w6/b1bwww2/3b4/2b1w3/b7/8/8 w,"(3, 3)",-50
b2w3b/1w6/b1bwww2/3b4/2b1w3/b7/8/8 b,"(7, 3)",-100,-1
8/8/8/8/4b3/bw6/8/8 w,"(5, 5)",0
8/8/8/8/4b3/bw6/8/8 b,"(4, 5)",0
8/8/8/3b4/3wb3/bw6/8/8 w,"(4, 4)",0
8/8/8/3b4/3wb3/bw6/8/8 b,"(4, 6)",0
8/8/4b3/3b4/3wb3/bw1w4/8/8 w,"(5, 3)",0
8/8/4b3/3b4/3wb3/bw1w4/8/8 b,"(5, 6)",-50
8/8/4b3/3bb3/3wb3/bw1ww3/8/8 w,"(5, 4)",50
8/8/4b3/3bb3/3wb3/bw1ww3/8/8 b,"(3, 6)",-100,-1
1w2bw2/wb2w1b1/1bbbb1w1/w2w1b1b/bw2b3/wwb2w2/4b2b/w2bw2w w,"(2, 3)",100,1
8/8/8/8/3b4/8/8/8 w,"(4, 5)",0
8/8/8/8/3b4/8/8/8 b,"(3, 4)",0
8/8/8/2w1b3/3b4/8/8/8 w,"(5, 4)",0
8/8/8/2w1b3/3b4/8/8/8 b,"(4, 6)",0
8/8/8/2w1b3/3bb3/3w4/8/8 w,"(5, 5)",0
8/8/8/2w1b3/3bb3/3w4/8/8 b,"(3, 5)",0
8/8/4b3/2w1b3/2wbb3/3w4/8/8 w,"(5, 3)",50
8/8/4b3/2w1b3/2wbb3/3w4/8/8 b,"(5, 2)",50
8/4w3/4b3/2w1b3/2wbb3/3wb3/8/8 w,"(5, 6)",100,1
1bb1w2b/w1bb2ww/bbw1w1w1/1bb5/b1b5/1w6/1ww4w/5b2 b,"(2, 2)",50
1bb1w2b/wwbb2ww/bbw1w1w1/1bb5/b1b5/1w1b4/1ww4w/5b2 w,"(4, 6)",100,1
w1bw3w/1b3bw1/7b/1b1b4/1w5w/5b2/8/8 b,"(3, 4)",0
w1bw3w/1b3bw1/7b/1bwb4/1w2b2w/5b2/8/8 w,"(5, 5)",50
w1bw3w/1b3bw1/7b/1bwb4/1w2b2w/5b2/8/8 b,"(3, 3)",50
w1bw3w/1b3bw1/2w4b/1bwb4/1w2b2w/5b2/6b1/8 w,"(7, 7)",100,1
8/1b3ww1/w3bbw1/2b3bb/3b2bb/ww1w4/8/3w4 b,"(3, 6)",-100,-1
3b4/1b1bwww1/w4b2/5b2/8/1b1w1b2/8/5w2 w,"(4, 2)",50
3b4/1b1bwww1/w4b2/5b2/8/1b1w1b2/8/5w2 b,"(6, 5)",-50
3b4/1b1bwww1/w4b2/3b1b2/5w2/1b1w1b2/8/5w2 w,"(4, 4)",50
3b4/1b1bwww1/w4b2/3b1b2/5w2/1b1w1b2/8/5w2 b,"(4, 3)",-50
3b4/1b1bwww1/w2w1b2/3bbb2/5w2/1b1w1b2/8/5w2 w,"(5, 4)",50
3b4/1b1bwww1/w2w1b2/3bbb2/5w2/1b1w1b2/8/5w2 b,"(3, 4)",-50
3b4/1b1bwww1/w2w1b2/2wbbb2/1b3w2/1b1w1b2/8/5w2 w,"(2, 5)",50
3b4/1b1bwww1/w2w1b2/2wbbb2/1b3w2/1b1w1b2/8/5w2 b,"(6, 1)",-100,-1
b1w1b1w1/1b1w1bww/b1b1w3/1wbbw1bb/4w2b/1bwb4/w4b1w/1w3b1w w,"(4, 4)",100,1
wb4bw/1b4ww/1bb1b3/1bw2w2/1w3bbw/wbb1w2b/bbw3ww/1w1w1b1b w,"(2, 3)",100,1
8/6w1/4w3/2bb4/3b4/1w5b/w4wb1/4b3 w,"(3, 4)",0
8/6w1/4w3/2bb4/3b4/1w5b/w4wb1/4b3 b,"(4, 6)",0
8/6w1/4w3/2bbb3/3b4/1w1w3b/w4wb1/4b3 w,"(5, 4)",50
8/6w1/4w3/2bbb3/3b4/1w1w3b/w4wb1/4b3 b,"(2, 4)",50
8/6w1/4w3/1wbbbb2/3b4/1w1w3b/w4wb1/4b3 w,"(6, 4)",100,1
1wb3w1/1wb2b2/7w/1wb5/2b5/3b4/4bw2/b3w3 b,"(2, 3)",-100,-1
b3w3/7b/7w/6b1/8/8/1b6/3w4 b,"(5, 4)",0
b3w3/7b/7w/4w1b1/3b4/8/1b6/3w4 w,"(4, 5)",0
b3w3/7b/7w/4w1b1/3b4/8/1b6/3w4 b,"(4, 4)",0
b3w3/7b/3b3w/3ww1b1/3b4/8/1b6/3w4 w,"(4, 3)",0
b3w3/7b/3b3w/3ww1b1/3b4/8/1b6/3w4 b,"(4, 6)",0
b3w3/7b/3bb2w/3ww1b1/3b4/3w4/1b6/3w4 w,"(5, 3)",0
b3w3/7b/3bb2w/3ww1b1/3b4/3w4/1b6/3w4 b,"(6, 4)",-50
b3w3/7b/3bb2w/3wwwb1/2bb4/3w4/1b6/3w4 w,"(3, 5)",-50
b3w3/7b/3bb2w/3wwwb1/2bb4/3w4/1b6/3w4 b,"(3, 4)",-100,-1
2b3b1/wwbb2b1/2wbbw1w/5bb1/2w2w2/bw1w3w/wb1b1ww1/bbb4w w,"(4, 2)",100,1
5b2/b7/w1bwb2w/w2b4/w6w/3w2b1/b2b4/1b4w1 w,"(1, 2)",-50
5b2/b7/w1bwb2w/w2b4/w6w/3w2b1/b2b4/1b4w1 b,"(1, 6)",-100,-1
2bbwb1w/w3ww1b/5b2/wbbb3w/2bw3b/1b2bw2/b1w2bww/1bw3w1 w,"(4, 4)",100,1
8/8/8/8/7b/8/8/8 b,"(5, 4)",0
8/8/8/2b1w3/7b/8/8/8 w,"(3, 4)",0
8/8/8/2b1w3/7b/8/8/8 b,"(3, 5)",0
8/8/8/2b1w3/2w4b/3b4/8/8 w,"(4, 6)",0
8/8/8/2b1w3/2w4b/3b4/8/8 b,"(4, 3)",0
8/8/3wb3/2b1w3/2w4b/3b4/8/8 w,"(5, 3)",0
8/8/3wb3/2b1w3/2w4b/3b4/8/8 b,"(4, 4)",0
8/8/3wb3/2bww3/2wb3b/3b4/8/8 w,"(4, 5)",0
8/8/3wb3/2bww3/2wb3b/3b4/8/8 b,"(5, 6)",0
8/8/3wb3/2bwwb2/2wb3b/3bw3/8/8 w,"(6, 4)",0
8/8/3wb3/2bwwb2/2wb3b/3bw3/8/8 b,"(5, 5)",-50
8/8/3wb3/1bbwwb2/2wbw2b/3bw3/8/8 w,"(2, 4)",-50
8/8/3wb3/1bbwwb2/2wbw2b/3bw3/8/8 b,"(5, 7)",-100,-1
7w/3b1w2/bbwb1wbw/1wwwbbb1/bbww1ww1/3b2b1/4b2w/2b1bw2 b,"(1, 4)",-100,-1
1w3ww1/w5b1/1bww2bb/3bww2/1bb4b/wb1b3b/w1w1bw2/1wb1w1bb b,"(2, 4)",-50
1w3ww1/w1b3b1/1bww2bb/1w1bww2/1bb4b/wb1b3b/w1w1bw2/1wb1w1bb w,"(3, 2)",50
1w3ww1/w1b3b1/1bww2bb/1w1bww2/1bb4b/wb1b3b/w1w1bw2/1wb1w1bb b,"(5, 3)",-50
1w3ww1/w1b3b1/1bwwwbbb/1w1bww2/1bb4b/wb1b3b/w1w1bw2/1wb1w1bb w,"(6, 3)",50
1w3ww1/w1b3b1/1bwwwbbb/1w1bww2/1bb4b/wb1b3b/w1w1bw2/1wb1w1bb b,"(6, 8)",50
1w3ww1/w1b3b1/1bwwwbbb/1w1bww1b/1bb4b/wb1b3b/w1w1bw2/1wb1wwbb w,"(8, 4)",100,1
w2w1bb1/5w2/wbb2wb1/b2b2b1/4w3/6w1/3b1w1b/b3w2w b,"(7, 2)",-50
w2w1bb1/5ww1/wbb2wb1/b2b2b1/2b1w3/6w1/3b1w1b/b3w2w w,"(3, 5)",-50
w2w1bb1/5ww1/wbb2wb1/b2b2b1/2b1w3/6w1/3b1w1b/b3w2w b,"(8, 5)",-100,-1
w1w1w1bw/1bw5/4b2b/2bwb2b/b2w4/1b2w2w/7b/2w2b2 w,"(5, 3)",0
w1w1w1bw/1bw5/4b2b/2bwb2b/b2w4/1b2w2w/7b/2w2b2 b,"(3, 5)",0
w1w1w1bw/1bw5/4b2b/2bwb2b/b1wwb3/1b2w2w/7b/2w2b2 w,"(5, 5)",50
w1w1w1bw/1bw5/4b2b/2bwb2b/b1wwb3/1b2w2w/7b/2w2b2 b,"(6, 5)",-50
w1w1w1bw/1bw5/4b2b/2bwb2b/b1wwbw2/1b2w2w/3b3b/2w2b2 w,"(4, 7)",50
w1w1w1bw/1bw5/4b2b/2bwb2b/b1wwbw2/1b2w2w/3b3b/2w2b2 b,"(2, 4)",50
w1w1w1bw/1bw1b3/4b2b/1wbwb2b/b1wwbw2/1b2w2w/3b3b/2w2b2 w,"(5, 2)",100,1
8/5b2/w7/8/3b4/8/8/8 w,"(4, 5)",0
8/5b2/w7/8/3b4/8/8/8 b,"(3, 4)",0
8/5b2/w2b4/2w5/3b4/8/8/8 w,"(4, 3)",0
8/5b2/w2b4/2w5/3b4/8/8/8 b,"(3, 5)",0
8/5b2/w2b4/2wb4/2wb4/8/8/8 w,"(4, 4)",50
8/5b2/w2b4/2wb4/2wb4/8/8/8 b,"(4, 2)",50
8/3w1b2/w2b4/2wb4/2wb4/3b4/8/8 w,"(4, 6)",100,1
1ww5/b2w1bw1/1w4ww/3wwbb1/1b3bbb/1bbw1b1b/1bw5/1www1bb1 b,"(1, 8)",-100,-1
2bb4/1bbb1w2/1wbw1bb1/1b4bb/w7/w2w1w2/2bwww1w/w5b1 b,"(1, 2)",-50
2bb4/wbbb1w2/1wbw1bb1/1b4bb/w7/w2w1w2/b1bwww1w/w5b1 w,"(1, 7)",50
2bb4/wbbb1w2/1wbw1bb1/1b4bb/w7/w2w1w2/b1bwww1w/w5b1 b,"(3, 4)",-50
2bb4/wbbb1w2/1wbw1bb1/1bw3bb/wb6/w2w1w2/b1bwww1w/w5b1 w,"(2, 5)",50
2bb4/wbbb1w2/1wbw1bb1/1bw3bb/wb6/w2w1w2/b1bwww1w/w5b1 b,"(4, 5)",-100,-1
4w3/8/7w/1b6/1b4b1/8/5w2/2b2wb1 b,"(4, 5)",0
4w3/8/7w/1b1b4/1b1w2b1/8/5w2/2b2wb1 w,"(4, 4)",0
4w3/8/7w/1b1b4/1b1w2b1/8/5w2/2b2wb1 b,"(5, 4)",0
4w3/8/7w/1b1bw3/1bbw2b1/8/5w2/2b2wb1 w,"(3, 5)",0
4w3/8/7w/1b1bw3/1bbw2b1/8/5w2/2b2wb1 b,"(5, 5)",0
4w3/8/7w/1bbbw3/1bbww1b1/8/5w2/2b2wb1 w,"(3, 4)",50
4w3/8/7w/1bbbw3/1bbww1b1/8/5w2/2b2wb1 b,"(5, 3)",-50
4w3/8/4w2w/bbbbw3/1bbww1b1/8/5w2/2b2wb1 w,"(1, 4)",100,1
w1b5/1b5w/8/3w4/4b3/w5b1/w2b4/5b2 w,"(5, 5)",0
w1b5/1b5w/8/3w4/4b3/w5b1/w2b4/5b2 b,"(3, 5)",-50
w1b5/1b5w/3b4/3w4/2w1b3/w5b1/w2b4/5b2 w,"(4, 3)",-50
w1b5/1b5w/3b4/3w4/2w1b3/w5b1/w2b4/5b2 b,"(2, 6)",-100,-1
w4b1b/3b4/4b2w/2b1bb2/wb1w2bb/2w1w3/b2w2ww/2bw2w1 w,"(4, 2)",100,1
8/7w/8/8/8/8/6bb/8 b,"(3, 4)",0
8/7w/8/2wb4/8/8/6bb/8 w,"(4, 4)",0
8/7w/8/2wb4/8/8/6bb/8 b,"(4, 5)",0
8/7w/8/2wb4/3w4/3b4/6bb/8 w,"(4, 6)",0
8/7w/8/2wb4/3w4/3b4/6bb/8 b,"(5, 3)",0
8/7w/3bw3/2wb4/3w4/3b4/6bb/8 w,"(4, 3)",0
8/7w/3bw3/2wb4/3w4/3b4/6bb/8 b,"(5, 5)",0
8/7w/3bw3/2wb1b2/3ww3/3b4/6bb/8 w,"(6, 4)",0
8/7w/3bw3/2wb1b2/3ww3/3b4/6bb/8 b,"(5, 4)",-50
8/4b2w/3bw3/2wbwb2/3ww3/3b4/6bb/8 w,"(5, 2)",-50
8/4b2w/3bw3/2wbwb2/3ww3/3b4/6bb/8 b,"(5, 6)",-100,-1
2b1b1b1/ww1bb3/b1wb1b2/wbwwbw2/wb1w4/w5w1/2b2bw1/wbwb1b1w b,"(1, 1)",-100,-1
5b1b/5w2/8/4w3/5bbb/2b1w1b1/7w/3w1w2 b,"(5, 5)",-50
5b1b/5w2/4b3/4w3/4wbbb/2b1w1b1/7w/3w1w2 w,"(5, 3)",-50
5b1b/5w2/4b3/4w3/4wbbb/2b1w1b1/7w/3w1w2 b,"(5, 7)",-100,-1
8/b4w2/w2wb2w/b2b1bw1/w4wbw/1b6/8/b1b5 b,"(3, 5)",-50
8/b2b1w2/w2wb2w/b2b1bw1/w1w2wbw/1b6/8/b1b5 w,"(4, 2)",100,1
1b1b2b1/ww3bw1/1bww1b1b/2wbww2/1b5b/w4w2/2w2b2/3b4 w,"(4, 4)",50
1b1b2b1/ww3bw1/1bww1b1b/2wbww2/1b5b/w4w2/2w2b2/3b4 b,"(5, 3)",0
1b1b2b1/ww3bw1/1bwwwb1b/2wbww2/1b2b2b/w4w2/2w2b2/3b4 w,"(5, 5)",0
1b1b2b1/ww3bw1/1bwwwb1b/2wbww2/1b2b2b/w4w2/2w2b2/3b4 b,"(4, 5)",0
1b1b2b1/ww3bw1/1bwwwb1b/2wbww2/1b1wb2b/w3bw2/2w2b2/3b4 w,"(5, 6)",0
1b1b2b1/ww3bw1/1bwwwb1b/2wbww2/1b1wb2b/w3bw2/2w2b2/3b4 b,"(3, 5)",-50
1b1b2b1/wwb2bw1/1bwwwb1b/2wbww2/1bwwb2b/w3bw2/2w2b2/3b4 w,"(3, 2)",50
1b1b2b1/wwb2bw1/1bwwwb1b/2wbww2/1bwwb2b/w3bw2/2w2b2/3b4 b,"(1, 4)",-50
1b1b2b1/wwb2bw1/1bwwwb1b/w1wbww2/1bwwbb1b/w3bw2/2w2b2/3b4 w,"(6, 5)",50
1b1b2b1/wwb2bw1/1bwwwb1b/w1wbww2/1bwwbb1b/w3bw2/2w2b2/3b4 b,"(3, 6)",-100,-1
8/7w/b3bw2/b1b5/2w4b/5w2/1b6/3w4 b,"(5, 4)",0
8/7w/b3bw2/b1bbw3/2w4b/5w2/1b6/3w4 w,"(4, 4)",50
8/7w/b3bw2/b1bbw3/2w4b/5w2/1b6/3w4 b,"(2, 4)",0
8/7w/b3bw2/bwbbw3/2w1b2b/5w2/1b6/3w4 w,"(5, 5)",0
8/7w/b3bw2/bwbbw3/2w1b2b/5w2/1b6/3w4 b,"(4, 5)",-50
8/7w/b3bw2/bwbbw3/2wwb2b/2b2w2/1b6/3w4 w,"(3, 6)",-50
8/7w/b3bw2/bwbbw3/2wwb2b/2b2w2/1b6/3w4 b,"(7, 2)",-100,-1
1b1b1b2/b4wb1/8/5w2/bbbb3b/w1b2w2/w1wwbw1w/ww1wbwb1 w,"(1, 5)",100,1
3w1w1w/2w2b2/3w1bwb/1bbbb1bw/1b1wwbbw/b3w2b/2b2w1w/w1b1w1b1 w,"(2, 4)",100,1
3b4/6w1/2b2w2/4w3/1b2w1b1/1b2bw2/1w6/1b2b2w b,"(4, 5)",-100,-1
2b4b/ww2b1b1/1bww4/1b4ww/4b1w1/2b4b/w4w2/b2b2w1 w,"(5, 5)",0
2b4b/ww2b1b1/1bww4/1b4ww/4b1w1/2b4b/w4w2/b2b2w1 b,"(4, 4)",-50
2b4b/ww2b1b1/1bww4/1b1w2ww/2b1b1w1/2b4b/w4w2/b2b2w1 w,"(3, 5)",-50
2b4b/ww2b1b1/1bww4/1b1w2ww/2b1b1w1/2b4b/w4w2/b2b2w1 b,"(1, 1)",-100,-1
4w3/3bb3/4bb1b/1ww1w3/1w4w1/3bbw2/6w1/5bb1 b,"(4, 4)",-100,-1
8/8/6b1/8/8/8/2b5/4w3 b,"(5, 5)",0
8/8/6b1/2b5/4w3/8/2b5/4w3 w,"(3, 4)",0
8/8/6b1/2b5/4w3/8/2b5/4w3 b,"(3, 5)",0
8/8/6b1/2bb4/2w1w3/8/2b5/4w3 w,"(4, 4)",0
8/8/6b1/2bb4/2w1w3/8/2b5/4w3 b,"(4, 5)",-50
8/8/6b1/2bb4/1bwww3/8/2b5/4w3 w,"(2, 5)",-50
8/8/6b1/2bb4/1bwww3/8/2b5/4w3 b,"(6, 5)",-100,-1
b1bw2b1/w7/4w3/1w1b4/2bb1w2/b3w3/1w1bb2b/6ww w,"(4, 4)",50
b1bw2b1/w7/4w3/1w1b4/2bb1w2/b3w3/1w1bb2b/6ww b,"(5, 4)",-50
b1bw2b1/w7/4w3/1w1bw3/2bb1w2/b2bw3/1w1bb2b/6ww w,"(4, 6)",100,1
ww3w1w/1b1bw3/1b6/bbw2w1w/3bwb1w/2wbbb2/w4bb1/3bb2w b,"(2, 5)",-50
ww3w1w/1b1bw3/1b1b4/bbw2w1w/1w1bwb1w/2wbbb2/w4bb1/3bb2w w,"(4, 3)",50
ww3w1w/1b1bw3/1b1b4/bbw2w1w/1w1bwb1w/2wbbb2/w4bb1/3bb2w b,"(4, 4)",-50
ww3w1w/1b1bw3/1b1b4/bbww1w1w/1w1bwb1w/2wbbb2/w2b1bb1/3bb2w w,"(4, 7)",100,1
8/3wbw2/1bb5/2bw4/2w5/w2b1b2/4b2w/8 b,"(5, 3)",-100,-1
b1b5/b6b/1ww5/6b1/2w1b3/5w1w/1w3w2/3bb3 b,"(4, 4)",0
b1b5/b6b/1ww5/2bw2b1/2w1b3/5w1w/1w3w2/3bb3 w,"(3, 4)",0
b1b5/b6b/1ww5/2bw2b1/2w1b3/5w1w/1w3w2/3bb3 b,"(4, 3)",-50
b1b5/b6b/bwww4/2bw2b1/2w1b3/5w1w/1w3w2/3bb3 w,"(1, 3)",50
b1b5/b6b/bwww4/2bw2b1/2w1b3/5w1w/1w3w2/3bb3 b,"(1, 4)",-50
b1b5/b6b/bwww4/w1bw2b1/2w1b3/3b1w1w/1w3w2/3bb3 w,"(4, 6)",-50
b1b5/b6b/bwww4/w1bw2b1/2w1b3/3b1w1w/1w3w2/3bb3 b,"(5, 3)",-100,-1
b2b2w1/1b4b1/2wb4/bw5w/1w2w1b1/w2b4/5bww/1b1b1w2 b,"(4, 4)",-50
b2b2w1/1b4b1/2wb4/bw1w3w/1w2w1b1/w2b1b2/5bww/1b1b1w2 w,"(6, 6)",50
b2b2w1/1b4b1/2wb4/bw1w3w/1w2w1b1/w2b1b2/5bww/1b1b1w2 b,"(5, 4)",-50
b2b2w1/1b4b1/2wb4/bwbww2w/1w2w1b1/w2b1b2/5bww/1b1b1w2 w,"(3, 4)",50
b2b2w1/1b4b1/2wb4/bwbww2w/1w2w1b1/w2b1b2/5bww/1b1b1w2 b,"(5, 7)",-50
b2b2w1/1b4b1/2wb4/bwbww2w/1w2w1b1/w2bbb2/4wbww/1b1b1w2 w,"(5, 6)",50
b2b2w1/1b4b1/2wb4/bwbww2w/1w2w1b1/w2bbb2/4wbww/1b1b1w2 b,"(3, 6)",50
b2b2w1/1b4b1/2wb4/bwbww2w/1w1bw1b1/w1wbbb2/4wbww/1b1b1w2 w,"(4, 5)",100,1
2wb2b1/6ww/b1w3bw/bw6/1bbbb3/2w2b1b/5w2/w1w5 w,"(2, 5)",100,1
b6w/8/3w3w/4bw1w/1b2b3/7b/3b3w/b7 w,"(5, 5)",-50
b6w/8/3w3w/4bw1w/1b2b3/7b/3b3w/b7 b,"(8, 2)",-100,-1
5b2/1w6/8/2b1b3/4w3/8/8/8 w,"(3, 4)",0
5b2/1w6/8/2b1b3/4w3/8/8/8 b,"(4, 4)",-50
5b2/1w6/8/2bwb3/2b1w3/8/8/8 w,"(3, 5)",-50
5b2/1w6/8/2bwb3/2b1w3/8/8/8 b,"(3, 3)",-100,-1
wb2b1b1/1ww3b1/bb6/b4w2/1bw4b/w1b5/1bw1w3/1wwwb1wb b,"(1, 8)",-100,-1
7b/7b/6b1/8/1wbww3/w2b4/4b3/w1b4w b,"(2, 4)",50
7b/7b/6b1/1w6/1wbww3/w2b4/4b3/w1b2b1w w,"(6, 8)",100,1
8/1w3w1b/1b2bw2/8/2b4b/2b3b1/2w5/5w1w b,"(4, 5)",0
8/1w3w1b/1b2bw2/3b4/2bw3b/2b3b1/2w5/5w1w w,"(4, 4)",50
8/1w3w1b/1b2bw2/3b4/2bw3b/2b3b1/2w5/5w1w b,"(5, 5)",50
8/1w3w1b/1b2bw2/3b4/2bww2b/1bb3b1/2w5/5w1w w,"(2, 6)",100,1
1b6/w7/8/8/4b2b/2b5/8/1wb3ww w,"(5, 5)",0
1b6/w7/8/8/4b2b/2b5/8/1wb3ww b,"(4, 5)",0
1b6/w7/3b4/8/3wb2b/2b5/8/1wb3ww w,"(4, 3)",0
1b6/w7/3b4/8/3wb2b/2b5/8/1wb3ww b,"(4, 4)",0
1b6/w7/3b4/3wb3/3wb2b/2b5/8/1wb3ww w,"(5, 4)",50
1b6/w7/3b4/3wb3/3wb2b/2b5/8/1wb3ww b,"(3, 5)",50
1b6/w1b5/3b4/3wb3/2wwb2b/2b5/8/1wb3ww w,"(3, 2)",100,1
1b4b1/2w5/6b1/8/6b1/3w4/4w3/8 b,"(5, 4)",0
1b4b1/2w5/6b1/3bw3/6b1/3w4/4w3/8 w,"(4, 4)",0
1b4b1/2w5/6b1/3bw3/6b1/3w4/4w3/8 b,"(4, 5)",0
1b4b1/2w5/4b1b1/3bw3/3w2b1/3w4/4w3/8 w,"(5, 3)",50
1b4b1/2w5/4b1b1/3bw3/3w2b1/3w4/4w3/8 b,"(6, 2)",0
1b4b1/2w2w2/4b1b1/2bbw3/3w2b1/3w4/4w3/8 w,"(3, 4)",0
1b4b1/2w2w2/4b1b1/2bbw3/3w2b1/3w4/4w3/8 b,"(5, 5)",-50
1b4b1/2w2w2/4b1b1/2bbw3/3ww1b1/3wb3/4w3/8 w,"(5, 6)",0
1b4b1/2w2w2/4b1b1/2bbw3/3ww1b1/3wb3/4w3/8 b,"(3, 5)",-50
1b4b1/2w2w2/4b1b1/1bbbw3/2www1b1/3wb3/4w3/8 w,"(2, 4)",50
1b4b1/2w2w2/4b1b1/1bbbw3/2www1b1/3wb3/4w3/8 b,"(1, 4)",-50
1b4b1/2w2w2/4b1b1/wbbbw3/1bwww1b1/3wb3/4w3/8 w,"(2, 5)",-50
1b4b1/2w2w2/4b1b1/wbbbw3/1bwww1b1/3wb3/4w3/8 b,"(6, 5)",-100,-1
7w/wbww4/bb2wb2/w3w3/w1wbb2b/bbbww3/1w2b1w1/2bbb3 w,"(1, 3)",50
7w/wbww4/bb2wb2/w3w3/w1wbb2b/bbbww3/1w2b1w1/2bbb3 b,"(2, 8)",50
7w/wbww4/bb2wb2/w3w3/w1wbb2b/bbbww3/1w2b1w1/1wbbbb2 w,"(6, 8)",100,1
8/5w2/8/3b1b2/7b/8/7w/6wb w,"(4, 4)",0
8/5w2/8/3b1b2/7b/8/7w/6wb b,"(3, 4)",0
8/5w2/3b4/2wb1b2/7b/8/7w/6wb w,"(4, 3)",0
8/5w2/3b4/2wb1b2/7b/8/7w/6wb b,"(5, 5)",0
8/5w2/3b4/2wb1b2/3bw2b/8/7w/6wb w,"(4, 5)",50
8/5w2/3b4/2wb1b2/3bw2b/8/7w/6wb b,"(4, 2)",50
8/3w1w2/3b4/2wb1b2/3bw2b/3b4/7w/6wb w,"(4, 6)",100,1
8/8/8/8/4b3/8/8/8 w,"(5, 5)",0
8/8/8/8/4b3/8/8/8 b,"(4, 4)",0
8/8/8/3w4/3bb3/8/8/8 w,"(4, 5)",0
8/8/8/3w4/3bb3/8/8/8 b,"(3, 5)",0
8/8/8/2bw4/2wbb3/8/8/8 w,"(3, 4)",0
8/8/8/2bw4/2wbb3/8/8/8 b,"(5, 3)",-50
8/8/4w3/2bw4/2wbb3/1b6/8/8 w,"(2, 6)",-50
8/8/4w3/2bw4/2wbb3/1b6/8/8 b,"(6, 2)",-100,-1
8/5ww1/6b1/3w4/b4b2/6b1/2w3b1/8 b,"(3, 4)",0
8/5ww1/6b1/2wwb3/b4b2/6b1/2w3b1/8 w,"(5, 4)",50
8/5ww1/6b1/2wwb3/b4b2/6b1/2w3b1/8 b,"(4, 3)",50
8/5ww1/3w2b1/2wwb3/b4b2/6b1/2w3bb/8 w,"(8, 7)",100,1
3w1w1b/1b4b1/w2b4/3b4/8/4w2w/1b6/8 w,"(4, 4)",0
3w1w1b/1b4b1/w2b4/3b4/8/4w2w/1b6/8 b,"(4, 5)",0
3w1w1b/1b4b1/w2b4/3bb3/3w4/4w2w/1b6/8 w,"(5, 4)",50
3w1w1b/1b4b1/w2b4/3bb3/3w4/4w2w/1b6/8 b,"(5, 5)",50
3w1w1b/1b4b1/w2b1b2/3bb3/3ww3/4w2w/1b6/8 w,"(6, 3)",100,1
1wwb3w/w3w1ww/b7/bw1b1b2/bb1ww3/2wbbb2/wbb1b1wb/8 b,"(1, 6)",-50
1wwb3w/w3w1ww/b7/bw1b1b2/bb1ww3/w1wbbb2/wbbbb1wb/8 w,"(4, 7)",100,1
ww1b3w/1b2b1bb/2w2b1w/wwbw1ww1/b1b1w1b1/ww2b3/wb1b3w/5bbb w,"(3, 4)",50
ww1b3w/1b2b1bb/2w2b1w/wwbw1ww1/b1b1w1b1/ww2b3/wb1b3w/5bbb b,"(5, 4)",-100,-1
1w2b1w1/2ww3b/wb1bb3/b1b1www1/wbb1b1w1/4b1bb/bb3w1w/1w1w1w1b w,"(4, 3)",50
1w2b1w1/2ww3b/wb1bb3/b1b1www1/wbb1b1w1/4b1bb/bb3w1w/1w1w1w1b b,"(1, 6)",-50
1w2b1w1/2ww3b/wbbbb3/b1b1www1/wbb1b1w1/w3b1bb/bb3w1w/1w1w1w1b w,"(3, 3)",100,1
bb2bb2/3w2wb/b3wbw1/w4bbw/2b3w1/bw1w2b1/bb2w1ww/1w3w1b w,"(3, 5)",50
bb2bb2/3w2wb/b3wbw1/w4bbw/2b3w1/bw1w2b1/bb2w1ww/1w3w1b b,"(6, 2)",-50
bb2bb2/3wbwwb/b3wbw1/w4bbw/2b3w1/bw1w2b1/bb2w1ww/1w3w1b w,"(5, 2)",50
bb2bb2/3wbwwb/b3wbw1/w4bbw/2b3w1/bw1w2b1/bb2w1ww/1w3w1b b,"(4, 1)",-50
bb1wbb2/3wbwwb/b3wbw1/w4bbw/2b3w1/bw1w1bb1/bb2w1ww/1w3w1b w,"(6, 6)",50
bb1wbb2/3wbwwb/b3wbw1/w4bbw/2b3w1/bw1w1bb1/bb2w1ww/1w3w1b b,"(6, 5)",-50
bb1wbb2/3wbwwb/b3wbw1/w4bbw/2b2ww1/bw1w1bb1/bb2wbww/1w3w1b w,"(6, 7)",50
bb1wbb2/3wbwwb/b3wbw1/w4bbw/2b2ww1/bw1w1bb1/bb2wbww/1w3w1b b,"(8, 5)",-50
bb1wbb2/3wbwwb/b3wbw1/w4bbw/2b1bwww/bw1w1bb1/bb2wbww/1w3w1b w,"(5, 5)",-50
bb1wbb2/3wbwwb/b3wbw1/w4bbw/2b1bwww/bw1w1bb1/bb2wbww/1w3w1b b,"(8, 6)",-100,-1
5b2/wb6/3b4/1w1w4/3b4/8/8/1w5b w,"(4, 3)",0
5b2/wb6/3b4/1w1w4/3b4/8/8/1w5b b,"(5, 4)",-50
5b2/wb6/3b4/1wbww3/3b4/8/8/1w5b w,"(3, 4)",50
5b2/wb6/3b4/1wbww3/3b4/8/8/1w5b b,"(5, 5)",50
5b2/wb2b3/3b4/1wbww3/3bw3/8/8/1w5b w,"(5, 2)",100,1
3b2bw/1wb4b/b2b1bww/1w2w3/4ww1b/2bb2w1/2w5/2bw2b1 w,"(4, 3)",-50
3b2bw/1wb4b/b2b1bww/1w2w3/4ww1b/2bb2w1/2w5/2bw2b1 b,"(8, 7)",-100,-1
b4b2/2w1wb2/2w5/b1b1b3/w2w2b1/w4b2/4wwb1/8 b,"(4, 3)",0
b4b2/2w1wb2/2ww4/b1bbb3/w2w2b1/w4b2/4wwb1/8 w,"(4, 4)",50
b4b2/2w1wb2/2ww4/b1bbb3/w2w2b1/w4b2/4wwb1/8 b,"(2, 4)",-50
b4b2/2wbwb2/2ww4/bwbbb3/w2w2b1/w4b2/4wwb1/8 w,"(4, 2)",50
b4b2/2wbwb2/2ww4/bwbbb3/w2w2b1/w4b2/4wwb1/8 b,"(5, 5)",50
b4b2/2wbwb2/2ww4/bwbbbb2/w2ww1b1/w4b2/4wwb1/8 w,"(6, 4)",100,1
1bw5/1w1w4/4bw2/2w1b3/1b2bbww/1w1b1w2/b1bw1bbw/3bb2w w,"(5, 5)",50
1bw5/1w1w4/4bw2/2w1b3/1b2bbww/1w1b1w2/b1bw1bbw/3bb2w b,"(2, 8)",-50
1bw5/1w1wb3/4bw2/2w1b3/1b2bbww/1w1b1w2/b1bw1bbw/1w1bb2w w,"(5, 2)",100,1
b1w1wb2/2bb2wb/2w5/1wb1w1b1/4w1w1/1w1b1b2/3bb1ww/w5bb w,"(4, 6)",0
b1w1wb2/2bb2wb/2w5/1wb1w1b1/4w1w1/1w1b1b2/3bb1ww/w5bb b,"(4, 4)",-50
b1w1wb2/1bbb2wb/2w5/1wbww1b1/4w1w1/1w1b1b2/3bb1ww/w5bb w,"(2, 2)",50
b1w1wb2/1bbb2wb/2w5/1wbww1b1/4w1w1/1w1b1b2/3bb1ww/w5bb b,"(1, 2)",50
b1w1wb2/wbbbb1wb/2w5/1wbww1b1/4w1w1/1w1b1b2/3bb1ww/w5bb w,"(5, 2)",100,1
b1b5/b6w/bbbbw1ww/3bbb2/3ww2w/2bb4/1w2wb2/w3w1w1 w,"(1, 3)",100,1
3w3b/1wb5/1b6/1bb5/6w1/w3w3/1w4b1/5b2 w,"(3, 4)",0
3w3b/1wb5/1b6/1bb5/6w1/w3w3/1w4b1/5b2 b,"(5, 4)",0
3w3b/1wb5/1b6/1bbbw3/6w1/w3w3/1w4b1/5b2 w,"(4, 4)",50
3w3b/1wb5/1b6/1bbbw3/6w1/w3w3/1w4b1/5b2 b,"(3, 5)",50
3w3b/1wb5/1b6/bbbbw3/2w3w1/w3w3/1w4b1/5b2 w,"(1, 4)",100,1
1b4w1/w7/4bw2/bw6/6w1/3bb2w/2b5/1b6 b,"(5, 4)",50
1b4w1/w7/4bw2/bw2w3/4b1w1/3bb2w/2b5/1b6 w,"(5, 5)",100,1
8/6w1/2b1w3/1b6/3w2w1/1bwb4/1wb2b2/3wb1b1 b,"(1, 8)",-100,-1
w2wwb2/b1b1w2w/4b2b/1b3wbw/2wb1wb1/3b1b1b/2b1w2w/4w3 b,"(3, 4)",0
w2wwb2/b1b1w2w/4b2b/1bwb1wbw/2wb1wb1/3b1b1b/2b1w2w/4w3 w,"(4, 4)",50
w2wwb2/b1b1w2w/4b2b/1bwb1wbw/2wb1wb1/3b1b1b/2b1w2w/4w3 b,"(4, 3)",-50
w2wwb2/b1b1w2w/3wb2b/1bwb1wbw/1bwb1wb1/3b1b1b/2b1w2w/4w3 w,"(2, 5)",50
w2wwb2/b1b1w2w/3wb2b/1bwb1wbw/1bwb1wb1/3b1b1b/2b1w2w/4w3 b,"(5, 4)",-50
w2wwb2/b1b1w2w/3wb2b/1bwbwwbw/1bwb1wb1/3b1b1b/2bbw2w/4w3 w,"(4, 7)",100,1
w2bbb2/2w3b1/wbbb2w1/bbb2b1w/w7/ww3ww1/2w2wb1/1w1b2b1 w,"(1, 4)",50
w2bbb2/2w3b1/wbbb2w1/bbb2b1w/w7/ww3ww1/2w2wb1/1w1b2b1 b,"(3, 1)",50
w1wbbb2/2wb2b1/wbbb2w1/bbb2b1w/w7/ww3ww1/2w2wb1/1w1b2b1 w,"(4, 2)",100,1
7w/bw5b/2bbbb1w/5b2/1b1bww1b/wbb4w/ww3w2/2b2ww1 w,"(4, 3)",100,1
6w1/4b3/8/3b4/1w3b2/2b3w1/8/w3b3 w,"(4, 4)",0
6w1/4b3/8/3b4/1w3b2/2b3w1/8/w3b3 b,"(5, 4)",0
6w1/4b3/8/2bbw3/1w3b2/2b3w1/8/w3b3 w,"(3, 4)",0
6w1/4b3/8/2bbw3/1w3b2/2b3w1/8/w3b3 b,"(4, 3)",0
6w1/4b3/3w4/2bbw3/1w2bb2/2b3w1/8/w3b3 w,"(5, 5)",0
6w1/4b3/3w4/2bbw3/1w2bb2/2b3w1/8/w3b3 b,"(3, 5)",0
6w1/4b3/3w4/2bbw3/1wwbbb2/2b3w1/8/w3b3 w,"(4, 5)",50
6w1/4b3/3w4/2bbw3/1wwbbb2/2b3w1/8/w3b3 b,"(5, 3)",50
6w1/4b3/3ww3/2bbw3/1wwbbbb1/2b3w1/8/w3b3 w,"(7, 5)",100,1
1b1b1b1w/1b2bb1w/bbb1w1w1/2b2w2/1bww2w1/www1bbw1/5wb1/3b1w2 b,"(2, 4)",-50
1b1b1b1w/1b1bbb1w/bbb1w1w1/1wb2w2/1bww2w1/www1bbw1/5wb1/3b1w2 w,"(4, 2)",50
1b1b1b1w/1b1bbb1w/bbb1w1w1/1wb2w2/1bww2w1/www1bbw1/5wb1/3b1w2 b,"(3, 2)",-50
1b1b1b1w/1bwbbb1w/bbbbw1w1/1wb2w2/1bww2w1/www1bbw1/5wb1/3b1w2 w,"(4, 3)",100,1
1b4w1/1wb2bw1/1bw4w/1ww2bwb/www2bb1/bb2bb2/2bw4/1wbb2w1 w,"(2, 3)",50
1b4w1/1wb2bw1/1bw4w/1ww2bwb/www2bb1/bb2bb2/2bw4/1wbb2w1 b,"(3, 6)",-100,-1
5b2/1w6/6w1/5b2/1b2b3/8/8/4w3 w,"(5, 5)",0
5b2/1w6/6w1/5b2/1b2b3/8/8/4w3 b,"(3, 4)",0
5b2/1w6/6w1/2w2b2/1bb1b3/8/8/4w3 w,"(3, 5)",50
5b2/1w6/6w1/2w2b2/1bb1b3/8/8/4w3 b,"(5, 4)",50
5b2/1w6/6w1/2w1wb2/1bbbb3/8/8/4w3 w,"(4, 5)",100,1
8/5w2/3b4/w1bbb3/8/4bw2/4w3/8 b,"(2, 4)",50
8/5w2/3b4/wwbbbb2/8/4bw2/4w3/8 w,"(6, 4)",100,1
8/8/8/8/8/1b6/8/8 b,"(3, 4)",0
8/8/8/2w1b3/8/1b6/8/8 w,"(5, 4)",0
8/8/8/2w1b3/8/1b6/8/8 b,"(5, 5)",0
8/8/8/2w1b3/2b1w3/1b6/8/8 w,"(3, 5)",0
8/8/8/2w1b3/2b1w3/1b6/8/8 b,"(4, 3)",0
8/8/3w4/2wbb3/2b1w3/1b6/8/8 w,"(4, 4)",50
8/8/3w4/2wbb3/2b1w3/1b6/8/8 b,"(1, 7)",50
8/8/3wb3/2wbb3/2b1w3/1b6/w7/8 w,"(5, 3)",100,1
w1b1w3/4b3/4ww2/bww1bw1b/1bb2b2/3b1wbw/4wwbb/8 w,"(5, 4)",100,1
2wb1w2/1bb3wb/www2b2/b1bb1bw1/7w/w1ww1wbb/1wb1b3/ww1bbb2 b,"(2, 4)",-50
2wb1w2/1bb3wb/www2b2/bwbb1bw1/7w/wbww1wbb/1wb1b3/ww1bbb2 w,"(2, 6)",50
2wb1w2/1bb3wb/www2b2/bwbb1bw1/7w/wbww1wbb/1wb1b3/ww1bbb2 b,"(1, 5)",-50
2wb1w2/1bb3wb/www2b2/bwbb1bw1/w6w/wbww1wbb/bwb1b3/ww1bbb2 w,"(1, 7)",50
2wb1w2/1bb3wb/www2b2/bwbb1bw1/w6w/wbww1wbb/bwb1b3/ww1bbb2 b,"(3, 5)",-100,-1
8/3b4/8/8/8/8/8/8 b,"(5, 5)",0
8/3b4/8/3b4/4w3/8/8/8 w,"(4, 4)",0
8/3b4/8/3b4/4w3/8/8/8 b,"(3, 4)",0
8/3b4/8/2wb4/3bw3/8/8/8 w,"(4, 5)",50
8/3b4/8/2wb4/3bw3/8/8/8 b,"(4, 6)",50
8/3b4/3b4/2wb4/3bw3/3w4/8/8 w,"(4, 3)",100,1
2wbw3/1w2bwbw/3wb1bw/w2bw1bb/3w1bw1/3wb2b/1b2wbb1/8 b,"(4, 7)",-50
2wbw3/1w2bwbw/3wb1bw/w2bw1bb/3w1bw1/3wb2b/1b1wwbb1/3b4 w,"(4, 8)",50
2wbw3/1w2bwbw/3wb1bw/w2bw1bb/3w1bw1/3wb2b/1b1wwbb1/3b4 b,"(6, 3)",-50
2wbw3/1w2bwbw/3wbwbw/w2bw1bb/3w1bw1/2bwb2b/1b1wwbb1/3b4 w,"(3, 6)",50
2wbw3/1w2bwbw/3wbwbw/w2bw1bb/3w1bw1/2bwb2b/1b1wwbb1/3b4 b,"(3, 4)",50
2wbw1b1/1w2bwbw/3wbwbw/w1wbw1bb/3w1bw1/2bwb2b/1b1wwbb1/3b4 w,"(7, 1)",100,1
w2b4/5ww1/w4b1b/2bb4/8/8/8/2w4b w,"(4, 4)",0
w2b4/5ww1/w4b1b/2bb4/8/8/8/2w4b b,"(3, 5)",0
w2b4/5ww1/w4b1b/2bb4/2wb4/8/8/2w4b w,"(4, 5)",0
w2b4/5ww1/w4b1b/2bb4/2wb4/8/8/2w4b b,"(4, 6)",-50
w2b4/5ww1/w4b1b/1bbb4/2wb4/3w4/8/2w4b w,"(2, 4)",50
w2b4/5ww1/w4b1b/1bbb4/2wb4/3w4/8/2w4b b,"(1, 4)",-50
w2b4/b4ww1/w4b1b/wbbb4/2wb4/3w4/8/2w4b w,"(1, 2)",50
w2b4/b4ww1/w4b1b/wbbb4/2wb4/3w4/8/2w4b b,"(2, 3)",50
w2b4/b4ww1/ww3b1b/wbbbb3/2wb4/3w4/8/2w4b w,"(5, 4)",100,1
5b1b/b1w1bww1/w3bb1w/w1wbb3/4w3/w3bwbb/1w1b2bw/2w2b2 b,"(1, 5)",-100,-1
8/8/8/8/8/8/8/5b2 b,"(4, 5)",0
8/8/8/8/2bw4/8/8/5b2 w,"(3, 5)",0
8/8/8/8/2bw4/8/8/5b2 b,"(5, 5)",0
8/8/8/2b5/2bww3/8/8/5b2 w,"(3, 4)",0
8/8/8/2b5/2bww3/8/8/5b2 b,"(4, 3)",0
8/8/3w4/2b5/2bww3/3b4/8/5b2 w,"(4, 6)",50
8/8/3w4/2b5/2bww3/3b4/8/5b2 b,"(5, 3)",50
8/8/3ww3/2b5/2bww3/3b4/4b3/5b2 w,"(5, 7)",100,1
w2b4/1b6/1w6/2ww2b1/2bbbbw1/bw6/3w4/1b3w2 w,"(3, 5)",100,1
1w4b1/6w1/8/4b3/1w6/1b6/4w3/1b2b3 w,"(5, 4)",0
1w4b1/6w1/8/4b3/1w6/1b6/4w3/1b2b3 b,"(3, 5)",0
1w4b1/6w1/8/4b3/1wwb4/1b6/4w3/1b2b3 w,"(4, 5)",0
1w4b1/6w1/8/4b3/1wwb4/1b6/4w3/1b2b3 b,"(4, 3)",0
1w4b1/6w1/3w4/4b3/1wwb4/1b1b4/4w3/1b2b3 w,"(4, 6)",0
1w4b1/6w1/3w4/4b3/1wwb4/1b1b4/4w3/1b2b3 b,"(3, 4)",-50
1w4b1/6w1/3w4/2w1b3/1wwb4/bb1b4/4w3/1b2b3 w,"(1, 6)",50
1w4b1/6w1/3w4/2w1b3/1wwb4/bb1b4/4w3/1b2b3 b,"(3, 6)",-50
1w4b1/6w1/2bw4/2w1b3/1wwb4/bbwb4/4w3/1b2b3 w,"(3, 3)",-50
1w4b1/6w1/2bw4/2w1b3/1wwb4/bbwb4/4w3/1b2b3 b,"(3, 7)",-100,-1
2b1b1w1/1w1b3b/www2b1b/4w1wb/wb1wbb2/2w5/w1b5/2b1w2b b,"(2, 7)",-100,-1
8/8/8/2b3wb/8/8/8/8 w,"(3, 4)",0
8/8/8/2b3wb/8/8/8/8 b,"(5, 4)",0
8/8/8/2b1w1wb/2b5/8/8/8 w,"(3, 5)",0
8/8/8/2b1w1wb/2b5/8/8/8 b,"(4, 4)",-50
8/8/8/2bww1wb/2b5/3b4/8/8 w,"(4, 6)",-50
8/8/8/2bww1wb/2b5/3b4/8/8 b,"(6, 4)",-100,-1
b1w5/1w1wwb2/8/w3wb2/1bb5/4b3/1w2wwbb/2b1bbw1 b,"(3, 2)",-100,-1
b7/6w1/8/2bwb3/3b4/8/8/4w3 w,"(3, 4)",0
b7/6w1/8/2bwb3/3b4/8/8/4w3 b,"(4, 3)",0
b7/6w1/3w4/2bwb3/3b4/3b4/8/4w3 w,"(4, 6)",0
b7/6w1/3w4/2bwb3/3b4/3b4/8/4w3 b,"(5, 3)",0
b7/6w1/3ww3/2bwbb2/3b4/3b4/8/4w3 w,"(6, 4)",0
b7/6w1/3ww3/2bwbb2/3b4/3b4/8/4w3 b,"(5, 5)",0
b7/6w1/3ww3/2bwbb2/1b1bw3/3b4/8/4w3 w,"(2, 5)",0
b7/6w1/3ww3/2bwbb2/1b1bw3/3b4/8/4w3 b,"(3, 5)",-50
b7/6w1/3ww3/2bwbb2/1bwbw3/1b1b4/8/4w3 w,"(2, 6)",-50
b7/6w1/3ww3/2bwbb2/1bwbw3/1b1b4/8/4w3 b,"(6, 2)",-100,-1
3b4/bw1wb1w1/2w3b1/w2bw3/w1b2bw1/2b1w3/b1wb1bb1/5w2 b,"(2, 4)",-100,-1
3b2ww/w1b5/6w1/2wb1b2/1bbbb1b1/wwb1b2w/1ww2wbb/5wbw w,"(2, 5)",100,1
3b3w/5b1b/1wbwww1w/b5b1/3b1wb1/w3ww1b/bbb3b1/1w1w1bw1 w,"(3, 3)",50
3b3w/5b1b/1wbwww1w/b5b1/3b1wb1/w3ww1b/bbb3b1/1w1w1bw1 b,"(4, 7)",-50
3b3w/5b1b/1wbwww1w/b5b1/3b1wb1/w3ww1b/bbbw2b1/1wbw1bw1 w,"(3, 8)",50
3b3w/5b1b/1wbwww1w/b5b1/3b1wb1/w3ww1b/bbbw2b1/1wbw1bw1 b,"(6, 4)",-100,-1
2bw3b/3b1w2/wbb1bw2/bbwbw3/2wbb1b1/w1b1wbw1/1wbwb3/1w1w1wwb w,"(3, 3)",100,1
bbbw4/4w3/1w2b1bw/4bwwb/b1wb1b2/1w3wbw/ww1wbwb1/2b1b3 b,"(3, 7)",-100,-1
8/8/8/8/4b3/8/8/8 w,"(5, 5)",0
8/8/8/8/4b3/8/8/8 b,"(4, 4)",0
8/8/3b4/3w4/4b3/8/8/8 w,"(4, 3)",0
8/8/3b4/3w4/4b3/8/8/8 b,"(4, 5)",0
8/8/3b4/3w4/2bwb3/8/8/8 w,"(3, 5)",0
8/8/3b4/3w4/2bwb3/8/8/8 b,"(3, 4)",0
8/8/3b4/2ww1b2/2bwb3/8/8/8 w,"(6, 4)",0
8/8/3b4/2ww1b2/2bwb3/8/8/8 b,"(5, 4)",-50
8/8/3b4/2wwwb2/2bwb3/3b4/8/8 w,"(4, 6)",50
8/8/3b4/2wwwb2/2bwb3/3b4/8/8 b,"(2, 4)",-100,-1
8/6w1/w4wb1/b7/8/b7/1b5w/6b1 b,"(4, 5)",-50
8/6w1/w4wb1/b2b4/3w4/b7/1b5w/6b1 w,"(4, 4)",-50
8/6w1/w4wb1/b2b4/3w4/b7/1b5w/6b1 b,"(5, 4)",-100,-1
3ww1bb/b2w4/bbbb2b1/w1w2w2/3w2ww/wbb1ww1b/2b1b3/2b2bww w,"(1, 3)",100,1
5b2/5b2/8/2w5/8/8/8/8 b,"(4, 4)",0
5b2/5b2/8/2ww4/3b4/8/8/8 w,"(4, 5)",0
5b2/5b2/8/2ww4/3b4/8/8/8 b,"(5, 4)",-50
5b2/5b2/8/1bwww3/3b4/8/8/8 w,"(2, 4)",-50
5b2/5b2/8/1bwww3/3b4/8/8/8 b,"(6, 4)",-100,-1
5w1w/b7/b4w2/w1b1b3/wb1b2bw/1w1wb1wb/5b2/1b4w1 w,"(4, 5)",100,1
8/8/8/4b3/bw6/w2b4/8/8 w,"(5, 4)",0
8/8/8/4b3/bw6/w2b4/8/8 b,"(4, 5)",0
8/8/3b4/4b3/bw1w4/w2b4/8/8 w,"(4, 3)",0
8/8/3b4/4b3/bw1w4/w2b4/8/8 b,"(4, 4)",0
8/8/3b4/3wb3/bw1w4/w2bb3/8/8 w,"(5, 6)",0
8/8/3b4/3wb3/bw1w4/w2bb3/8/8 b,"(5, 5)",-50
8/8/3bb3/3wb3/bw1ww3/w2bb3/8/8 w,"(5, 3)",-50
8/8/3bb3/3wb3/bw1ww3/w2bb3/8/8 b,"(3, 5)",-100,-1
1w3w2/8/8/b3b3/1bwb4/2b5/2w5/2w4b w,"(3, 6)",50
1w3w2/8/8/b3b3/1bwb4/2b5/2w5/2w4b b,"(2, 7)",50
1w3w2/8/8/b3b3/1bwb4/2b5/1wwb4/2w4b w,"(4, 7)",100,1
b1b4w/wb2b3/2w1b2w/1w2w1b1/4bb2/2b3w1/2w2w2/2b5 w,"(5, 5)",1
b1b4w/wb2b3/2w1b2w/1w2w1b1/4bb2/2b3w1/2w2w2/2b5 b,"(4, 4)",-50
b1b4w/wb2b3/2w1b2w/1w1ww1b1/4bb2/2bb2w1/2w2w2/2b5 w,"(4, 6)",-50
b1b4w/wb2b3/2w1b2w/1w1ww1b1/4bb2/2bb2w1/2w2w2/2b5 b,"(3, 4)",-100,-1
6w1/b3b3/w7/b5w1/w3bb2/1w6/4b3/8 b,"(3, 4)",0
6w1/b3b3/w7/b1w1b1w1/w3bb2/1w6/4b3/8 w,"(5, 4)",50
6w1/b3b3/w7/b1w1b1w1/w3bb2/1w6/4b3/8 b,"(5, 3)",50
6w1/b3b3/w3w3/b1w1b1w1/w3bb2/1w2b3/4b3/8 w,"(5, 6)",100,1
bb6/2b1w3/1wwb1w2/7w/1b5w/1b4b1/8/8 b,"(5, 4)",-50
bb6/2b1w3/1wwb1w2/4w2w/1b2b2w/1b4b1/8/8 w,"(5, 5)",-50
bb6/2b1w3/1wwb1w2/4w2w/1b2b2w/1b4b1/8/8 b,"(7, 4)",-100,-1
b7/1w6/8/3b4/b6w/8/8/8 w,"(4, 4)",0
b7/1w6/8/3b4/b6w/8/8/8 b,"(5, 4)",0
b7/1w6/8/3bw3/b1b4w/8/8/8 w,"(3, 5)",0
b7/1w6/8/3bw3/b1b4w/8/8/8 b,"(3, 4)",0
b7/1w6/8/2wbw3/b1bb3w/8/8/8 w,"(4, 5)",50
b7/1w6/8/2wbw3/b1bb3w/8/8/8 b,"(4, 6)",50
b7/1w6/8/2wbw3/bbbb3w/3w4/8/8 w,"(2, 5)",100,1
6bb/3b1w2/w3b1bw/1ww4b/3w1wbb/bb6/1b2ww2/w1wb1b1w b,"(5, 6)",-100,-1
3w2b1/b2wb3/w3w1bb/1w4w1/2b1bw1w/bww1bw1b/3w2bb/bw3b2 b,"(4, 4)",-50
3w2b1/b2wb3/w3w1bb/1w1w2w1/2bbbw1w/bww1bw1b/3w2bb/bw3b2 w,"(4, 5)",50
3w2b1/b2wb3/w3w1bb/1w1w2w1/2bbbw1w/bww1bw1b/3w2bb/bw3b2 b,"(2, 5)",-50
3w2b1/b2wb3/w3w1bb/bw1w2w1/1wbbbw1w/bww1bw1b/3w2bb/bw3b2 w,"(1, 4)",-50
3w2b1/b2wb3/w3w1bb/bw1w2w1/1wbbbw1w/bww1bw1b/3w2bb/bw3b2 b,"(2, 3)",-100,-1
b3b1w1/1b1w1w1b/2b1w2w/4b1b1/b2w4/1b3ww1/w1ww2b1/3bb1bw b,"(2, 7)",-100,-1
6w1/8/8/b2w1b2/6b1/8/b1w5/8 b,"(3, 5)",0
6w1/8/8/b2wbb2/2w3b1/8/b1w5/8 w,"(5, 4)",0
6w1/8/8/b2wbb2/2w3b1/8/b1w5/8 b,"(4, 6)",0
6w1/8/4b3/b2wbb2/2w3b1/3w4/b1w5/8 w,"(5, 3)",50
6w1/8/4b3/b2wbb2/2w3b1/3w4/b1w5/8 b,"(4, 2)",50
6w1/3w4/4b3/b2wbb2/2w3b1/3w3b/b1w5/8 w,"(8, 6)",100,1
4b2b/7w/4w3/8/8/5w2/3b4/2b5 b,"(4, 4)",0
4b2b/7w/4w3/3w4/3b4/5w2/3b4/2b5 w,"(4, 5)",0
4b2b/7w/4w3/3w4/3b4/5w2/3b4/2b5 b,"(4, 3)",0
4b2b/7w/3ww3/2bw4/3b4/5w2/3b4/2b5 w,"(3, 4)",0
4b2b/7w/3ww3/2bw4/3b4/5w2/3b4/2b5 b,"(5, 6)",0
4b2b/7w/3ww3/2bw4/3bb3/4ww2/3b4/2b5 w,"(5, 5)",0
4b2b/7w/3ww3/2bw4/3bb3/4ww2/3b4/2b5 b,"(6, 5)",0
4b2b/7w/3ww3/2bwb3/3bbw2/4ww2/3b4/2b5 w,"(5, 4)",0
4b2b/7w/3ww3/2bwb3/3bbw2/4ww2/3b4/2b5 b,"(3, 5)",-50
4b2b/7w/3ww3/2bwb3/2wbbw2/1b2ww2/3b4/2b5 w,"(2, 6)",-50
4b2b/7w/3ww3/2bwb3/2wbbw2/1b2ww2/3b4/2b5 b,"(6, 2)",-100,-1
8/8/8/4b3/8/8/8/8 w,"(5, 4)",0
8/8/8/4b3/8/8/8/8 b,"(3, 4)",0
8/8/3b4/2w1b3/8/8/8/8 w,"(4, 3)",0
8/8/3b4/2w1b3/8/8/8/8 b,"(5, 5)",0
8/8/3b4/2w1b3/2b1w3/8/8/8 w,"(3, 5)",0
8/8/3b4/2w1b3/2b1w3/8/8/8 b,"(5, 6)",0
8/8/3b4/2w1b3/2bbw3/4w3/8/8 w,"(4, 5)",0
8/8/3b4/2w1b3/2bbw3/4w3/8/8 b,"(6, 5)",0
8/8/3b4/2wbb3/2bbww2/4w3/8/8 w,"(4, 4)",50
8/8/3b4/2wbb3/2bbww2/4w3/8/8 b,"(4, 2)",50
8/3w4/3b4/2wbb3/2bbww2/3bw3/8/8 w,"(4, 6)",100,1
1wb2wb1/3bwbb1/4bbww/3bw1bb/1wb2bww/4ww1w/b5w1/2b1bw2 w,"(4, 4)",100,1
wb3bbw/b3w1wb/b5bw/2w4b/bw2bb2/2w1b2b/4w1w1/w1wbwbw1 b,"(1, 4)",-50
wb3bbw/b3w1wb/b2b2bw/w1w4b/bw2bb2/2w1b2b/4w1w1/w1wbwbw1 w,"(4, 3)",50
wb3bbw/b3w1wb/b2b2bw/w1w4b/bw2bb2/2w1b2b/4w1w1/w1wbwbw1 b,"(4, 7)",-100,-1
1b5w/5w2/8/8/1b6/1b6/8/8 b,"(3, 4)",0
1b5w/5w2/8/2w5/1bb5/1b6/8/8 w,"(3, 5)",0
1b5w/5w2/8/2w5/1bb5/1b6/8/8 b,"(5, 4)",0
1b5w/5w2/8/2wbw3/1bb5/1b6/8/8 w,"(4, 4)",50
1b5w/5w2/8/2wbw3/1bb5/1b6/8/8 b,"(1, 7)",50
1b5w/5w2/4b3/2wbw3/1bb5/1b6/w7/8 w,"(5, 3)",100,1
5w1b/b6b/8/8/5w2/b7/8/w7 b,"(4, 5)",0
5w1b/b6b/8/2b5/3w1w2/b7/8/w7 w,"(3, 4)",0
5w1b/b6b/8/2b5/3w1w2/b7/8/w7 b,"(5, 4)",0
5w1b/b6b/8/2b1w3/2bw1w2/b7/8/w7 w,"(3, 5)",0
5w1b/b6b/8/2b1w3/2bw1w2/b7/8/w7 b,"(4, 4)",0
5w1b/b6b/4b3/2bww3/2bw1w2/b7/8/w7 w,"(5, 3)",0
5w1b/b6b/4b3/2bww3/2bw1w2/b7/8/w7 b,"(5, 5)",-50
5w1b/b6b/4b3/2bww3/2bwww2/b2b4/8/w7 w,"(4, 6)",-50
5w1b/b6b/4b3/2bww3/2bwww2/b2b4/8/w7 b,"(7, 5)",-100,-1
b7/5bb1/8/2wbwbw1/2bw4/8/6bw/1w6 w,"(4, 4)",50
b7/5bb1/8/2wbwbw1/2bw4/8/6bw/1w6 b,"(5, 6)",-50
b7/5bb1/1b6/2wbwbw1/2bw4/4w3/6bw/1w6 w,"(2, 3)",50
b7/5bb1/1b6/2wbwbw1/2bw4/4w3/6bw/1w6 b,"(5, 3)",-50
b7/5bb1/1b2w3/2wbwbw1/2bwb3/4w3/6bw/1w6 w,"(5, 5)",50
b7/5bb1/1b2w3/2wbwbw1/2bwb3/4w3/6bw/1w6 b,"(6, 6)",-50
b7/5bb1/1b2w3/2wbwbw1/2bwbb2/4ww2/6bw/1w6 w,"(6, 5)",50
b7/5bb1/1b2w3/2wbwbw1/2bwbb2/4ww2/6bw/1w6 b,"(6, 3)",-50
b7/5bb1/1b2ww2/2wbwbw1/2bwbb2/2b1ww2/6bw/1w6 w,"(3, 6)",-50
b7/5bb1/1b2ww2/2wbwbw1/2bwbb2/2b1ww2/6bw/1w6 b,"(6, 7)",-100,-1
b4w1b/2bw1bb1/1bbw3b/w3b2w/wbwbw3/1w2b1b1/ww1wwb1w/4bb1w b,"(1, 6)",-100,-1
3www1b/1w5b/b2w1wb1/2b1b2b/4wbw1/w3bb1w/7b/2w1b3 b,"(3, 1)",-100,-1
w2b4/b2ww3/2wb1w2/ww1bb1bw/b2b4/8/ww1wbb2/b3b3 w,"(1, 5)",50
w2b4/b2ww3/2wb1w2/ww1bb1bw/b2b4/8/ww1wbb2/b3b3 b,"(3, 7)",-100,-1
3w3b/2bw4/8/4w3/w3b3/b3b1b1/2b4w/7w w,"(5, 5)",0
3w3b/2bw4/8/4w3/w3b3/b3b1b1/2b4w/7w b,"(4, 4)",-50
3w3b/2bw4/8/2bww3/w3b3/b3b1b1/2b4w/7w w,"(3, 4)",-50
3w3b/2bw4/8/2bww3/w3b3/b3b1b1/2b4w/7w b,"(4, 3)",-100,-1
ww2wb2/2b4b/2ww3b/2bwb3/bw6/b1wb2b1/1w2b3/5w2 w,"(3, 4)",-50
ww2wb2/2b4b/2ww3b/2bwb3/bw6/b1wb2b1/1w2b3/5w2 b,"(2, 2)",-100,-1
w1w5/w7/3b4/8/2w1b2b/1bbw4/8/6b1 b,"(5, 4)",0
w1w5/w7/3b4/4w3/2w1b2b/1bbwb3/8/6b1 w,"(5, 6)",0
w1w5/w7/3b4/4w3/2w1b2b/1bbwb3/8/6b1 b,"(5, 3)",0
w1w5/w7/3bw3/4wb2/2w1b2b/1bbwb3/8/6b1 w,"(6, 4)",0
w1w5/w7/3bw3/4wb2/2w1b2b/1bbwb3/8/6b1 b,"(4, 4)",-50
w1w5/w7/3bw3/3wwb2/2w1bb1b/1bbwb3/8/6b1 w,"(6, 5)",50
w1w5/w7/3bw3/3wwb2/2w1bb1b/1bbwb3/8/6b1 b,"(6, 2)",-100,-1
b6b/1w6/1w1bbww1/b3b1bb/1w1w1w2/7w/b2b2b1/4w1w1 w,"(5, 4)",50
b6b/1w6/1w1bbww1/b3b1bb/1w1w1w2/7w/b2b2b1/4w1w1 b,"(2, 4)",-100,-1
w5w1/1b6/3bw1b1/2b5/1bw2w2/b7/3b2w1/5w1b w,"(3, 4)",100,1
3b4/8/8/2w4b/3b4/8/w7/8 w,"(4, 5)",0
3b4/8/8/2w4b/3b4/8/w7/8 b,"(5, 5)",0
3b4/8/8/2w1b2b/3bw3/8/w7/8 w,"(5, 4)",0
3b4/8/8/2w1b2b/3bw3/8/w7/8 b,"(4, 6)",0
3b4/8/4b3/2w1b2b/3bw3/3w4/w7/8 w,"(5, 3)",0
3b4/8/4b3/2w1b2b/3bw3/3w4/w7/8 b,"(5, 6)",0
3b4/8/4b3/2w1b2b/2bbw3/3ww3/w7/8 w,"(3, 5)",0
3b4/8/4b3/2w1b2b/2bbw3/3ww3/w7/8 b,"(6, 5)",0
3b4/8/4b3/2wbb2b/2bbww2/3ww3/w7/8 w,"(4, 4)",50
3b4/8/4b3/2wbb2b/2bbww2/3ww3/w7/8 b,"(2, 6)",-50
3b4/8/4b3/2wbb2b/2bbww2/1wbww3/w7/8 w,"(3, 6)",50
3b4/8/4b3/2wbb2b/2bbww2/1wbww3/w7/8 b,"(2, 7)",50
3b4/5b2/4b3/2wbb2b/2bbww2/1wbww3/ww6/8 w,"(6, 2)",100,1
1w2bb2/2ww4/4wb2/3wb2w/1b5b/bb4b1/1w3b1w/2w1w2b w,"(5, 4)",0
1w2bb2/2ww4/4wb2/3wb2w/1b5b/bb4b1/1w3b1w/2w1w2b b,"(4, 5)",-50
1w2bb2/2ww4/3bwb2/3wb2w/1b1w3b/bb4b1/1w3b1w/2w1w2b w,"(4, 3)",50
1w2bb2/2ww4/3bwb2/3wb2w/1b1w3b/bb4b1/1w3b1w/2w1w2b b,"(3, 4)",50
1w2bb2/2ww4/3bwb2/2wwb2w/1b1w1b1b/bb4b1/1w3b1w/2w1w2b w,"(6, 5)",100,1
2b1b2b/bbwwbww1/bb2w1b1/w4w2/2b1b3/2w2ww1/2b5/5w2 w,"(5, 2)",-50
2b1b2b/bbwwbww1/bb2w1b1/w4w2/2b1b3/2w2ww1/2b5/5w2 b,"(7, 5)",-100,-1
8/8/2b1w3/8/8/8/5b2/8 b,"(4, 5)",0
8/8/2b1w3/8/3wb3/8/5b2/8 w,"(5, 5)",0
8/8/2b1w3/8/3wb3/8/5b2/8 b,"(3, 4)",0
8/8/2b1w3/2wb4/3wb3/8/5b2/8 w,"(4, 4)",50
8/8/2b1w3/2wb4/3wb3/8/5b2/8 b,"(2, 2)",50
8/1w6/2b1w3/2wb4/3wb3/5b2/5b2/8 w,"(6, 6)",100,1
b7/2b4w/b1w3w1/2w5/2ww4/wwbb4/1bw2b1b/bb1b1w2 w,"(3, 2)",50
b7/2b4w/b1w3w1/2w5/2ww4/wwbb4/1bw2b1b/bb1b1w2 b,"(4, 4)",-50
b7/2b4w/b1w3w1/2ww4/2ww4/wwbb4/bbw2b1b/bb1b1w2 w,"(1, 7)",50
b7/2b4w/b1w3w1/2ww4/2ww4/wwbb4/bbw2b1b/bb1b1w2 b,"(3, 8)",-50
b7/2b4w/b1w3w1/2ww4/2ww4/wwbbb3/bbw2b1b/bbwb1w2 w,"(5, 6)",50
b7/2b4w/b1w3w1/2ww4/2ww4/wwbbb3/bbw2b1b/bbwb1w2 b,"(5, 3)",-100,-1
1bw5/bwb1b3/bww1bw1b/b1b1b1ww/bw1w1wbw/2b1b1bb/w7/ww2wb1w w,"(1, 4)",100,1
8/8/3b4/8/8/8/8/8 b,"(5, 4)",0
8/8/3b4/4w3/3b4/8/8/8 w,"(4, 5)",0
8/8/3b4/4w3/3b4/8/8/8 b,"(5, 5)",0
8/8/3b4/3bw3/3bw3/8/8/8 w,"(4, 4)",50
8/8/3b4/3bw3/3bw3/8/8/8 b,"(4, 2)",50
8/3w4/3b4/3bw3/3bw3/3b4/8/8 w,"(4, 6)",100,1
1w6/8/7w/8/3b3b/b3w3/4b3/8 b,"(3, 4)",0
1w6/8/3b3w/2w5/3b3b/b3w3/4b3/8 w,"(4, 3)",0
1w6/8/3b3w/2w5/3b3b/b3w3/4b3/8 b,"(5, 5)",0
1w6/8/3b3w/2wb4/3bw2b/b3w3/4b3/8 w,"(4, 4)",50
1w6/8/3b3w/2wb4/3bw2b/b3w3/4b3/8 b,"(4, 2)",50
1w6/3w4/3b3w/2wb4/3bw2b/b2bw3/4b3/8 w,"(4, 6)",100,1
3bw3/3b1b2/1b3w2/2w1wbwb/2w1w1ww/b5wb/5b1b/bb1w1bw1 b,"(5, 2)",-100,-1
8/7b/8/8/8/8/8/8 b,"(4, 5)",0
8/7b/8/3b4/3w4/8/8/8 w,"(4, 4)",0
8/7b/8/3b4/3w4/8/8/8 b,"(3, 5)",0
8/7b/3b4/3b4/2ww4/8/8/8 w,"(4, 3)",0
8/7b/3b4/3b4/2ww4/8/8/8 b,"(5, 4)",0
8/7b/3bb3/3bw3/2ww4/8/8/8 w,"(5, 3)",0
8/7b/3bb3/3bw3/2ww4/8/8/8 b,"(5, 5)",-50
8/7b/3bb3/3bw3/1bwww3/8/8/8 w,"(2, 5)",-50
8/7b/3bb3/3bw3/1bwww3/8/8/8 b,"(6, 5)",-100,-1
8/8/8/8/1b4b1/8/w7/1b3w2 b,"(5, 5)",0
8/8/8/2b5/1b2w1b1/8/w7/1b3w2 w,"(3, 4)",0
8/8/8/2b5/1b2w1b1/8/w7/1b3w2 b,"(3, 5)",0
8/8/3b4/2b5/1bw1w1b1/8/w7/1b3w2 w,"(4, 3)",50
8/8/3b4/2b5/1bw1w1b1/8/w7/1b3w2 b,"(1, 6)",50
8/4b3/3b4/2b5/1bw1w1b1/w7/w7/1b3w2 w,"(5, 2)",100,1
b3b3/3b4/1bww1wbw/6bb/1b3ww1/b2w3b/4bwb1/w2wwwb1 b,"(3, 8)",-100,-1
3wb2b/b4w1b/b4w2/7b/5bw1/5ww1/b3w3/8 b,"(4, 8)",-100,-1
2b5/b1b1w3/2wbb2b/1w6/4w3/b1w2bw1/1wwb1w2/7b b,"(4, 4)",-50
2b5/bbb1w3/2wbb2b/1w1w4/4w3/b1w2bw1/1wwb1w2/7b w,"(2, 2)",50
2b5/bbb1w3/2wbb2b/1w1w4/4w3/b1w2bw1/1wwb1w2/7b b,"(4, 2)",-50
2b5/bbbww3/2wbb2b/1w1w4/b3w3/b1w2bw1/1wwb1w2/7b w,"(1, 5)",-50
2b5/bbbww3/2wbb2b/1w1w4/b3w3/b1w2bw1/1wwb1w2/7b b,"(5, 1)",-100,-1
2b1w2b/1wwbb3/2b4w/1b1w1b2/bw1b1w2/1bw3w1/1wbb2w1/2w2b2 w,"(4, 2)",100,1
b7/8/b7/8/3b4/w1w2b2/wb4w1/5b1w b,"(3, 5)",0
b7/8/b7/3b4/2wb4/w1w2b2/wb4w1/5b1w w,"(4, 4)",0
b7/8/b7/3b4/2wb4/w1w2b2/wb4w1/5b1w b,"(3, 4)",-50
b7/8/b1b5/2wb4/2wb4/w1w2b2/wb4w1/5b1w w,"(3, 3)",50
b7/8/b1b5/2wb4/2wb4/w1w2b2/wb4w1/5b1w b,"(2, 2)",-50
b7/1w6/b1b5/2wb4/2wb4/w1w2b2/wbb3w1/5b1w w,"(3, 7)",50
b7/1w6/b1b5/2wb4/2wb4/w1w2b2/wbb3w1/5b1w b,"(4, 6)",-50
b7/1w6/b1b5/2wb4/2wb4/wbww1b2/wbb3w1/5b1w w,"(2, 6)",50
b7/1w6/b1b5/2wb4/2wb4/wbww1b2/wbb3w1/5b1w b,"(5, 4)",50
b7/1w6/b1b5/2wbw3/2wbb3/wbww1b2/wbb3w1/5b1w w,"(5, 5)",100,1
3b2b1/6b1/1w1b1wbb/3b4/6ww/6ww/8/4w1b1 b,"(4, 2)",-50
3b2b1/3w2b1/1w1b1wbb/3b4/6ww/6ww/5b2/4w1b1 w,"(6, 7)",50
3b2b1/3w2b1/1w1b1wbb/3b4/6ww/6ww/5b2/4w1b1 b,"(7, 4)",-50
3b2b1/3wb1b1/1w1b1wbb/3b2w1/6ww/6ww/5b2/4w1b1 w,"(5, 2)",-50
3b2b1/3wb1b1/1w1b1wbb/3b2w1/6ww/6ww/5b2/4w1b1 b,"(7, 7)",-100,-1
8/8/8/w7/2b5/2b5/8/1b2w3 b,"(5, 4)",0
8/8/8/w1b1w3/2b5/2b5/8/1b2w3 w,"(3, 4)",50
8/8/8/w1b1w3/2b5/2b5/8/1b2w3 b,"(3, 3)",50
8/8/2w5/w1b1w3/2b5/2b5/2b5/1b2w3 w,"(3, 7)",100,1
8/8/8/8/8/8/8/6b1 b,"(3, 4)",0
8/8/8/2w5/3b4/8/8/6b1 w,"(4, 5)",0
8/8/8/2w5/3b4/8/8/6b1 b,"(5, 5)",0
8/8/8/2w5/2bbw3/8/8/6b1 w,"(3, 5)",0
8/8/8/2w5/2bbw3/8/8/6b1 b,"(5, 4)",0
8/8/4b3/2w1w3/2bbw3/8/8/6b1 w,"(5, 3)",0
8/8/4b3/2w1w3/2bbw3/8/8/6b1 b,"(4, 4)",-50
8/8/4b3/1bwww3/2bbw3/8/8/6b1 w,"(2, 4)",-50
8/8/4b3/1bwww3/2bbw3/8/8/6b1 b,"(6, 4)",-100,-1
8/8/8/8/4b3/8/8/8 w,"(5, 5)",0
8/8/8/8/4b3/8/8/8 b,"(3, 4)",0
8/8/8/2wb4/4b3/8/8/8 w,"(4, 4)",0
8/8/8/2wb4/4b3/8/8/8 b,"(4, 5)",0
8/8/8/2wb4/2bwb3/8/8/8 w,"(3, 5)",0
8/8/8/2wb4/2bwb3/8/8/8 b,"(4, 6)",0
8/8/4b3/2wb4/2bwb3/3w4/8/8 w,"(5, 3)",50
8/8/4b3/2wb4/2bwb3/3w4/8/8 b,"(2, 6)",50
8/5b2/4b3/2wb4/2bwb3/1w1w4/8/8 w,"(6, 2)",100,1
bw6/b1bbb2w/b2w1ww1/3b3b/5b2/3w3b/1w4w1/b1ww4 b,"(1, 4)",-50
bw6/bbbbb2w/b2w1ww1/w2b3b/5b2/3w3b/1w4w1/b1ww4 w,"(2, 2)",100,1
8/8/8/8/8/8/6b1/8 b,"(4, 4)",0
8/8/8/2bw4/8/8/6b1/8 w,"(3, 4)",0
8/8/8/2bw4/8/8/6b1/8 b,"(3, 5)",0
8/8/8/2bwb3/2w5/8/6b1/8 w,"(5, 4)",0
8/8/8/2bwb3/2w5/8/6b1/8 b,"(4, 6)",0
8/8/3b4/2bwb3/2w5/3w4/6b1/8 w,"(4, 3)",0
8/8/3b4/2bwb3/2w5/3w4/6b1/8 b,"(4, 5)",-50
8/8/3b4/2bwb3/2ww4/3wb3/6b1/8 w,"(5, 6)",-50
8/8/3b4/2bwb3/2ww4/3wb3/6b1/8 b,"(4, 7)",-100,-1
bb2w2w/b3wb2/wb2w3/1wbw1b2/1b1bbbww/2wwbw1b/4b1w1/8 w,"(2, 3)",100,1
w7/2w1w1w1/b2b1b2/2bw2wb/2bw2ww/w1b2w2/bwbb4/5bbb w,"(3, 5)",100,1
2bw4/2b1b2w/1bb1ww1b/2bbwb1b/w2w4/2b5/1w3w2/b3w1w1 w,"(3, 3)",100,1
w4w2/2b3wb/1b2bb1b/2b1w1wb/wbww2ww/5b2/1wb1bb1b/ww2w2b w,"(2, 5)",50
w4w2/2b3wb/1b2bb1b/2b1w1wb/wbww2ww/5b2/1wb1bb1b/ww2w2b b,"(3, 6)",-100,-1
6wb/1b6/6b1/4w3/2b5/8/5wb1/w3w1b1 w,"(3, 5)",0
6wb/1b6/6b1/4w3/2b5/8/5wb1/w3w1b1 b,"(3, 4)",0
6wb/1b6/6b1/2wbw3/2b5/8/5wb1/w3w1b1 w,"(4, 4)",0
6wb/1b6/6b1/2wbw3/2b5/8/5wb1/w3w1b1 b,"(4, 5)",-50
6wb/1b6/6b1/2wbw3/2bw4/4b3/5wb1/w3w1b1 w,"(5, 6)",0
6wb/1b6/6b1/2wbw3/2bw4/4b3/5wb1/w3w1b1 b,"(4, 6)",0
6wb/1b6/6b1/2wbw3/2bwb3/3wb3/5wb1/w3w1b1 w,"(5, 5)",50
6wb/1b6/6b1/2wbw3/2bwb3/3wb3/5wb1/w3w1b1 b,"(3, 3)",50
6wb/1b6/2w3b1/2wbw3/2bwb3/3wbb2/5wb1/w3w1b1 w,"(6, 6)",100,1
1b3wb1/bb2w3/1w1w1b2/w1bb1b2/1bww4/b7/b2b2ww/2w4w w,"(4, 4)",50
1b3wb1/bb2w3/1w1w1b2/w1bb1b2/1bww4/b7/b2b2ww/2w4w b,"(5, 5)",-50
1b3wb1/bb2w3/1w1w1b2/w1bbbb2/1bwww3/b7/b2b2ww/2w4w w,"(5, 4)",100,1
1bw2b1b/wb1b3w/1wwb1w2/3bw3/bb1w2bb/w3w2w/4w3/w1b2b1b b,"(3, 4)",-100,-1
4bb2/8/5w2/8/7w/wbb1b3/8/2wwb3 b,"(5, 5)",50
4bb2/8/5w2/8/4w2w/wbbbb3/8/2wwb3 w,"(4, 6)",100,1
6b1/b7/2w1w3/bw1b1b2/1w6/3w3w/4b3/2b5 w,"(4, 4)",0
6b1/b7/2w1w3/bw1b1b2/1w6/3w3w/4b3/2b5 b,"(5, 4)",0
6b1/b7/2w1w3/bw1bwb2/1wb5/3w3w/4b3/2b5 w,"(3, 5)",0
6b1/b7/2w1w3/bw1bwb2/1wb5/3w3w/4b3/2b5 b,"(4, 3)",-50
6b1/b7/1bwww3/bw1bwb2/1wb5/3w3w/4b3/2b5 w,"(2, 3)",-50
6b1/b7/1bwww3/bw1bwb2/1wb5/3w3w/4b3/2b5 b,"(6, 3)",-100,-1
8/8/b4b2/b2b2w1/1b6/3w3w/8/5w2 w,"(4, 4)",0
8/8/b4b2/b2b2w1/1b6/3w3w/8/5w2 b,"(5, 4)",0
8/8/b4b2/b1bbw1w1/1b6/3w3w/8/5w2 w,"(3, 4)",50
8/8/b4b2/b1bbw1w1/1b6/3w3w/8/5w2 b,"(4, 5)",50
8/8/b4b2/bbbbw1w1/1b1w4/3w3w/8/5w2 w,"(2, 4)",100,1
7w/1b5b/3b4/8/1wb4w/1w6/b3w1w1/bb6 b,"(4, 5)",0
7w/1b5b/3b4/4b3/1wbw3w/1w6/b3w1w1/bb6 w,"(5, 4)",0
7w/1b5b/3b4/4b3/1wbw3w/1w6/b3w1w1/bb6 b,"(3, 4)",0
7w/1b5b/3b4/2w1b3/1wbw3w/1w2b3/b3w1w1/bb6 w,"(5, 6)",0
7w/1b5b/3b4/2w1b3/1wbw3w/1w2b3/b3w1w1/bb6 b,"(4, 4)",0
7w/1b5b/3b4/2wwb3/1wbwb2w/1w2b3/b3w1w1/bb6 w,"(5, 5)",50
7w/1b5b/3b4/2wwb3/1wbwb2w/1w2b3/b3w1w1/bb6 b,"(5, 3)",1
7w/1b5b/3bw3/2wwb3/1wbwb2w/1w1bb3/b3w1w1/bb6 w,"(4, 6)",50
7w/1b5b/3bw3/2wwb3/1wbwb2w/1w1bb3/b3w1w1/bb6 b,"(6, 4)",50
7w/1b5b/3bw3/2wwbw2/1wbwb2w/1w1bb3/b1b1w1w1/bb6 w,"(3, 7)",100,1
7w/2b3w1/b2b1bw1/bbbw1w2/w5wb/3b4/2b2wbb/4www1 b,"(3, 5)",-50
7w/2b3w1/b2b1bw1/bbbw1w2/w1w3wb/3b4/2b2wbb/3bwww1 w,"(4, 8)",-50
7w/2b3w1/b2b1bw1/bbbw1w2/w1w3wb/3b4/2b2wbb/3bwww1 b,"(7, 4)",-100,-1
b3bw1b/1b5w/bw2ww2/ww6/3w2b1/3w3b/1b4bw/4b1b1 b,"(5, 4)",-50
b3bw1b/1b5w/bw2ww2/ww2w3/3w2b1/2bw3b/1b4bw/4b1b1 w,"(3, 6)",50
b3bw1b/1b5w/bw2ww2/ww2w3/3w2b1/2bw3b/1b4bw/4b1b1 b,"(7, 2)",-100,-1
2bb1ww1/b2wwb2/2bw1b2/b3bbb1/ww1w3b/1b1wb1w1/b1w2b1w/3w1w2 w,"(2, 6)",50
2bb1ww1/b2wwb2/2bw1b2/b3bbb1/ww1w3b/1b1wb1w1/b1w2b1w/3w1w2 b,"(3, 4)",-100,-1
w2w4/3ww2b/b3b1w1/1b6/1ww1bb2/3w3b/3wwbw1/bb1b1b2 w,"(2, 4)",50
w2w4/3ww2b/b3b1w1/1b6/1ww1bb2/3w3b/3wwbw1/bb1b1b2 b,"(3, 8)",50
w2w4/3ww2b/b3b1w1/1b6/1ww1bb2/3w1b1b/3wwbw1/bbwb1b2 w,"(6, 6)",100,1
8/1w5b/3b2wb/2w1b3/b3bb2/1w6/8/1w5w b,"(3, 2)",50
8/1ww4b/3b2wb/2w1b3/b3bb2/1w4b1/8/1w5w w,"(7, 6)",100,1
8/8/8/8/bww1b3/b7/2wb4/8 w,"(5, 5)",0
8/8/8/8/bww1b3/b7/2wb4/8 b,"(4, 5)",0
8/8/8/2b5/bwwwb3/b7/2wb4/8 w,"(3, 4)",0
8/8/8/2b5/bwwwb3/b7/2wb4/8 b,"(4, 3)",0
8/8/3w4/2b1b3/bwwwb3/b7/2wb4/8 w,"(5, 4)",0
8/8/3w4/2b1b3/bwwwb3/b7/2wb4/8 b,"(4, 4)",-50
8/3b4/3w4/2bwb3/bwwwb3/b7/2wb4/8 w,"(4, 2)",-50
8/3b4/3w4/2bwb3/bwwwb3/b7/2wb4/8 b,"(4, 6)",-100,-1
wbbw3w/2wbb1w1/2b1w2w/bbb1b2w/bbb2bb1/ww2w1w1/1w2wb1b/1w6 w,"(3, 3)",100,1
8/5w2/w5b1/3b4/w7/6b1/2b5/8 w,"(4, 4)",0
8/5w2/w5b1/3b4/w7/6b1/2b5/8 b,"(4, 5)",0
8/5w2/w2b2b1/3b4/w2w4/6b1/2b5/8 w,"(4, 3)",0
8/5w2/w2b2b1/3b4/w2w4/6b1/2b5/8 b,"(5, 5)",0
8/5w2/w2b2b1/3bb3/w2ww3/6b1/2b5/8 w,"(5, 4)",50
8/5w2/w2b2b1/3bb3/w2ww3/6b1/2b5/8 b,"(6, 5)",-50
8/5w2/w2b2b1/3bb3/w1bwww2/6b1/2b5/8 w,"(3, 5)",-50
8/5w2/w2b2b1/3bb3/w1bwww2/6b1/2b5/8 b,"(7, 5)",-100,-1
3ww3/b1bbwb1b/w1b1bw2/b2w2bw/w1w1w3/w2wbb2/2bww2w/1bb1b1b1 w,"(1, 4)",50
3ww3/b1bbwb1b/w1b1bw2/b2w2bw/w1w1w3/w2wbb2/2bww2w/1bb1b1b1 b,"(2, 2)",-50
3ww3/bwbbwb1b/w1b1bw2/bb1w2bw/w1w1w3/w2wbb2/2bww2w/1bb1b1b1 w,"(2, 4)",50
3ww3/bwbbwb1b/w1b1bw2/bb1w2bw/w1w1w3/w2wbb2/2bww2w/1bb1b1b1 b,"(4, 5)",-100,-1
6w1/2b4b/2w1b3/2w2w2/2w5/6b1/3b4/2b5 w,"(3, 2)",-50
6w1/2b4b/2w1b3/2w2w2/2w5/6b1/3b4/2b5 b,"(3, 6)",-100,-1
b7/6w1/2b4b/w6w/4w3/5b2/5b2/8 b,"(4, 5)",0
b7/6w1/2b4b/w2b3w/3ww3/5b2/5b2/8 w,"(4, 4)",50
b7/6w1/2b4b/w2b3w/3ww3/5b2/5b2/8 b,"(2, 2)",0
b7/1w4w1/2b4b/w2bb2w/3ww3/5b2/5b2/8 w,"(5, 4)",0
b7/1w4w1/2b4b/w2bb2w/3ww3/5b2/5b2/8 b,"(4, 6)",0
b7/1w4w1/2b4b/w1bbb2w/3ww3/3w1b2/5b2/8 w,"(3, 4)",50
b7/1w4w1/2b4b/w1bbb2w/3ww3/3w1b2/5b2/8 b,"(2, 4)",50
b7/1w4w1/2b4b/wwbbbb1w/3ww3/3w1b2/5b2/8 w,"(6, 4)",100,1
w4wb1/1b3wbb/1w1b4/3w3b/bw1b1b1w/3b1b1b/3w2wb/1w1w2w1 b,"(5, 4)",0
w4wb1/1b3wbb/1w1b4/3ww2b/bw1bbb1w/3b1b1b/3w2wb/1w1w2w1 w,"(5, 5)",50
w4wb1/1b3wbb/1w1b4/3ww2b/bw1bbb1w/3b1b1b/3w2wb/1w1w2w1 b,"(3, 5)",-50
w4wb1/1b3wbb/1w1bb3/3ww2b/bwwbbb1w/3b1b1b/3w2wb/1w1w2w1 w,"(5, 3)",50
w4wb1/1b3wbb/1w1bb3/3ww2b/bwwbbb1w/3b1b1b/3w2wb/1w1w2w1 b,"(7, 5)",-50
w4wb1/1b3wbb/1w1bb3/3ww2b/bwwbbbww/3b1bbb/3w2wb/1w1w2w1 w,"(7, 6)",50
w4wb1/1b3wbb/1w1bb3/3ww2b/bwwbbbww/3b1bbb/3w2wb/1w1w2w1 b,"(6, 4)",-50
w4wb1/1b3wbb/1w1bb3/2bwww1b/bwwbbbww/3b1bbb/3w2wb/1w1w2w1 w,"(3, 4)",50
w4wb1/1b3wbb/1w1bb3/2bwww1b/bwwbbbww/3b1bbb/3w2wb/1w1w2w1 b,"(5, 6)",-50
w4wb1/1b3wbb/1w1bbb2/2bwww1b/bwwbbbww/3bwbbb/3w2wb/1w1w2w1 w,"(6, 3)",50
w4wb1/1b3wbb/1w1bbb2/2bwww1b/bwwbbbww/3bwbbb/3w2wb/1w1w2w1 b,"(3, 3)",-50
w4wb1/1b3wbb/1wwbbbb1/2bwww1b/bwwbbbww/3bwbbb/3w2wb/1w1w2w1 w,"(7, 3)",100,1
6b1/w4w2/3bwb2/3b3w/b1b1w3/7b/2w2b2/2bw3w b,"(4, 5)",0
6b1/w4w2/3bwb2/3bb2w/b1bww3/7b/2w2b2/2bw3w w,"(5, 4)",0
6b1/w4w2/3bwb2/3bb2w/b1bww3/7b/2w2b2/2bw3w b,"(3, 4)",-50
6b1/w4w2/1b1bwb2/2wbb2w/b1bww3/7b/2w2b2/2bw3w w,"(2, 3)",0
6b1/w4w2/1b1bwb2/2wbb2w/b1bww3/7b/2w2b2/2bw3w b,"(4, 6)",-50
6b1/w4w2/1b1bwb2/2wbb2w/b1bww3/3w3b/2w2b2/1bbw3w w,"(2, 8)",-50
6b1/w4w2/1b1bwb2/2wbb2w/b1bww3/3w3b/2w2b2/1bbw3w b,"(4, 7)",-100,-1
b2w2b1/6b1/w3w3/1bw1w3/8/5b2/w2w2b1/4b1b1 b,"(4, 4)",-50
b2w2b1/6b1/w3w3/1bwww3/3b4/5b2/w2w2b1/4b1b1 w,"(4, 5)",-50
b2w2b1/6b1/w3w3/1bwww3/3b4/5b2/w2w2b1/4b1b1 b,"(6, 4)",-100,-1
3w3w/wb3bw1/6b1/b3w3/bw6/1b2b3/8/8 b,"(6, 3)",-100,-1
8/5b2/8/1b1b1w2/w2w3b/1b5w/b4w2/8 w,"(4, 4)",50
8/5b2/8/1b1b1w2/w2w3b/1b5w/b4w2/8 b,"(3, 5)",-50
8/5b2/8/1b1b1w2/wbww3b/1b5w/b4w2/8 w,"(2, 5)",50
8/5b2/8/1b1b1w2/wbww3b/1b5w/b4w2/8 b,"(2, 3)",50
8/5b2/1w6/1b1b1w2/wbww3b/1b5w/bb3w2/8 w,"(2, 7)",100,1
8/5b2/5w2/b2b4/w7/4b3/7w/1w4b1 w,"(4, 4)",0
8/5b2/5w2/b2b4/w7/4b3/7w/1w4b1 b,"(5, 4)",0
8/5b2/5w2/b2bw3/w2b4/4b3/7w/1w4b1 w,"(4, 5)",50
8/5b2/5w2/b2bw3/w2b4/4b3/7w/1w4b1 b,"(3, 4)",50
8/5b2/5w2/b1wbw3/w2b4/4b3/5b1w/1w4b1 w,"(6, 7)",100,1
8/8/8/6b1/8/8/8/8 b,"(4, 4)",0
8/8/8/3w2b1/3b4/8/8/8 w,"(4, 5)",0
8/8/8/3w2b1/3b4/8/8/8 b,"(5, 4)",0
8/8/8/2bww1b1/3b4/8/8/8 w,"(3, 4)",0
8/8/8/2bww1b1/3b4/8/8/8 b,"(4, 3)",0
8/8/3w4/2bww1b1/2bb4/8/8/8 w,"(3, 5)",0
8/8/3w4/2bww1b1/2bb4/8/8/8 b,"(5, 6)",0
8/8/3w4/2bww1b1/2bbb3/4w3/8/8 w,"(5, 5)",50
8/8/3w4/2bww1b1/2bbb3/4w3/8/8 b,"(2, 5)",50
8/8/3w4/2bww1b1/1wbbbb2/4w3/8/8 w,"(6, 5)",100,1
4w1wb/8/1b5b/8/8/8/8/1w5b b,"(3, 4)",0
4w1wb/8/1b5b/2w5/4b3/8/8/1w5b w,"(5, 5)",0
4w1wb/8/1b5b/2w5/4b3/8/8/1w5b b,"(4, 5)",0
4w1wb/8/1b1b3b/2w5/3wb3/8/8/1w5b w,"(4, 3)",0
4w1wb/8/1b1b3b/2w5/3wb3/8/8/1w5b b,"(5, 3)",0
4w1wb/8/1b1bw2b/2w1b3/3wb3/8/8/1w5b w,"(5, 4)",0
4w1wb/8/1b1bw2b/2w1b3/3wb3/8/8/1w5b b,"(4, 4)",-50
4w1wb/8/1b1bw2b/2wwb3/3wb3/4b3/8/1w5b w,"(5, 6)",50
4w1wb/8/1b1bw2b/2wwb3/3wb3/4b3/8/1w5b b,"(5, 7)",-50
4w1wb/5b2/1b1bw2b/2wwb3/3wb3/4b3/4w3/1w5b w,"(6, 2)",1
4w1wb/5b2/1b1bw2b/2wwb3/3wb3/4b3/4w3/1w5b b,"(3, 5)",-50
4w1wb/5b2/1b1bw2b/2wwb3/2wwbb2/4b3/4w3/1w5b w,"(6, 5)",50
4w1wb/5b2/1b1bw2b/2wwb3/2wwbb2/4b3/4w3/1w5b b,"(2, 6)",-100,-1
8/1w4w1/4w3/bbb1w2w/w3bb2/2b1b3/8/8 b,"(4, 3)",50
8/1w4w1/3ww3/bbbbw2w/w3bb2/2b1b3/8/8 w,"(4, 4)",100,1
2w2bwb/2bbbb1b/b1w2w1w/w2w1w2/w1w1b1b1/b4b2/8/wwwb2b1 w,"(4, 2)",100,1
8/6b1/3w4/4b3/8/wb6/8/w1b1w1b1 w,"(5, 4)",0
8/6b1/3w4/4b3/8/wb6/8/w1b1w1b1 b,"(3, 5)",0
8/6b1/3w4/3bb3/2w5/wb6/8/w1b1w1b1 w,"(4, 4)",0
8/6b1/3w4/3bb3/2w5/wb6/8/w1b1w1b1 b,"(5, 3)",0
8/6b1/3ww3/3bb3/2wb4/wb6/8/w1b1w1b1 w,"(4, 5)",50
8/6b1/3ww3/3bb3/2wb4/wb6/8/w1b1w1b1 b,"(6, 3)",-50
8/6b1/2bwww2/3bb3/2wb4/wb6/8/w1b1w1b1 w,"(3, 3)",-50
8/6b1/2bwww2/3bb3/2wb4/wb6/8/w1b1w1b1 b,"(7, 3)",-100,-1
bb1wbb2/1bwb2bw/4w3/2ww1b1b/w1bwbb1w/w2w1w2/1w1b2wb/3b1wb1 w,"(3, 5)",-50
bb1wbb2/1bwb2bw/4w3/2ww1b1b/w1bwbb1w/w2w1w2/1w1b2wb/3b1wb1 b,"(4, 3)",-100,-1
8/8/5w2/2b3w1/8/8/b7/7b w,"(3, 4)",0
8/8/5w2/2b3w1/8/8/b7/7b b,"(5, 4)",0
8/8/3b1w2/2b1w1w1/8/8/b7/7b w,"(4, 3)",0
8/8/3b1w2/2b1w1w1/8/8/b7/7b b,"(4, 4)",-50
8/8/3b1w2/2bww1w1/2b5/8/b7/7b w,"(3, 5)",-50
8/8/3b1w2/2bww1w1/2b5/8/b7/7b b,"(6, 4)",-100,-1
3w4/7w/3b4/b2bb3/8/5b1w/4b1bw/1w4w1 w,"(4, 4)",50
3w4/7w/3b4/b2bb3/8/5b1w/4b1bw/1w4w1 b,"(3, 5)",50
3w4/7w/3b4/b2bb3/2w1b3/5b1w/4b1bw/1w4w1 w,"(5, 5)",100,1
3w2w1/1wb2b2/1wbb4/w1wb4/8/8/5b1b/1b1w4 w,"(4, 3)",0
3w2w1/1wb2b2/1wbb4/w1wb4/8/8/5b1b/1b1w4 b,"(4, 5)",-50
3w2w1/bwb2b2/1wbb4/w1wb4/3w4/8/5b1b/1b1w4 w,"(1, 2)",-50
3w2w1/bwb2b2/1wbb4/w1wb4/3w4/8/5b1b/1b1w4 b,"(5, 6)",-100,-1
w2wwb2/b2b1wb1/6bw/w3w1b1/bw1b4/1b1bw1bw/2b3wb/ww1b4 w,"(2, 6)",100,1
8/8/2b5/1b1b3w/1ww1b3/5wb1/3b2w1/8 b,"(3, 4)",50
8/1b6/2b5/1bwb3w/1ww1b3/5wb1/3b2w1/8 w,"(2, 2)",100,1
w2w2bb/4w2b/b1w1bw1b/1b2ww1w/1ww3ww/2bwb1w1/bbbbwb2/wbb4b w,"(1, 7)",100,1
7w/1b1ww3/b1bbbb2/bwbw2w1/4w1b1/3b2w1/1w2bww1/w4bb1 w,"(3, 3)",100,1
8/8/8/2b5/8/8/8/8 w,"(3, 4)",0
8/8/8/2b5/8/8/8/8 b,"(4, 4)",0
8/8/8/2bw4/3b4/8/8/8 w,"(4, 5)",0
8/8/8/2bw4/3b4/8/8/8 b,"(5, 5)",0
8/8/8/2bw4/3bw3/3b4/8/8 w,"(4, 6)",0
8/8/8/2bw4/3bw3/3b4/8/8 b,"(5, 3)",0
8/8/4w3/2bwb3/3bw3/3b4/8/8 w,"(5, 4)",0
8/8/4w3/2bwb3/3bw3/3b4/8/8 b,"(3, 5)",-50
8/8/4w3/2bwb3/2wbw3/1b1b4/8/8 w,"(2, 6)",-50
8/8/4w3/2bwb3/2wbw3/1b1b4/8/8 b,"(6, 2)",-100,-1
8/w1b2b1w/w1ww1w1b/2bwb1b1/1bb1b2b/1w1b2w1/3ww1w1/w3b1bb b,"(2, 3)",-100,-1
4b2w/1wbbb2w/2w1b3/4b3/3w4/8/4b3/1w6 w,"(5, 4)",100,1
5wb1/w1wwbw2/bb1b2bw/wb1w4/ww1b4/4b2b/2b1w3/5b2 w,"(1, 3)",50
5wb1/w1wwbw2/bb1b2bw/wb1w4/ww1b4/4b2b/2b1w3/5b2 b,"(2, 2)",-100,-1
7b/ww1bw3/1w2w3/b1ww1b2/b1b2b2/bw3b2/ww2b1bb/b2wbww1 b,"(1, 3)",-50
7b/ww1bw3/ww2w3/b1ww1b2/b1bb1b2/bw3b2/ww2b1bb/b2wbww1 w,"(4, 5)",50
7b/ww1bw3/ww2w3/b1ww1b2/b1bb1b2/bw3b2/ww2b1bb/b2wbww1 b,"(2, 5)",-50
7b/ww1bw3/ww2w3/bbww1b2/bwbb1b2/bw3b2/ww2b1bb/b2wbww1 w,"(2, 4)",50
7b/ww1bw3/ww2w3/bbww1b2/bwbb1b2/bw3b2/ww2b1bb/b2wbww1 b,"(2, 8)",-100,-1
3w1bb1/b1w1w3/2w1b2w/4ww2/1wb1b3/4w1bb/2b2wbb/1wb2wb1 b,"(3, 6)",50
3w1bb1/b1w1w3/2w1b2w/4ww2/1wb1b1b1/2w1w1bb/2b2wbb/1wb2wb1 w,"(7, 5)",100,1
wb2bw2/bw2b1b1/1bbw2ww/1bb3b1/wbwwb3/2bb1b2/1ww1w1w1/6w1 b,"(2, 6)",-50
wb2bw2/bw1bb1b1/1bbw2ww/1bb3b1/wbwwb3/1wbb1b2/1ww1w1w1/6w1 w,"(4, 2)",100,1
4ww2/3b2b1/b3w3/b3b3/6w1/7w/5bb1/7w w,"(5, 4)",-50
4ww2/3b2b1/b3w3/b3b3/6w1/7w/5bb1/7w b,"(6, 4)",-100,-1
5w2/4bw2/6w1/3b3b/2b3w1/8/6b1/2w1b3 w,"(3, 5)",0
5w2/4bw2/6w1/3b3b/2b3w1/8/6b1/2w1b3 b,"(5, 5)",0
5w2/4bw2/3b2w1/3b3b/2b1w1w1/8/6b1/2w1b3 w,"(4, 3)",0
5w2/4bw2/3b2w1/3b3b/2b1w1w1/8/6b1/2w1b3 b,"(4, 5)",-50
5w2/4bw2/3b2w1/2bb3b/2bww1w1/8/6b1/2w1b3 w,"(3, 4)",50
5w2/4bw2/3b2w1/2bb3b/2bww1w1/8/6b1/2w1b3 b,"(2, 5)",-50
5w2/4bw2/3b2w1/2bb3b/1wbww1w1/4b3/6b1/2w1b3 w,"(5, 6)",-50
5w2/4bw2/3b2w1/2bb3b/1wbww1w1/4b3/6b1/2w1b3 b,"(6, 5)",-100,-1
5w2/8/3w2w1/1b2b3/w4bb1/1w6/7b/6b1 b,"(3, 4)",-50
5w2/4b3/3w2w1/1bw1b3/w4bb1/1w6/7b/6b1 w,"(5, 2)",50
5w2/4b3/3w2w1/1bw1b3/w4bb1/1w6/7b/6b1 b,"(5, 5)",50
5w2/4b3/3w2w1/1bw1b3/w3wbb1/1w4b1/7b/6b1 w,"(7, 6)",100,1
4w2w/1w1b2b1/wb4bw/3bww2/1wb2b2/b3w1b1/b1w5/5b2 w,"(4, 4)",50
4w2w/1w1b2b1/wb4bw/3bww2/1wb2b2/b3w1b1/b1w5/5b2 b,"(4, 3)",50
4w2w/1w1b2b1/wb1w2bw/3bww2/1wb2b2/bb2w1b1/b1w5/5b2 w,"(2, 6)",100,1
b7/3w1w2/b7/8/3b4/4bw2/8/8 w,"(4, 5)",0
b7/3w1w2/b7/8/3b4/4bw2/8/8 b,"(5, 5)",0
b7/3w1w2/b7/3b4/3bw3/4bw2/8/8 w,"(4, 4)",0
b7/3w1w2/b7/3b4/3bw3/4bw2/8/8 b,"(4, 3)",0
b7/3w1w2/b2w4/3b4/2bbw3/4bw2/8/8 w,"(3, 5)",0
b7/3w1w2/b2w4/3b4/2bbw3/4bw2/8/8 b,"(4, 6)",0
b7/3w1w2/b2w4/3b4/2bbwb2/3wbw2/8/8 w,"(6, 5)",0
b7/3w1w2/b2w4/3b4/2bbwb2/3wbw2/8/8 b,"(2, 4)",0
b7/3w1w2/b2w4/1w1bb3/2bbwb2/3wbw2/8/8 w,"(5, 4)",0
b7/3w1w2/b2w4/1w1bb3/2bbwb2/3wbw2/8/8 b,"(5, 3)",0
b7/3w1w2/b2ww3/1wbbb3/2bbwb2/3wbw2/8/8 w,"(3, 4)",50
b7/3w1w2/b2ww3/1wbbb3/2bbwb2/3wbw2/8/8 b,"(2, 3)",-50
b7/3w1w2/bwbww3/1wbbb3/2bbwb2/3wbw2/8/8 w,"(3, 3)",50
b7/3w1w2/bwbww3/1wbbb3/2bbwb2/3wbw2/8/8 b,"(2, 2)",-50
bb6/1w1w1w2/bwbww3/1wbbb3/2bbwb2/3wbw2/8/8 w,"(2, 1)",50
bb6/1w1w1w2/bwbww3/1wbbb3/2bbwb2/3wbw2/8/8 b,"(2, 5)",-100,-1
1b2ww2/b1wwbb1w/3bw1ww/1w2w1bb/2b1b3/3w4/1bb5/7b b,"(3, 3)",-100,-1
7b/5w2/3b4/b2ww2w/2wbb3/1bw1b3/8/3b3w w,"(5, 5)",-50
7b/5w2/3b4/b2ww2w/2wbb3/1bw1b3/8/3b3w b,"(5, 3)",-100,-1
1w6/8/2bw1w2/8/8/1bb1bb2/1w6/3wb3 b,"(4, 6)",0
1w6/8/2bw1w2/3b4/8/1bbwbb2/1w6/3wb3 w,"(4, 4)",50
1w6/8/2bw1w2/3b4/8/1bbwbb2/1w6/3wb3 b,"(4, 5)",-50
1w6/8/2bw1w2/3b4/3w4/1bbwbb2/1w1b4/3wb3 w,"(4, 7)",50
1w6/8/2bw1w2/3b4/3w4/1bbwbb2/1w1b4/3wb3 b,"(2, 5)",50
1w6/8/2bw1w2/3b4/1w1wb3/1bbwbb2/1w1b4/3wb3 w,"(5, 5)",100,1
8/b2w4/2b1w3/b1b5/5w2/8/4w3/2b5 w,"(3, 4)",0
8/b2w4/2b1w3/b1b5/5w2/8/4w3/2b5 b,"(5, 4)",0
8/b2w4/2b1w3/b1bbw3/5w2/8/4w3/2b5 w,"(4, 4)",50
8/b2w4/2b1w3/b1bbw3/5w2/8/4w3/2b5 b,"(2, 4)",0
8/b2w4/2b1w3/bwbbw3/3b1w2/8/4w3/2b5 w,"(4, 5)",50
8/b2w4/2b1w3/bwbbw3/3b1w2/8/4w3/2b5 b,"(2, 3)",0
8/b2w4/1wb1w3/bwbbw3/3bbw2/8/4w3/2b5 w,"(5, 5)",50
8/b2w4/1wb1w3/bwbbw3/3bbw2/8/4w3/2b5 b,"(2, 2)",-50
1b6/bw1w4/1wb1w3/bwbbw3/3bbw2/8/4w3/2b5 w,"(2, 1)",50
1b6/bw1w4/1wb1w3/bwbbw3/3bbw2/8/4w3/2b5 b,"(2, 5)",-100,-1
4w3/b1w4b/wb1b1bw1/1ww4b/2bb4/w2w1w2/1b1b2b1/3w1b1w b,"(4, 4)",-50
4w3/b1w4b/wb1b1bw1/bwww3b/2bb4/w2w1w2/1b1b2b1/3w1b1w w,"(1, 4)",-50
4w3/b1w4b/wb1b1bw1/bwww3b/2bb4/w2w1w2/1b1b2b1/3w1b1w b,"(5, 4)",-100,-1
8/bbw5/b7/2wwb3/wb6/wb1w1w2/1b6/1b6 w,"(2, 6)",100,1
2wbb2b/2wb2bb/wbwwb3/3bb3/wbw1w1w1/1w2bb2/w1w5/1b1b2ww b,"(3, 4)",-100,-1
7b/2bbww2/b7/2b4b/2ww4/8/8/7w w,"(3, 4)",0
7b/2bbww2/b7/2b4b/2ww4/8/8/7w b,"(4, 4)",-50
7b/2bbww2/b7/2bw3b/2ww4/3b4/8/7w w,"(4, 6)",-50
7b/2bbww2/b7/2bw3b/2ww4/3b4/8/7w b,"(5, 3)",-100,-1
4bb2/8/6w1/4b3/7w/8/8/8 w,"(5, 4)",0
4bb2/8/6w1/4b3/7w/8/8/8 b,"(5, 5)",0
4bb2/8/6w1/2b1b3/4w2w/8/8/8 w,"(3, 4)",0
4bb2/8/6w1/2b1b3/4w2w/8/8/8 b,"(4, 6)",-50
4bb2/8/6w1/2b1bb2/4w2w/3w4/8/8 w,"(6, 4)",50
4bb2/8/6w1/2b1bb2/4w2w/3w4/8/8 b,"(3, 5)",50
4bb2/8/6w1/2bbbb2/2w1w2w/3w4/8/8 w,"(4, 4)",100,1
8/1w6/8/4b2b/7w/3b2b1/1bw5/1w6 w,"(5, 4)",0
8/1w6/8/4b2b/7w/3b2b1/1bw5/1w6 b,"(4, 4)",0
8/1w6/8/3wb2b/3b3w/3b2b1/1bw5/1w6 w,"(4, 5)",50
8/1w6/8/3wb2b/3b3w/3b2b1/1bw5/1w6 b,"(4, 3)",50
8/1w6/3w4/3wb2b/3b3w/2bb2b1/1bw5/1w6 w,"(3, 6)",100,1
8/8/8/4b3/8/8/8/8 w,"(5, 4)",0
8/8/8/4b3/8/8/8/8 b,"(3, 5)",0
8/8/8/4b3/2wb4/8/8/8 w,"(4, 5)",0
8/8/8/4b3/2wb4/8/8/8 b,"(4, 3)",0
8/8/3w4/3bb3/2wb4/8/8/8 w,"(4, 4)",0
8/8/3w4/3bb3/2wb4/8/8/8 b,"(4, 6)",0
8/8/3w4/3bb3/2wbb3/3w4/8/8 w,"(5, 5)",0
8/8/3w4/3bb3/2wbb3/3w4/8/8 b,"(6, 5)",0
8/8/3w4/2bbb3/2wbbw2/3w4/8/8 w,"(3, 4)",50
8/8/3w4/2bbb3/2wbbw2/3w4/8/8 b,"(2, 4)",-50
8/8/b2w4/1wbbb3/2wbbw2/3w4/8/8 w,"(1, 3)",50
8/8/b2w4/1wbbb3/2wbbw2/3w4/8/8 b,"(5, 7)",-100,-1
1b5b/2wb4/1w1ww3/1w2w2b/bb1b3w/bbw5/8/wbwb4 b,"(2, 7)",-50
1b5b/2wb4/1wbww3/1w2w2b/bb1b3w/bbw5/1w6/wbwb4 w,"(3, 3)",50
1b5b/2wb4/1wbww3/1w2w2b/bb1b3w/bbw5/1w6/wbwb4 b,"(3, 5)",-50
1b5b/2wb4/1wbww3/1w2w2b/bbwb3w/bbw5/1wb5/wbwb4 w,"(3, 7)",100,1
3w4/5b2/8/2b1w3/1wb3bw/5b1w/1b6/8 w,"(3, 5)",0
3w4/5b2/8/2b1w3/1wb3bw/5b1w/1b6/8 b,"(4, 3)",0
3w4/5b2/3w4/2bbw3/1wb3bw/5b1w/1b6/8 w,"(4, 4)",50
3w4/5b2/3w4/2bbw3/1wb3bw/5b1w/1b6/8 b,"(5, 6)",50
3w4/5b2/3wb3/2bbw3/1wb3bw/4wb1w/1b6/8 w,"(5, 3)",100,1
2bw4/w1b2w1w/1bw1wbww/w3b1bw/1b1wb3/b2wb1b1/2w4b/bbw2b2 b,"(5, 1)",-100,-1
bw1w4/b2wwb2/wbw2b1b/1b2wb2/3wbb2/bw1b1w1w/1b2wb1w/b2ww1b1 w,"(6, 4)",100,1
8/8/b7/8/8/8/8/8 b,"(3, 4)",0
8/8/b7/2wb4/8/8/8/8 w,"(4, 4)",0
8/8/b7/2wb4/8/8/8/8 b,"(3, 5)",0
8/8/b7/2wbb3/2w5/8/8/8 w,"(5, 4)",0
8/8/b7/2wbb3/2w5/8/8/8 b,"(4, 3)",0
8/8/b2wb3/2wbb3/2w5/8/8/8 w,"(5, 3)",0
8/8/b2wb3/2wbb3/2w5/8/8/8 b,"(4, 5)",0
8/8/b2wb3/2wbb3/2wwb3/8/8/8 w,"(5, 5)",50
8/8/b2wb3/2wbb3/2wwb3/8/8/8 b,"(5, 2)",-50
8/4w3/b2wb3/2wbb3/1bwwb3/8/8/8 w,"(2, 5)",50
8/4w3/b2wb3/2wbb3/1bwwb3/8/8/8 b,"(5, 6)",-50
8/4w3/bb1wb3/2wbb3/1bwwb3/4w3/8/8 w,"(2, 3)",-50
8/4w3/bb1wb3/2wbb3/1bwwb3/4w3/8/8 b,"(6, 1)",-100,-1
ww6/bw3bb1/2b5/6ww/2bbbw1b/2wbw2b/4b1wb/1w1w4 b,"(2, 4)",-50
ww6/bw3bb1/1bb5/1w4ww/2bbbw1b/2wbw2b/4b1wb/1w1w4 w,"(2, 3)",50
ww6/bw3bb1/1bb5/1w4ww/2bbbw1b/2wbw2b/4b1wb/1w1w4 b,"(2, 5)",-50
ww6/bw3bb1/1bb5/1wb3ww/1wbbbw1b/2wbw2b/4b1wb/1w1w4 w,"(3, 4)",100,1
2wb1b2/wb2b3/1b1w2b1/w3w3/4bb2/bw1w3w/3wb2b/b3ww2 b,"(4, 4)",-50
2wb1b2/wb2b3/1b1w2b1/w2ww3/3bbb2/bw1w3w/3wb2b/b3ww2 w,"(4, 5)",50
2wb1b2/wb2b3/1b1w2b1/w2ww3/3bbb2/bw1w3w/3wb2b/b3ww2 b,"(3, 5)",-50
2wb1b2/wb2b3/1b1w2b1/w2ww3/2wbbb2/bw1w3w/b2wb2b/b3ww2 w,"(1, 7)",50
2wb1b2/wb2b3/1b1w2b1/w2ww3/2wbbb2/bw1w3w/b2wb2b/b3ww2 b,"(1, 5)",-50
2wb1b2/wb2b3/bb1w2b1/w2ww3/w1wbbb2/bw1w3w/b2wb2b/b3ww2 w,"(1, 3)",50
2wb1b2/wb2b3/bb1w2b1/w2ww3/w1wbbb2/bw1w3w/b2wb2b/b3ww2 b,"(5, 3)",-100,-1
1b3www/3w3w/bb2b2b/1bbw1b1b/bbwww2w/1b2wbbw/ww2b3/b1wb3w w,"(2, 4)",100,1
b4wb1/1bw5/3b4/5b1w/w2bww2/1wb5/8/2b1w1b1 b,"(4, 4)",0
b4wb1/1bw5/3b4/3wbb1w/w2bww2/1wb5/8/2b1w1b1 w,"(5, 4)",50
b4wb1/1bw5/3b4/3wbb1w/w2bww2/1wb5/8/2b1w1b1 b,"(2, 7)",50
b4wb1/1bw5/3b1b2/3wbb1w/w2bww2/1wb5/1w6/2b1w1b1 w,"(6, 3)",100,1
2w2b2/w1b5/3b2w1/b5w1/wb1wb1b1/wb1w2b1/2wb4/b2w4 w,"(4, 7)",50
2w2b2/w1b5/3b2w1/b5w1/wb1wb1b1/wb1w2b1/2wb4/b2w4 b,"(3, 5)",50
2w2b2/w1b5/3b2w1/b5w1/wbwwb1b1/wbbw2b1/2wb4/b2w4 w,"(3, 6)",100,1
4w1b1/w7/5w2/3b4/6b1/8/4b3/8 b,"(5, 5)",0
4w1b1/w7/5w2/3b4/2b1w1b1/8/4b3/8 w,"(3, 5)",0
4w1b1/w7/5w2/3b4/2b1w1b1/8/4b3/8 b,"(4, 6)",0
4w1b1/w7/3b1w2/3b4/2b1w1b1/3w4/4b3/8 w,"(4, 3)",0
4w1b1/w7/3b1w2/3b4/2b1w1b1/3w4/4b3/8 b,"(5, 3)",0
4w1b1/w7/3bww2/3b4/2bbw1b1/3w4/4b3/8 w,"(4, 5)",50
4w1b1/w7/3bww2/3b4/2bbw1b1/3w4/4b3/8 b,"(5, 4)",-50
4w1b1/w2b4/3bww2/3bw3/2bbw1b1/3w4/4b3/8 w,"(4, 2)",100,1
8/6bb/5w2/8/6bb/3w4/5b2/2w1w3 b,"(5, 5)",0
8/6bb/5w2/2b5/4w1bb/3w4/5b2/2w1w3 w,"(3, 4)",0
8/6bb/5w2/2b5/4w1bb/3w4/5b2/2w1w3 b,"(4, 5)",0
8/6bb/4bw2/2b5/3ww1bb/3w4/5b2/2w1w3 w,"(5, 3)",0
8/6bb/4bw2/2b5/3ww1bb/3w4/5b2/2w1w3 b,"(4, 4)",-50
8/6bb/3bbw2/2bw4/3ww1bb/3w4/5b2/2w1w3 w,"(4, 3)",-50
8/6bb/3bbw2/2bw4/3ww1bb/3w4/5b2/2w1w3 b,"(4, 7)",-100,-1
1b1bb2b/wwb1w2b/w7/b1b1wwb1/ww3w2/3wwbww/b1wbb2b/1w1b1b2 b,"(2, 3)",-50
1b1bb2b/wwb1w2b/ww6/bbb1wwb1/ww3w2/3wwbww/b1wbb2b/1w1b1b2 w,"(2, 4)",50
1b1bb2b/wwb1w2b/ww6/bbb1wwb1/ww3w2/3wwbww/b1wbb2b/1w1b1b2 b,"(3, 1)",-50
1bwbb2b/wwb1w2b/ww1b4/bbb1wwb1/ww3w2/3wwbww/b1wbb2b/1w1b1b2 w,"(4, 3)",50
1bwbb2b/wwb1w2b/ww1b4/bbb1wwb1/ww3w2/3wwbww/b1wbb2b/1w1b1b2 b,"(4, 4)",-50
1bwbb2b/wwb1w2b/ww1b4/bbbwwwb1/ww2bw2/3wwbww/b1wbb2b/1w1b1b2 w,"(5, 5)",50
1bwbb2b/wwb1w2b/ww1b4/bbbwwwb1/ww2bw2/3wwbww/b1wbb2b/1w1b1b2 b,"(7, 5)",-50
1bwbb2b/wwb1w2b/wwbb4/bbbwwwb1/ww2bww1/3wwbww/b1wbb2b/1w1b1b2 w,"(3, 3)",50
1bwbb2b/wwb1w2b/wwbb4/bbbwwwb1/ww2bww1/3wwbww/b1wbb2b/1w1b1b2 b,"(3, 5)",-50
1bwbb2b/wwbbw2b/wwbb4/bbbwwwb1/www1bww1/3wwbww/b1wbb2b/1w1b1b2 w,"(4, 2)",100,1
5b1b/b4b2/1w5b/8/5b2/3w3w/2w1w3/8 b,"(3, 4)",0
5b1b/b4b2/1w5b/2wb4/5b2/3w3w/2w1w3/8 w,"(4, 4)",0
5b1b/b4b2/1w5b/2wb4/5b2/3w3w/2w1w3/8 b,"(4, 5)",-50
5b1b/b4b2/1w5b/2wb4/3w1b2/3wb2w/2w1w3/8 w,"(5, 6)",50
5b1b/b4b2/1w5b/2wb4/3w1b2/3wb2w/2w1w3/8 b,"(7, 4)",0
5b1b/b4b2/1w5b/2wb2w1/3wbb2/3wb2w/2w1w3/8 w,"(5, 5)",0
5b1b/b4b2/1w5b/2wb2w1/3wbb2/3wb2w/2w1w3/8 b,"(4, 3)",0
5b1b/b4b2/1w1w3b/2wbb1w1/3wbb2/3wb2w/2w1w3/8 w,"(5, 4)",50
5b1b/b4b2/1w1w3b/2wbb1w1/3wbb2/3wb2w/2w1w3/8 b,"(5, 3)",-50
5b1b/b4b2/1wbww2b/2wbb1w1/3wbb2/3wb2w/2w1w3/8 w,"(3, 3)",50
5b1b/b4b2/1wbww2b/2wbb1w1/3wbb2/3wb2w/2w1w3/8 b,"(2, 2)",50
5b1b/bw3b2/1wbww2b/2wbb1w1/3wbb2/3wbb1w/2w1w3/8 w,"(6, 6)",100,1
8/8/6w1/2w5/2b5/6b1/8/7b w,"(3, 5)",0
8/8/6w1/2w5/2b5/6b1/8/7b b,"(5, 5)",0
8/8/6w1/2wb4/2b1w3/6b1/8/7b w,"(4, 4)",0
8/8/6w1/2wb4/2b1w3/6b1/8/7b b,"(5, 4)",0
8/8/6w1/2wbw3/2b1w3/4b1b1/8/7b w,"(5, 6)",0
8/8/6w1/2wbw3/2b1w3/4b1b1/8/7b b,"(4, 3)",0
8/8/3w2w1/2wbwb2/2b1w3/4b1b1/8/7b w,"(6, 4)",0
8/8/3w2w1/2wbwb2/2b1w3/4b1b1/8/7b b,"(4, 6)",0
8/8/3w2w1/2wbwb2/2b1wb2/3wb1b1/8/7b w,"(6, 5)",0
8/8/3w2w1/2wbwb2/2b1wb2/3wb1b1/8/7b b,"(2, 4)",0
8/8/3w2w1/1wwbwb2/2b1wb2/2bwb1b1/8/7b w,"(3, 6)",0
8/8/3w2w1/1wwbwb2/2b1wb2/2bwb1b1/8/7b b,"(3, 3)",0
8/8/2ww2w1/1wwbwb2/2b1wb2/2bwb1b1/3b4/7b w,"(4, 7)",50
8/8/2ww2w1/1wwbwb2/2b1wb2/2bwb1b1/3b4/7b b,"(3, 8)",50
8/8/2ww2w1/1wwbwbb1/2b1wb2/2bwb1b1/3b4/2w4b w,"(7, 4)",100,1
7b/w7/8/2b3wb/8/8/8/8 w,"(3, 4)",0
7b/w7/8/2b3wb/8/8/8/8 b,"(4, 5)",0
7b/w7/8/2bb2wb/3w4/8/8/8 w,"(4, 4)",0
7b/w7/8/2bb2wb/3w4/8/8/8 b,"(4, 3)",0
7b/w7/3w4/2bbb1wb/3w4/8/8/8 w,"(5, 4)",50
7b/w7/3w4/2bbb1wb/3w4/8/8/8 b,"(2, 4)",50
7b/w7/3w4/1wbbbbwb/3w4/8/8/8 w,"(6, 4)",100,1
8/4w3/8/8/8/7b/8/6b1 b,"(4, 4)",0
8/4w3/8/3w4/2b5/7b/8/6b1 w,"(3, 5)",0
8/4w3/8/3w4/2b5/7b/8/6b1 b,"(4, 5)",0
8/4w3/8/3wb3/2bw4/7b/8/6b1 w,"(5, 4)",0
8/4w3/8/3wb3/2bw4/7b/8/6b1 b,"(3, 4)",0
8/4w3/8/2wwb3/2bw4/4b2b/8/6b1 w,"(5, 6)",0
8/4w3/8/2wwb3/2bw4/4b2b/8/6b1 b,"(5, 5)",0
8/4w3/8/2wwbb2/2bww3/4b2b/8/6b1 w,"(6, 4)",0
8/4w3/8/2wwbb2/2bww3/4b2b/8/6b1 b,"(4, 3)",-50
8/4w3/3w4/2wwbb2/1bbww3/4b2b/8/6b1 w,"(2, 5)",-50
8/4w3/3w4/2wwbb2/1bbww3/4b2b/8/6b1 b,"(4, 2)",-100,-1
bw2w3/2bw1bbw/1wwb1bbb/1bb3b1/1b3w2/ww1b2w1/wwb1b3/2wwb1w1 w,"(2, 4)",50
bw2w3/2bw1bbw/1wwb1bbb/1bb3b1/1b3w2/ww1b2w1/wwb1b3/2wwb1w1 b,"(3, 5)",-50
bw2w3/2bw1bbw/1wwb1bbb/1bbb2b1/1bw2w2/ww1b2w1/wwb1b3/2wwb1w1 w,"(4, 4)",50
bw2w3/2bw1bbw/1wwb1bbb/1bbb2b1/1bw2w2/ww1b2w1/wwb1b3/2wwb1w1 b,"(1, 4)",-50
bw2w3/2bw1bbw/1wwb1bbb/wbbb2b1/bbw2w2/ww1b2w1/wwb1b3/2wwb1w1 w,"(1, 5)",50
bw2w3/2bw1bbw/1wwb1bbb/wbbb2b1/bbw2w2/ww1b2w1/wwb1b3/2wwb1w1 b,"(4, 5)",-50
bw2w3/2bwbbbw/1wwb1bbb/wbbb2b1/bbww1w2/ww1b2w1/wwb1b3/2wwb1w1 w,"(5, 2)",100,1
5w2/3b2b1/5b1b/w7/3bw3/8/3bw2w/6wb w,"(4, 5)",50
5w2/3b2b1/5b1b/w7/3bw3/8/3bw2w/6wb b,"(5, 4)",-50
5w2/3b2b1/5b1b/w3w3/2bbw3/8/3bw2w/6wb w,"(3, 5)",-50
5w2/3b2b1/5b1b/w3w3/2bbw3/8/3bw2w/6wb b,"(5, 6)",-100,-1
2w5/w4w1b/2bw1wwb/2b5/b2bw2b/w3bb1w/5b2/2w4b w,"(3, 4)",100,1
8/bwb5/8/3b1ww1/4ww2/3b1w2/1b3bb1/3b2w1 w,"(4, 4)",-50
8/bwb5/8/3b1ww1/4ww2/3b1w2/1b3bb1/3b2w1 b,"(6, 3)",-100,-1
8/6b1/8/1b6/8/3w4/8/8 b,"(5, 4)",0
8/6b1/8/1b1bw3/8/3w4/8/8 w,"(4, 4)",0
8/6b1/8/1b1bw3/8/3w4/8/8 b,"(5, 5)",0
8/6b1/4b3/1b1bw3/4w3/3w4/8/8 w,"(5, 3)",0
8/6b1/4b3/1b1bw3/4w3/3w4/8/8 b,"(4, 3)",0
8/6b1/3wb3/1b1bw3/2b1w3/3w4/8/8 w,"(3, 5)",50
8/6b1/3wb3/1b1bw3/2b1w3/3w4/8/8 b,"(2, 6)",50
8/5bb1/3wb3/1b1bw3/2b1w3/1w1w4/8/8 w,"(6, 2)",100,1
5w2/2w1w3/2bb2w1/4b3/8/b4wb1/8/5b2 w,"(5, 4)",50
5w2/2w1w3/2bb2w1/4b3/8/b4wb1/8/5b2 b,"(5, 5)",50
5w2/2w1w3/2bb2w1/4b3/4wb2/b4wb1/8/5b2 w,"(6, 5)",100,1
2bw4/w2w3b/b6b/wwbw1b2/bb4bw/2b2bw1/2wb3b/bwbw1www w,"(3, 4)",50
2bw4/w2w3b/b6b/wwbw1b2/bb4bw/2b2bw1/2wb3b/bwbw1www b,"(4, 3)",-100,-1
2wb3w/8/2b4b/b7/8/8/wb6/w7 b,"(5, 5)",0
2wb3w/8/2b4b/b2b4/4w3/8/wb6/w7 w,"(4, 4)",0
2wb3w/8/2b4b/b2b4/4w3/8/wb6/w7 b,"(3, 4)",0
2wb3w/8/2b4b/b1wbb3/4w3/8/wb6/w7 w,"(5, 4)",0
2wb3w/8/2b4b/b1wbb3/4w3/8/wb6/w7 b,"(4, 6)",0
2wb3w/8/2b4b/b1wbb3/3bw3/3w4/wb6/w7 w,"(4, 5)",50
2wb3w/8/2b4b/b1wbb3/3bw3/3w4/wb6/w7 b,"(3, 6)",0
2wb3w/8/2b4b/b1wbb3/3bw3/2wwb3/wb6/w7 w,"(5, 6)",0
2wb3w/8/2b4b/b1wbb3/3bw3/2wwb3/wb6/w7 b,"(3, 5)",-50
2wb3w/8/2b4b/b1wbb3/2wbw3/2wwb3/wbb5/w7 w,"(3, 7)",0
2wb3w/8/2b4b/b1wbb3/2wbw3/2wwb3/wbb5/w7 b,"(5, 3)",0
2wb3w/8/2bbw2b/b1wbb3/2wbw3/2wwb3/wbb5/w7 w,"(4, 3)",50
2wb3w/8/2bbw2b/b1wbb3/2wbw3/2wwb3/wbb5/w7 b,"(4, 2)",-50
2wb3w/3w4/2bbw2b/b1wbbb2/2wbw3/2wwb3/wbb5/w7 w,"(6, 4)",50
2wb3w/3w4/2bbw2b/b1wbbb2/2wbw3/2wwb3/wbb5/w7 b,"(4, 7)",50
2wb3w/3w4/2bbw2b/b1wbbbb1/2wbw3/2wwb3/wbbw4/w7 w,"(7, 4)",100,1
8/8/6b1/2b5/4b3/8/7w/1w6 w,"(3, 4)",0
8/8/6b1/2b5/4b3/8/7w/1w6 b,"(3, 5)",0
8/8/6b1/2bb4/2w1b3/8/7w/1w6 w,"(4, 4)",0
8/8/6b1/2bb4/2w1b3/8/7w/1w6 b,"(5, 3)",0
8/8/4w1b1/2bb4/2w1b3/4b3/7w/1w6 w,"(5, 6)",0
8/8/4w1b1/2bb4/2w1b3/4b3/7w/1w6 b,"(5, 4)",0
8/8/4w1b1/2bbw3/2wbb3/4b3/7w/1w6 w,"(4, 5)",50
8/8/4w1b1/2bbw3/2wbb3/4b3/7w/1w6 b,"(2, 3)",50
8/8/1w2w1b1/2bbw3/2wbb3/4b3/5b1w/1w6 w,"(6, 7)",100,1
1b6/2bb2b1/w1wwb1w1/3wbw2/1bw1b3/1b3w1w/ww1w3b/4bbb1 b,"(2, 3)",-100,-1
2b5/8/2b5/w1w3b1/7b/2w5/b7/3w4 b,"(4, 4)",-50
2b5/8/2b5/wbww2b1/7b/2w5/b7/3w4 w,"(2, 4)",0
2b5/8/2b5/wbww2b1/7b/2w5/b7/3w4 b,"(3, 5)",-50
2b5/8/2bb4/wbww2b1/2w4b/2w5/b7/3w4 w,"(4, 3)",-50
2b5/8/2bb4/wbww2b1/2w4b/2w5/b7/3w4 b,"(3, 7)",-100,-1
2wwb1ww/bw6/b1w2w2/1b6/8/8/6bb/6bb b,"(4, 4)",-50
b1wwb1ww/bw6/b1w2w2/1b1w4/8/8/6bb/6bb w,"(1, 1)",50
b1wwb1ww/bw6/b1w2w2/1b1w4/8/8/6bb/6bb b,"(1, 4)",-50
b1wwb1ww/bw6/b1w2w2/wb1w4/4b3/8/6bb/6bb w,"(5, 5)",50
b1wwb1ww/bw6/b1w2w2/wb1w4/4b3/8/6bb/6bb b,"(6, 6)",1
b1wwb1ww/bw6/b1wb1w2/wb1w4/4b3/5w2/6bb/6bb w,"(4, 3)",1
b1wwb1ww/bw6/b1wb1w2/wb1w4/4b3/5w2/6bb/6bb b,"(3, 4)",-50
b1wwb1ww/bw6/b1wb1w2/wbwwb3/4b3/5w2/6bb/6bb w,"(5, 4)",-50
b1wwb1ww/bw6/b1wb1w2/wbwwb3/4b3/5w2/6bb/6bb b,"(3, 2)",-100,-1
8/2w4b/ww1b1b2/1wwbw3/1b2wwwb/3b4/3wwb1b/wb2bb1b w,"(4, 4)",50
8/2w4b/ww1b1b2/1wwbw3/1b2wwwb/3b4/3wwb1b/wb2bb1b b,"(4, 5)",-100,-1
1w2b1w1/b1w3w1/b1bbbwb1/2w1bw2/2w1bwb1/b6b/b3www1/1bwbw3 w,"(3, 3)",50
1w2b1w1/b1w3w1/b1bbbwb1/2w1bw2/2w1bwb1/b6b/b3www1/1bwbw3 b,"(2, 3)",-50
1w2b1w1/b1w3w1/bwbbbwb1/2w1bw2/2w1bwb1/b6b/b2bwww1/1bwbw3 w,"(4, 7)",50
1w2b1w1/b1w3w1/bwbbbwb1/2w1bw2/2w1bwb1/b6b/b2bwww1/1bwbw3 b,"(5, 2)",-50
1w2b1w1/b1w1w1w1/bwbbbwb1/2w1bw2/2w1bwb1/b3b2b/b2bwww1/1bwbw3 w,"(5, 6)",100,1
b1b1ww1b/1b4w1/w2bwbw1/bb6/1b2ww1b/2w4w/2bb4/bb1w1ww1 b,"(2, 3)",-50
b1b1ww1b/1b4w1/ww1bwbw1/bb6/1b2ww1b/2w4w/2bb4/bb1wbww1 w,"(5, 8)",0
b1b1ww1b/1b4w1/ww1bwbw1/bb6/1b2ww1b/2w4w/2bb4/bb1wbww1 b,"(4, 4)",0
b1b1ww1b/1b4w1/ww1bwbw1/bb1w4/1bb1ww1b/2w4w/2bb4/bb1wbww1 w,"(3, 5)",0
b1b1ww1b/1b4w1/ww1bwbw1/bb1w4/1bb1ww1b/2w4w/2bb4/bb1wbww1 b,"(4, 5)",-50
b1b1ww1b/1b4w1/ww1bwbw1/bb1wb3/1bbwww1b/2w4w/2bb4/bb1wbww1 w,"(5, 4)",-50
b1b1ww1b/1b4w1/ww1bwbw1/bb1wb3/1bbwww1b/2w4w/2bb4/bb1wbww1 b,"(7, 5)",-100,-1
8/6bw/8/2bw3b/8/4b3/2wb4/2w5 w,"(3, 4)",0
8/6bw/8/2bw3b/8/4b3/2wb4/2w5 b,"(4, 3)",0
8/6bw/3w4/2bw3b/3b4/4b3/2wb4/2w5 w,"(4, 5)",50
8/6bw/3w4/2bw3b/3b4/4b3/2wb4/2w5 b,"(2, 3)",50
8/6bw/1w1w4/2bw3b/3b4/4b3/2wb1b2/2w5 w,"(6, 7)",100,1
8/4bb2/8/6ww/8/8/8/6b1 b,"(5, 5)",0
8/4bb2/8/6ww/2b1w3/8/8/6b1 w,"(3, 5)",0
8/4bb2/8/6ww/2b1w3/8/8/6b1 b,"(4, 4)",0
8/4bb2/8/3w2ww/2b1w3/3b4/8/6b1 w,"(4, 6)",0
8/4bb2/8/3w2ww/2b1w3/3b4/8/6b1 b,"(4, 3)",0
8/4bb2/3wb3/3w2ww/2b1w3/3b4/8/6b1 w,"(5, 3)",0
8/4bb2/3wb3/3w2ww/2b1w3/3b4/8/6b1 b,"(4, 5)",-50
8/3bbb2/3wb3/3w2ww/2bww3/3b4/8/6b1 w,"(4, 2)",50
8/3bbb2/3wb3/3w2ww/2bww3/3b4/8/6b1 b,"(3, 2)",50
8/2wbbbb1/3wb3/3w2ww/2bww3/3b4/8/6b1 w,"(7, 2)",100,1
4b1w1/4b1w1/1b2w3/1b6/7w/2wb1b2/8/1w3b2 b,"(4, 4)",-50
4b1w1/4b1w1/1b2w3/1b1w4/3b3w/2wb1b2/8/1w3b2 w,"(4, 5)",-50
4b1w1/4b1w1/1b2w3/1b1w4/3b3w/2wb1b2/8/1w3b2 b,"(6, 2)",-100,-1
w1bwbw1w/bbbb2bb/b2b3w/b4b1w/www1w1b1/ww1w4/1bw1b3/b3w3 w,"(2, 2)",100,1
8/8/8/3b4/2b5/8/8/w7 w,"(4, 4)",0
8/8/8/3b4/2b5/8/8/w7 b,"(5, 4)",0
8/8/3b4/3bw3/2b5/8/8/w7 w,"(4, 3)",0
8/8/3b4/3bw3/2b5/8/8/w7 b,"(5, 5)",0
8/8/3b4/3bw3/2bbw3/8/8/w7 w,"(4, 5)",50
8/8/3b4/3bw3/2bbw3/8/8/w7 b,"(4, 2)",50
8/3w4/3b4/3bw3/2bbw3/3b4/8/w7 w,"(4, 6)",100,1
b2b4/1b6/1bwww3/6w1/3w4/b3b3/1bww4/3b4 w,"(2, 3)",-50
b2b4/1b6/1bwww3/6w1/3w4/b3b3/1bww4/3b4 b,"(6, 3)",-100,-1
1b4bb/1b1bw1w1/1b2wwbb/2b1w3/2b5/1wbw1bw1/5wbw/1bw3ww b,"(2, 4)",-50
1b4bb/1b1bw1w1/1bb1wwbb/1wb1w3/2b5/1wbw1bw1/5wbw/1bw3ww w,"(3, 3)",100,1
8/8/8/3b4/8/4w3/8/7b w,"(4, 4)",0
8/8/8/3b4/8/4w3/8/7b b,"(3, 5)",0
8/8/8/3b4/2wb4/4w3/8/7b w,"(4, 5)",0
8/8/8/3b4/2wb4/4w3/8/7b b,"(4, 6)",0
8/8/3b4/3b4/2wb4/3ww3/8/7b w,"(4, 3)",50
8/8/3b4/3b4/2wb4/3ww3/8/7b b,"(3, 4)",50
8/3b4/3b4/2wb4/2wb4/3ww3/8/7b w,"(4, 2)",100,1
2bw1b2/bb1w1bb1/b3ww2/1b3wb1/w2bwb1w/2wb3b/wbw2w2/1w1b2w1 b,"(3, 5)",-50
2bw1b2/bb1w1bb1/b3ww2/1bb2wb1/w1wbwb1w/2wb3b/wbw2w2/1w1b2w1 w,"(3, 4)",50
2bw1b2/bb1w1bb1/b3ww2/1bb2wb1/w1wbwb1w/2wb3b/wbw2w2/1w1b2w1 b,"(2, 3)",-50
2bw1b2/bb1w1bb1/bw2ww2/1bb2wb1/w1wbwb1w/2wb3b/wbw2w2/1wbb2w1 w,"(3, 8)",50
2bw1b2/bb1w1bb1/bw2ww2/1bb2wb1/w1wbwb1w/2wb3b/wbw2w2/1wbb2w1 b,"(4, 7)",-50
2bw1b2/bb1w1bb1/bw2ww2/1bb2wb1/w1wbwb1w/2wb3b/wbwwbw2/1wbb2w1 w,"(5, 7)",-50
2bw1b2/bb1w1bb1/bw2ww2/1bb2wb1/w1wbwb1w/2wb3b/wbwwbw2/1wbb2w1 b,"(7, 5)",-100,-1
4w3/8/4b3/6b1/2w5/8/5b2/8 b,"(4, 5)",0
4w3/8/4b3/4b1b1/2ww4/8/5b2/8 w,"(5, 4)",0
4w3/8/4b3/4b1b1/2ww4/8/5b2/8 b,"(4, 3)",0
4w3/8/3wb3/3bb1b1/2ww4/8/5b2/8 w,"(4, 4)",50
4w3/8/3wb3/3bb1b1/2ww4/8/5b2/8 b,"(5, 6)",50
4w3/8/3wb3/3bbbb1/2ww4/4w3/5b2/8 w,"(6, 4)",100,1
8/1bw2w2/8/8/3bb3/8/8/8 w,"(5, 5)",0
8/1bw2w2/8/8/3bb3/8/8/8 b,"(3, 5)",0
8/1bw2w2/8/3b4/2wbb3/8/8/8 w,"(4, 4)",50
8/1bw2w2/8/3b4/2wbb3/8/8/8 b,"(3, 3)",-50
8/1bw2w2/2w5/2bb4/2wbb3/8/8/8 w,"(3, 4)",0
8/1bw2w2/2w5/2bb4/2wbb3/8/8/8 b,"(4, 6)",0
8/1bw2w2/2w5/2bbb3/2wbb3/3w4/8/8 w,"(5, 4)",50
8/1bw2w2/2w5/2bbb3/2wbb3/3w4/8/8 b,"(2, 4)",-50
8/1bw2w2/b1w5/1wbbb3/2wbb3/3w4/8/8 w,"(1, 3)",50
8/1bw2w2/b1w5/1wbbb3/2wbb3/3w4/8/8 b,"(5, 7)",-100,-1
w2b2b1/4bbww/3w4/bw6/5wbb/8/1w3bb1/4w3 b,"(4, 5)",0
w2b2b1/4bbww/3w4/bw1b4/3w1wbb/8/1w3bb1/4w3 w,"(4, 4)",50
w2b2b1/4bbww/3w4/bw1b4/3w1wbb/8/1w3bb1/4w3 b,"(5, 4)",-50
w2b2b1/2b1bbww/3w4/bw1bw3/3w1wbb/8/1w3bb1/4w3 w,"(3, 2)",50
w2b2b1/2b1bbww/3w4/bw1bw3/3w1wbb/8/1w3bb1/4w3 b,"(2, 3)",-50
w2b2b1/2b1bbww/1w1w4/bw1bw3/3w1wbb/2b5/1w3bb1/4w3 w,"(3, 6)",50
w2b2b1/2b1bbww/1w1w4/bw1bw3/3w1wbb/2b5/1w3bb1/4w3 b,"(4, 2)",-50
w2b2b1/2bwbbww/1w1wb3/bw1bw3/3w1wbb/2b5/1w3bb1/4w3 w,"(5, 3)",100,1
8/8/8/2bb1b2/1w6/8/3w4/8 w,"(4, 4)",50
8/8/8/2bb1b2/1w6/8/3w4/8 b,"(4, 5)",50
8/8/8/2bbbb2/1w1w4/8/3w4/8 w,"(5, 4)",100,1
4wbb1/3w4/2wb3b/2bb1ww1/b6b/ww1b1b1b/w2b4/ww1w4 w,"(1, 5)",50
4wbb1/3w4/2wb3b/2bb1ww1/b6b/ww1b1b1b/w2b4/ww1w4 b,"(2, 4)",-100,-1
1b6/8/8/1w6/1wb1w3/b3b2w/b7/8 b,"(4, 5)",0
1b6/8/8/1w1b4/1wbww3/b3b2w/b7/8 w,"(4, 4)",50
1b6/8/8/1w1b4/1wbww3/b3b2w/b7/8 b,"(2, 6)",-50
1b6/8/1b6/1w1b4/1wbww3/bw2b2w/b7/8 w,"(2, 3)",-50
1b6/8/1b6/1w1b4/1wbww3/bw2b2w/b7/8 b,"(2, 7)",-100,-1
3w4/2w4b/2b2wb1/2wb3b/2w1w2b/b4b1b/5w1b/1w2wbw1 w,"(8, 5)",100,1
8/8/4w3/2bb4/8/1b6/2w2w2/5b2 w,"(3, 4)",0
8/8/4w3/2bb4/8/1b6/2w2w2/5b2 b,"(3, 5)",0
8/8/4w3/2bb4/2wb4/1b6/2w2w2/5b2 w,"(4, 5)",0
8/8/4w3/2bb4/2wb4/1b6/2w2w2/5b2 b,"(5, 6)",0
8/8/4w3/2bbb3/2wb4/1b2w3/2w2w2/5b2 w,"(5, 4)",50
8/8/4w3/2bbb3/2wb4/1b2w3/2w2w2/5b2 b,"(2, 4)",50
8/8/4w3/1wbbbb2/2wb4/1b2w3/2w2w2/5b2 w,"(6, 4)",100,1
3w1b2/2b2b2/ww1w1b1w/2bbw2w/ww6/b1wb1wb1/w1wb3b/wb1b1b1b w,"(1, 6)",50
3w1b2/2b2b2/ww1w1b1w/2bbw2w/ww6/b1wb1wb1/w1wb3b/wb1b1b1b b,"(3, 3)",-100,-1
1wb1b3/2b1w3/b1b5/w1w3w1/5bb1/w3w3/w6b/1ww1bbb1 b,"(1, 5)",-100,-1
1b1ww3/2b1bbw1/3wb1w1/3w1wwb/1wwb2b1/3bw2w/1b1bb1b1/1bw2b1w b,"(3, 7)",-50
1b1ww3/2b1bbw1/3wb1w1/3w1wwb/1wwb2b1/2bbw2w/1bwbb1b1/1bw2b1w w,"(3, 6)",50
1b1ww3/2b1bbw1/3wb1w1/3w1wwb/1wwb2b1/2bbw2w/1bwbb1b1/1bw2b1w b,"(1, 8)",-50
1b1ww3/2bbbbw1/3wb1w1/3w1wwb/1wwb2b1/2bbw2w/1bwbb1b1/wbw2b1w w,"(4, 2)",100,1
2b3ww/b6b/3b4/1ww2b2/1wb1w1w1/2bw1bw1/7b/1b6 b,"(4, 4)",-50
2b3ww/b6b/3b4/bwww1b2/1wb1w1w1/2bw1bw1/7b/1b6 w,"(1, 4)",-50
2b3ww/b6b/3b4/bwww1b2/1wb1w1w1/2bw1bw1/7b/1b6 b,"(5, 4)",-100,-1
8/8/8/4b3/8/8/8/8 w,"(5, 4)",0
8/8/8/4b3/8/8/8/8 b,"(4, 4)",0
8/8/8/3wb3/2b5/8/8/8 w,"(3, 5)",0
8/8/8/3wb3/2b5/8/8/8 b,"(4, 3)",0
8/8/3wb3/3wb3/2b5/8/8/8 w,"(5, 3)",0
8/8/3wb3/3wb3/2b5/8/8/8 b,"(4, 5)",-50
8/3b4/3wb3/3wb3/2bw4/8/8/8 w,"(4, 2)",-50
8/3b4/3wb3/3wb3/2bw4/8/8/8 b,"(4, 6)",-100,-1
b1bw2bw/2bb1w2/2w3b1/1w1bww2/bbbb1b2/w2w2wb/b1wb3w/1wbbww1w w,"(3, 5)",100,1
8/8/8/3b4/8/8/8/8 w,"(4, 4)",0
8/8/8/3b4/8/8/8/8 b,"(3, 5)",0
8/8/8/2bb4/2w5/8/8/8 w,"(3, 4)",0
8/8/8/2bb4/2w5/8/8/8 b,"(5, 4)",0
8/8/4b3/2bbw3/2w5/8/8/8 w,"(5, 3)",0
8/8/4b3/2bbw3/2w5/8/8/8 b,"(5, 6)",0
8/8/4b3/2bbw3/2w5/3bw3/8/8 w,"(4, 6)",0
8/8/4b3/2bbw3/2w5/3bw3/8/8 b,"(4, 3)",0
8/8/3wb3/2bbw3/2wb4/3bw3/8/8 w,"(4, 5)",50
8/8/3wb3/2bbw3/2wb4/3bw3/8/8 b,"(6, 4)",50
8/8/3wb3/2bbww2/2wb4/3bw3/3b4/8 w,"(4, 7)",100,1
1b3b2/8/b4w2/2wb4/7w/1b4b1/1bw4w/5w2 w,"(4, 4)",0
1b3b2/8/b4w2/2wb4/7w/1b4b1/1bw4w/5w2 b,"(4, 5)",0
1b3b2/8/b4w2/2wb4/2bw3w/1b4b1/1bw4w/5w2 w,"(3, 5)",50
1b3b2/8/b4w2/2wb4/2bw3w/1b4b1/1bw4w/5w2 b,"(1, 7)",50
1b3b2/8/b3bw2/2wb4/2bw3w/1b4b1/wbw4w/5w2 w,"(5, 3)",100,1
b3w1bb/2w5/bbbw2bw/1www2b1/7w/1b3w2/b2w3b/bw1w3b b,"(1, 4)",-100,-1
4b1b1/b6b/8/2w4w/2b4b/2w3w1/4w3/8 w,"(3, 5)",0
4b1b1/b6b/8/2w4w/2b4b/2w3w1/4w3/8 b,"(4, 5)",0
4b1b1/b6b/8/2w1b2w/2bw3b/2w3w1/4w3/8 w,"(5, 4)",0
4b1b1/b6b/8/2w1b2w/2bw3b/2w3w1/4w3/8 b,"(4, 4)",0
4b1b1/b6b/3b4/2wwb2w/2bw3b/2w3w1/4w3/8 w,"(4, 3)",0
4b1b1/b6b/3b4/2wwb2w/2bw3b/2w3w1/4w3/8 b,"(6, 4)",0
4b1b1/b6b/3b4/2wwbw1w/2bw3b/2w1b1w1/4w3/8 w,"(5, 6)",0
4b1b1/b6b/3b4/2wwbw1w/2bw3b/2w1b1w1/4w3/8 b,"(2, 4)",-50
4b1b1/b6b/3b4/1wwwbw1w/2bw3b/2wbb1w1/4w3/8 w,"(4, 6)",-50
4b1b1/b6b/3b4/1wwwbw1w/2bw3b/2wbb1w1/4w3/8 b,"(1, 4)",-100,-1
8/b5b1/1b3w1w/3bb3/1w1ww3/1b1b3w/b3w3/8 b,"(3, 5)",-100,-1
w3wbb1/1w4b1/8/b2w4/6b1/1b5w/1w4b1/2wwb1b1 b,"(3, 3)",-100,-1
ww2w3/3w1b2/2b5/1b2bw1w/3bw2b/1b3b2/1ww5/bbwbw1b1 w,"(4, 5)",-50
ww2w3/3w1b2/2b5/1b2bw1w/3bw2b/1b3b2/1ww5/bbwbw1b1 b,"(4, 6)",-100,-1
1b5b/8/6w1/8/3b1b2/8/1w6/7w w,"(4, 5)",0
1b5b/8/6w1/8/3b1b2/8/1w6/7w b,"(5, 4)",0
1b5b/8/6w1/3bw3/3b1b2/8/1w6/7w w,"(4, 4)",0
1b5b/8/6w1/3bw3/3b1b2/8/1w6/7w b,"(5, 5)",0
1b5b/8/6w1/3bw3/2bbwb2/8/1w6/7w w,"(3, 5)",0
1b5b/8/6w1/3bw3/2bbwb2/8/1w6/7w b,"(3, 4)",0
1b5b/8/3b2w1/2wbw3/2bbwb2/8/1w6/7w w,"(4, 3)",50
1b5b/8/3b2w1/2wbw3/2bbwb2/8/1w6/7w b,"(4, 2)",50
1b5b/3w4/3b2w1/2wbw3/2bbwb2/3b4/1w6/7w w,"(4, 6)",100,1
3b1wbw/8/1bb3ww/2w3w1/b4b2/7b/b1b2wbb/1ww4w b,"(4, 5)",-50
3b1wbw/8/1bb3ww/2w3w1/b2wbb2/7b/b1b2wbb/1ww4w w,"(5, 5)",-50
3b1wbw/8/1bb3ww/2w3w1/b2wbb2/7b/b1b2wbb/1ww4w b,"(5, 6)",-100,-1
bw1w2b1/1b4w1/wb1b1b1w/b3w3/1bwb1b1b/1b1wbw1b/1w2w3/1w1ww2b b,"(2, 4)",-100,-1
3w3w/1wb5/1bbbb3/8/1bbw1b1w/2w4b/w4w2/2wb4 w,"(2, 3)",100,1
7w/b3b2b/1b5w/5b2/2b2w1b/w2bww1w/5bb1/w2wbw2 w,"(6, 7)",50
7w/b3b2b/1b5w/5b2/2b2w1b/w2bww1w/5bb1/w2wbw2 b,"(7, 4)",-100,-1
2bw3b/w1wb4/bbbw3w/bw1wb2b/2bbwb2/w1w2b1w/w1wwb3/2bb1w2 b,"(2, 7)",-100,-1
b4b1w/bb1w1w1b/bb6/4b1w1/2bb3w/1wbw2ww/4w3/8 b,"(1, 4)",50
b4b1w/bb1w1w1b/bb6/w3b1w1/2bb3w/1wbw2ww/1b2w3/8 w,"(2, 7)",100,1
2w4b/8/2ww2b1/5bwb/w6b/4w1bb/6bb/2ww4 w,"(8, 4)",100,1
8/8/7b/6w1/8/3b4/8/8 b,"(5, 5)",0
8/8/7b/4b1w1/4w3/3b4/8/8 w,"(5, 4)",0
8/8/7b/4b1w1/4w3/3b4/8/8 b,"(4, 5)",0
8/8/3b3b/4b1w1/3ww3/3b4/8/8 w,"(4, 3)",0
8/8/3b3b/4b1w1/3ww3/3b4/8/8 b,"(3, 4)",0
8/8/3b3b/2w1bbw1/3ww3/3b4/8/8 w,"(6, 4)",0
8/8/3b3b/2w1bbw1/3ww3/3b4/8/8 b,"(6, 5)",-50
8/8/3b3b/2w1bbw1/2bwww2/3b4/8/8 w,"(3, 5)",-50
8/8/3b3b/2w1bbw1/2bwww2/3b4/8/8 b,"(7, 5)",-100,-1
7b/w7/1bwb3b/w7/bww4w/3wbb2/1bb3bb/wb1w2ww b,"(4, 5)",-50
7b/w7/1bwb3b/w7/bwww3w/3wbb2/1bbb2bb/wb1w2ww w,"(4, 7)",50
7b/w7/1bwb3b/w7/bwww3w/3wbb2/1bbb2bb/wb1w2ww b,"(1, 7)",-50
7b/w7/1bwb3b/w7/bwwwb2w/3wbb2/wbbb2bb/wb1w2ww w,"(5, 5)",50
7b/w7/1bwb3b/w7/bwwwb2w/3wbb2/wbbb2bb/wb1w2ww b,"(4, 4)",-50
7b/w7/1bwb3b/w2w4/bwwwb2w/1b1wbb2/wbbb2bb/wb1w2ww w,"(2, 6)",50
7b/w7/1bwb3b/w2w4/bwwwb2w/1b1wbb2/wbbb2bb/wb1w2ww b,"(5, 7)",-50
7b/w7/1bwb3b/wb1w4/bwwwb2w/1b1wbb2/wbbbw1bb/wb1w2ww w,"(2, 4)",-50
7b/w7/1bwb3b/wb1w4/bwwwb2w/1b1wbb2/wbbbw1bb/wb1w2ww b,"(6, 8)",-100,-1
3b4/b2w4/2bb1w2/4b3/1w6/2w5/1b2w3/8 b,"(3, 5)",0
3b4/b2w4/2bb1w2/4b3/1wwb4/2w5/1b2w3/8 w,"(4, 5)",0
3b4/b2w4/2bb1w2/4b3/1wwb4/2w5/1b2w3/8 b,"(3, 4)",-50
3b4/b2w4/2bb1w2/2w1b3/1wwb4/2w5/1bb1w3/8 w,"(3, 7)",0
3b4/b2w4/2bb1w2/2w1b3/1wwb4/2w5/1bb1w3/8 b,"(5, 6)",0
3b4/b2w4/2bb1w2/2wbb3/1wwb4/2w1w3/1bb1w3/8 w,"(4, 4)",50
3b4/b2w4/2bb1w2/2wbb3/1wwb4/2w1w3/1bb1w3/8 b,"(4, 6)",-50
3b4/b2w4/2bb1w2/1bwbb3/1wwb4/2www3/1bb1w3/8 w,"(2, 4)",-50
3b4/b2w4/2bb1w2/1bwbb3/1wwb4/2www3/1bb1w3/8 b,"(2, 6)",-100,-1
2b3w1/8/w4b2/8/b3b1w1/2b5/3w1b1w/8 b,"(4, 4)",0
2b3w1/8/w4b2/3w4/b2bb1w1/2b5/3w1b1w/8 w,"(4, 5)",50
2b3w1/8/w4b2/3w4/b2bb1w1/2b5/3w1b1w/8 b,"(4, 3)",50
2b3w1/8/w2w1b2/3wb3/b2bb1w1/2b5/3w1b1w/8 w,"(5, 4)",100,1
w7/2b1w3/bw6/2w1b1w1/6b1/w7/1b1b4/3bw2b b,"(4, 4)",0
w7/2b1w3/bw6/2wwb1w1/3b2b1/w7/1b1b4/3bw2b w,"(4, 5)",50
w7/2b1w3/bw6/2wwb1w1/3b2b1/w7/1b1b4/3bw2b b,"(3, 6)",50
w7/2b1w3/bw6/2wwb1w1/3b2b1/w1wb4/1b1b4/3bw2b w,"(4, 6)",100,1
1w6/4bw2/3wb1bb/b1wb2wb/8/3ww1bw/1b2b2w/3w1b2 b,"(5, 5)",50
1w6/4bw2/3wbbbb/b1wb2wb/4w3/3ww1bw/1b2b2w/3w1b2 w,"(6, 3)",100,1
3b4/8/8/8/8/8/8/8 b,"(4, 5)",0
3b4/8/8/8/3wb3/8/8/8 w,"(5, 5)",0
3b4/8/8/8/3wb3/8/8/8 b,"(3, 4)",0
3b4/8/8/2w1b3/3wb3/8/8/8 w,"(5, 4)",0
3b4/8/8/2w1b3/3wb3/8/8/8 b,"(4, 4)",0
3b4/8/8/2wwb3/2bwb3/8/8/8 w,"(3, 5)",0
3b4/8/8/2wwb3/2bwb3/8/8/8 b,"(4, 3)",-50
3b4/3b4/3w4/2wwb3/2bwb3/8/8/8 w,"(4, 2)",-50
3b4/3b4/3w4/2wwb3/2bwb3/8/8/8 b,"(4, 6)",-100,-1
1b1ww1w1/b1bb1w2/1wbw3b/wb5w/b1w2wb1/b2b4/2wb1wbb/w2w1b2 w,"(1, 5)",100,1
6b1/3b3b/ww6/w3b2w/w1b2ww1/bw2b3/1w1b2b1/3b4 w,"(5, 4)",-50
6b1/3b3b/ww6/w3b2w/w1b2ww1/bw2b3/1w1b2b1/3b4 b,"(1, 2)",-100,-1
w7/2b4w/b2w2b1/4b1b1/w3b3/2w1b3/3wbb2/2w3w1 w,"(5, 4)",100,1
2b5/3w2b1/3b2wb/4w2w/4w1w1/b1bw2w1/2b5/4b2b b,"(6, 4)",-100,-1
bb1b1w2/w1b4b/1w1b4/3w1bb1/bwwwbb1w/b2w1b2/ww1b1w2/w1bbw1w1 b,"(2, 6)",-100,-1
w1wwb3/3b2w1/w2wb3/2b1b3/wb6/3b2b1/1bw3b1/2wb2w1 b,"(2, 1)",-100,-1
3w4/b7/6bb/1b3ww1/b1bww1bw/4wbw1/1b2b1w1/8 b,"(4, 6)",-50
3w4/b7/6bb/1b3ww1/b1bww1bw/3wwbw1/1bb1b1w1/8 w,"(3, 7)",50
3w4/b7/6bb/1b3ww1/b1bww1bw/3wwbw1/1bb1b1w1/8 b,"(4, 7)",-50
3w4/b7/6bb/1b1b1ww1/b1bww1bw/3wwbw1/1bbwb1w1/8 w,"(4, 4)",50
3w4/b7/6bb/1b1b1ww1/b1bww1bw/3wwbw1/1bbwb1w1/8 b,"(4, 8)",-100,-1
5w1b/5w1w/1w6/w2bb3/4b3/b4b2/4b1b1/1w4w1 w,"(5, 5)",100,1
6w1/8/5b2/8/4w3/4b3/8/2wb2b1 b,"(5, 4)",0
6w1/8/5b2/4w3/3bw3/4b3/8/2wb2b1 w,"(4, 5)",50
6w1/8/5b2/4w3/3bw3/4b3/8/2wb2b1 b,"(3, 5)",50
6w1/8/5b2/4w3/2wbw3/4b3/5b2/2wb2b1 w,"(6, 7)",100,1
7w/3b4/wb5b/2wb1b2/w1bw4/3b2b1/w3w3/wwb4b w,"(3, 5)",-50
7w/3b4/wb5b/2wb1b2/w1bw4/3b2b1/w3w3/wwb4b b,"(1, 6)",-100,-1
8/8/8/b7/8/8/2w3b1/8 b,"(5, 5)",0
8/8/8/b3b3/4w3/8/2w3b1/8 w,"(5, 4)",0
8/8/8/b3b3/4w3/8/2w3b1/8 b,"(3, 5)",0
8/8/8/b1b1b3/2w1w3/8/2w3b1/8 w,"(3, 4)",0
8/8/8/b1b1b3/2w1w3/8/2w3b1/8 b,"(4, 4)",0
8/8/3b4/b1bwb3/2w1w3/8/2w3b1/8 w,"(4, 3)",0
8/8/3b4/b1bwb3/2w1w3/8/2w3b1/8 b,"(4, 5)",-50
8/8/3b4/b1bwb3/1bwww3/8/2w3b1/8 w,"(2, 5)",50
8/8/3b4/b1bwb3/1bwww3/8/2w3b1/8 b,"(1, 6)",-50
8/4b3/3b4/b1bwb3/1bwww3/w7/2w3b1/8 w,"(5, 2)",100,1
6b1/b4w2/8/4b3/1w6/8/2b1w3/8 w,"(5, 4)",0
6b1/b4w2/8/4b3/1w6/8/2b1w3/8 b,"(4, 5)",0
6b1/b4w2/8/4b3/1wbw4/8/2b1w3/8 w,"(3, 5)",0
6b1/b4w2/8/4b3/1wbw4/8/2b1w3/8 b,"(4, 3)",0
6b1/b4w2/3wb3/4b3/1wbw4/8/2b1w3/8 w,"(5, 3)",0
6b1/b4w2/3wb3/4b3/1wbw4/8/2b1w3/8 b,"(4, 4)",-50
6b1/b2b1w2/3wb3/3wb3/1wbw4/8/2b1w3/8 w,"(4, 2)",-50
6b1/b2b1w2/3wb3/3wb3/1wbw4/8/2b1w3/8 b,"(4, 6)",-100,-1
b7/5wb1/3b2w1/8/3bw3/7w/8/5b2 w,"(4, 3)",0
b7/5wb1/3b2w1/8/3bw3/7w/8/5b2 b,"(4, 6)",-50
b7/5wb1/3b2w1/5b2/3bw3/3w3w/8/5b2 w,"(6, 4)",0
b7/5wb1/3b2w1/5b2/3bw3/3w3w/8/5b2 b,"(5, 4)",0
b7/5wb1/3b2w1/3bwb2/3bw3/3w3w/8/5b2 w,"(4, 4)",50
b7/5wb1/3b2w1/3bwb2/3bw3/3w3w/8/5b2 b,"(5, 6)",-50
b7/3b1wb1/3b2w1/3bwb2/3bw3/3ww2w/8/5b2 w,"(4, 2)",100,1
1w3b2/1b4w1/2w1b3/1w4bb/ww1w2bb/7b/w2b1wb1/2w1bwb1 b,"(3, 5)",-100,-1
w1wb4/8/wb2w1ww/4b2b/b3bwww/b1w2b1b/w5w1/b4bbb w,"(5, 5)",50
w1wb4/8/wb2w1ww/4b2b/b3bwww/b1w2b1b/w5w1/b4bbb b,"(5, 8)",-50
w1wb4/8/wb2w1ww/3bb2b/b3bwww/b1w2b1b/w5w1/b3wbbb w,"(4, 4)",50
w1wb4/8/wb2w1ww/3bb2b/b3bwww/b1w2b1b/w5w1/b3wbbb b,"(3, 3)",-50
w1wb4/8/wbw1w1ww/3bb2b/b1b1bwww/b1w2b1b/w5w1/b3wbbb w,"(3, 5)",-50
w1wb4/8/wbw1w1ww/3bb2b/b1b1bwww/b1w2b1b/w5w1/b3wbbb b,"(6, 3)",-100,-1
5bb1/8/1w1bww2/2bw1w1w/1wb1wb2/1b1b2bw/2w2b2/bb1wb1w1 w,"(4, 6)",50
5bb1/8/1w1bww2/2bw1w1w/1wb1wb2/1b1b2bw/2w2b2/bb1wb1w1 b,"(5, 2)",-50
5bb1/4w3/1w1bww2/2bwbw1w/1wb1wb2/1b1b2bw/2w2b2/bb1wb1w1 w,"(5, 4)",100,1
wbbbb3/2w2bww/1bwbw1w1/2bb1bb1/1b1w2w1/ww3w2/b1ww2w1/2b2bb1 w,"(3, 1)",100,1
1w1w1bwb/b3wb2/1bb2w1b/b3ww1b/3bw3/1bbwbw2/1wb2wbb/1w4ww b,"(3, 4)",-50
1w1w1bwb/b3wb2/1bb2w1b/b1wbww1b/3bw3/1bbwbw2/1wb2wbb/1w4ww w,"(4, 4)",50
1w1w1bwb/b3wb2/1bb2w1b/b1wbww1b/3bw3/1bbwbw2/1wb2wbb/1w4ww b,"(5, 3)",-100,-1
2b5/1bb4b/bbw1w2w/2b2w2/ww5w/1w1b1bw1/8/3b4 b,"(4, 4)",-50
2b5/1bb4b/bbw1w2w/2bw1w2/wwb4w/1w1b1bw1/8/3b4 w,"(3, 5)",50
2b5/1bb4b/bbw1w2w/2bw1w2/wwb4w/1w1b1bw1/8/3b4 b,"(2, 4)",-50
2b5/1bb4b/bbw1w2w/1wbw1w2/wwb4w/1w1b1bw1/1b6/3b4 w,"(2, 7)",-50
2b5/1bb4b/bbw1w2w/1wbw1w2/wwb4w/1w1b1bw1/1b6/3b4 b,"(4, 2)",-100,-1
7b/8/7w/w1b5/wb1b3w/1w3b2/8/3bb2w w,"(4, 5)",0
7b/8/7w/w1b5/wb1b3w/1w3b2/8/3bb2w b,"(5, 5)",0
7b/8/7w/w1bb4/wb1bw2w/1w3b2/8/3bb2w w,"(4, 4)",0
7b/8/7w/w1bb4/wb1bw2w/1w3b2/8/3bb2w b,"(5, 3)",0
7b/8/4w2w/w1bbb3/wb1bw2w/1w3b2/8/3bb2w w,"(5, 4)",50
7b/8/4w2w/w1bbb3/wb1bw2w/1w3b2/8/3bb2w b,"(2, 4)",50
7b/8/4w2w/wwbbbb2/wb1bw2w/1w3b2/8/3bb2w w,"(6, 4)",100,1
3w1bw1/bw2b2b/2ww2bb/w1b5/ww6/8/b1b2b2/1w6 b,"(4, 4)",-50
b2w1bw1/bw2b2b/2ww2bb/w1bw4/ww6/8/b1b2b2/1w6 w,"(1, 1)",-50
b2w1bw1/bw2b2b/2ww2bb/w1bw4/ww6/8/b1b2b2/1w6 b,"(4, 2)",-100,-1
wb3w1w/1wbb2b1/1w1b1b1b/1bwww2b/2b4b/1wwb1w2/wbb1w3/w6b w,"(2, 4)",50
wb3w1w/1wbb2b1/1w1b1b1b/1bwww2b/2b4b/1wwb1w2/wbb1w3/w6b b,"(1, 3)",-50
wb3w1w/1wbb2b1/wwbb1b1b/1bwww2b/2b4b/1wwb1w2/wbb1w3/w6b w,"(3, 3)",50
wb3w1w/1wbb2b1/wwbb1b1b/1bwww2b/2b4b/1wwb1w2/wbb1w3/w6b b,"(1, 5)",-50
wb3w1w/1wbb2b1/wwbb1b1b/1bwww2b/w1b4b/bwwb1w2/wbb1w3/w6b w,"(1, 6)",50
wb3w1w/1wbb2b1/wwbb1b1b/1bwww2b/w1b4b/bwwb1w2/wbb1w3/w6b b,"(5, 1)",-50
wb2ww1w/1wbb2b1/wwbbbb1b/1bwww2b/w1b4b/bwwb1w2/wbb1w3/w6b w,"(5, 3)",100,1
5w2/4w3/8/b3ww2/1b2b3/4wbbw/2b4b/b3bw1w w,"(5, 5)",0
5w2/4w3/8/b3ww2/1b2b3/4wbbw/2b4b/b3bw1w b,"(4, 4)",-50
5w2/4w3/8/b1bwww2/1b2b3/4wbbw/2b4b/b3bw1w w,"(3, 4)",-50
5w2/4w3/8/b1bwww2/1b2b3/4wbbw/2b4b/b3bw1w b,"(7, 4)",-100,-1
8/b7/8/8/w7/3b4/8/8 b,"(5, 4)",0
8/b7/8/2b1w3/w7/3b4/8/8 w,"(3, 4)",0
8/b7/8/2b1w3/w7/3b4/8/8 b,"(4, 5)",0
8/b7/8/2bbw3/w2w4/3b4/8/8 w,"(4, 4)",0
8/b7/8/2bbw3/w2w4/3b4/8/8 b,"(3, 5)",-50
8/b7/8/2bbw3/w1wwb3/3b4/8/8 w,"(5, 5)",-50
8/b7/8/2bbw3/w1wwb3/3b4/8/8 b,"(2, 5)",-100,-1
8/6w1/1b5w/8/1b6/8/b3b2w/8 b,"(5, 5)",0
8/6w1/1b5w/8/1b1bw3/8/b3b2w/8 w,"(4, 5)",0
8/6w1/1b5w/8/1b1bw3/8/b3b2w/8 b,"(4, 3)",0
8/6w1/1b1w3w/2b5/1b1bw3/8/b3b2w/8 w,"(3, 4)",50
8/6w1/1b1w3w/2b5/1b1bw3/8/b3b2w/8 b,"(1, 2)",50
8/w5w1/1b1w3w/2b5/1b1bw3/4b3/b3b2w/8 w,"(5, 6)",100,1
b1b2b2/b1bw1w1w/1b1ww1bw/www1b1w1/2w1wbwb/8/wbbb4/bw1b2b1 b,"(4, 4)",-100,-1
5b2/3w4/w7/3b4/1b6/8/8/8 w,"(4, 4)",0
5b2/3w4/w7/3b4/1b6/8/8/8 b,"(5, 4)",0
5b2/3w4/w7/3bw3/1b2b3/8/8/8 w,"(5, 5)",0
5b2/3w4/w7/3bw3/1b2b3/8/8/8 b,"(4, 5)",0
5b2/3w4/w7/3bw3/1bbwb3/8/8/8 w,"(3, 5)",0
5b2/3w4/w7/3bw3/1bbwb3/8/8/8 b,"(4, 6)",0
5b2/3w4/w3b3/3bw3/1bbwb3/3w4/8/8 w,"(5, 3)",50
5b2/3w4/w3b3/3bw3/1bbwb3/3w4/8/8 b,"(2, 6)",50
5b2/3w1b2/w3b3/3bw3/1bbwb3/1w1w4/8/8 w,"(6, 2)",100,1
w1w2b1b/1b2bw1b/1w1b2w1/w1b3wb/1w1wbwwb/b5bw/b1b1w3/wwbb4 w,"(4, 3)",100,1
3wwbww/w1bb1wbw/bb2ww2/1b5b/b2b2ww/bw4b1/2wbw2b/b2w2b1 b,"(1, 4)",-50
3wwbww/w1bb1wbw/bb2ww2/wb5b/b2b2ww/bw4b1/b1wbw2b/b2w2b1 w,"(1, 7)",100,1
4w3/b6w/6b1/w1bb4/wwb5/6ww/3b2b1/2b5 w,"(4, 4)",0
4w3/b6w/6b1/w1bb4/wwb5/6ww/3b2b1/2b5 b,"(4, 5)",0
4w3/b6w/6b1/w1bbb3/wwbw4/6ww/3b2b1/2b5 w,"(5, 4)",50
4w3/b6w/6b1/w1bbb3/wwbw4/6ww/3b2b1/2b5 b,"(2, 4)",50
4w3/b6w/6b1/wwbbbb2/wwbw4/6ww/3b2b1/2b5 w,"(6, 4)",100,1
8/8/8/3b4/8/8/8/8 w,"(4, 4)",0
8/8/8/3b4/8/8/8/8 b,"(3, 5)",0
8/8/3b4/3b4/2w5/8/8/8 w,"(4, 3)",0
8/8/3b4/3b4/2w5/8/8/8 b,"(5, 5)",0
8/8/3b4/3b4/2wbw3/8/8/8 w,"(4, 5)",50
8/8/3b4/3b4/2wbw3/8/8/8 b,"(4, 2)",50
8/3w4/3b4/3b4/2wbw3/3b4/8/8 w,"(4, 6)",100,1
8/8/8/2b5/8/8/8/8 w,"(3, 4)",0
8/8/8/2b5/8/8/8/8 b,"(5, 4)",0
8/8/8/2b1w3/2b5/8/8/8 w,"(3, 5)",0
8/8/8/2b1w3/2b5/8/8/8 b,"(4, 6)",0
8/8/4b3/2b1w3/2b5/3w4/8/8 w,"(5, 3)",0
8/8/4b3/2b1w3/2b5/3w4/8/8 b,"(4, 5)",0
8/8/4b3/2bbw3/2bw4/3w4/8/8 w,"(4, 4)",50
8/8/4b3/2bbw3/2bw4/3w4/8/8 b,"(2, 6)",50
8/5b2/4b3/2bbw3/2bw4/1w1w4/8/8 w,"(6, 2)",100,1
5b2/8/8/8/8/8/8/8 b,"(3, 4)",0
5b2/8/8/2w1b3/8/8/8/8 w,"(5, 4)",0
5b2/8/8/2w1b3/8/8/8/8 b,"(5, 5)",0
5b2/8/3b4/2w1b3/4w3/8/8/8 w,"(4, 3)",0
5b2/8/3b4/2w1b3/4w3/8/8/8 b,"(4, 4)",0
5b2/8/3b4/2wwb3/4w3/3b4/8/8 w,"(4, 6)",0
5b2/8/3b4/2wwb3/4w3/3b4/8/8 b,"(5, 6)",0
5b2/8/3b4/2wwb3/2b1w3/3bw3/8/8 w,"(3, 5)",0
5b2/8/3b4/2wwb3/2b1w3/3bw3/8/8 b,"(4, 5)",-50
5b2/8/1b1b4/2wwb3/2bww3/3bw3/8/8 w,"(2, 3)",-50
5b2/8/1b1b4/2wwb3/2bww3/3bw3/8/8 b,"(6, 7)",-100,-1
3b1b2/6w1/w7/1w4b1/4bw2/wwb5/b7/b2w2b1 w,"(5, 5)",0
3b1b2/6w1/w7/1w4b1/4bw2/wwb5/b7/b2w2b1 b,"(3, 4)",0
3b1b2/6w1/w7/1ww1b1b1/4bw2/wwb5/b7/b2w2b1 w,"(5, 4)",0
3b1b2/6w1/w7/1ww1b1b1/4bw2/wwb5/b7/b2w2b1 b,"(4, 4)",-50
3b1b2/6w1/w7/1wwwb1b1/2b1bw2/wwb5/b7/b2w2b1 w,"(3, 5)",-50
3b1b2/6w1/w7/1wwwb1b1/2b1bw2/wwb5/b7/b2w2b1 b,"(1, 4)",-100,-1
4bb2/8/5b2/8/8/3w4/8/6w1 b,"(5, 4)",0
4bb2/8/5b2/2b1w3/8/3w4/8/6w1 w,"(3, 4)",0
4bb2/8/5b2/2b1w3/8/3w4/8/6w1 b,"(4, 3)",0
4bb2/8/3w1b2/2bbw3/8/3w4/8/6w1 w,"(4, 4)",0
4bb2/8/3w1b2/2bbw3/8/3w4/8/6w1 b,"(3, 5)",0
4bb2/8/3wbb2/2bbw3/2w5/3w4/8/6w1 w,"(5, 3)",0
4bb2/8/3wbb2/2bbw3/2w5/3w4/8/6w1 b,"(4, 5)",0
4bb2/8/3wbb2/2bbw3/2ww1b2/3w4/8/6w1 w,"(6, 5)",0
4bb2/8/3wbb2/2bbw3/2ww1b2/3w4/8/6w1 b,"(5, 5)",-50
4bb2/8/3wbb2/2bbwb2/2wwwb2/3w4/8/6w1 w,"(6, 4)",50
4bb2/8/3wbb2/2bbwb2/2wwwb2/3w4/8/6w1 b,"(2, 5)",-100,-1
8/w3w3/3bb3/8/8/8/8/6b1 b,"(4, 5)",0
8/w3w3/3bb3/4b3/3w4/8/8/6b1 w,"(5, 4)",0
8/w3w3/3bb3/4b3/3w4/8/8/6b1 b,"(4, 4)",0
8/w3w3/3bb3/3wb3/3wb3/8/8/6b1 w,"(5, 5)",50
8/w3w3/3bb3/3wb3/3wb3/8/8/6b1 b,"(6, 4)",50
8/w3w3/3bb3/3wbw2/3wb3/4b3/8/6b1 w,"(5, 6)",100,1
2b1w3/2wb2b1/2b5/5w2/3bw3/8/5w2/b5wb w,"(4, 5)",1
2b1w3/2wb2b1/2b5/5w2/3bw3/8/5w2/b5wb b,"(5, 4)",1
2b1w3/2wb2b1/2b5/3bww2/3bw3/8/5w2/b5wb w,"(4, 4)",50
2b1w3/2wb2b1/2b5/3bww2/3bw3/8/5w2/b5wb b,"(4, 3)",-50
1bb1w3/2wb2b1/2bw4/3bww2/3bw3/8/5w2/b5wb w,"(2, 1)",-50
1bb1w3/2wb2b1/2bw4/3bww2/3bw3/8/5w2/b5wb b,"(6, 5)",-100,-1
8/8/6b1/8/4b2w/3b2bw/8/2w5 w,"(5, 5)",50
8/8/6b1/8/4b2w/3b2bw/8/2w5 b,"(6, 4)",0
8/8/6b1/3b1w2/4b2w/3b2bw/8/2w5 w,"(4, 4)",0
8/8/6b1/3b1w2/4b2w/3b2bw/8/2w5 b,"(5, 4)",0
8/8/6b1/3bww2/3bb2w/3b2bw/8/2w5 w,"(4, 5)",50
8/8/6b1/3bww2/3bb2w/3b2bw/8/2w5 b,"(4, 3)",50
8/8/3w2b1/3bww2/3bb2w/3b2bw/3b4/2w5 w,"(4, 7)",100,1
1b2b1b1/bb4wb/2bww3/3b4/1w2bw1b/5wb1/3ww1w1/1w6 w,"(2, 2)",100,1
1w3w2/b3wwbw/1w2w3/2bbb1bw/4wbb1/bb6/2ww3b/1bwbb1w1 w,"(5, 4)",50
1w3w2/b3wwbw/1w2w3/2bbb1bw/4wbb1/bb6/2ww3b/1bwbb1w1 b,"(2, 4)",-50
1w3w2/bb2wwbw/1w2w3/1wbbb1bw/4wbb1/bb6/2ww3b/1bwbb1w1 w,"(2, 2)",50
1w3w2/bb2wwbw/1w2w3/1wbbb1bw/4wbb1/bb6/2ww3b/1bwbb1w1 b,"(6, 4)",-50
1w3w2/bb2wwbw/1w2w3/1wbbbwbw/4wbb1/bb1b4/2ww3b/1bwbb1w1 w,"(4, 6)",50
1w3w2/bb2wwbw/1w2w3/1wbbbwbw/4wbb1/bb1b4/2ww3b/1bwbb1w1 b,"(3, 6)",-50
1w3w2/bb2wwbw/1w2w3/1wbbbwbw/2b1wbb1/bbwb4/2ww3b/1bwbb1w1 w,"(3, 5)",50
1w3w2/bb2wwbw/1w2w3/1wbbbwbw/2b1wbb1/bbwb4/2ww3b/1bwbb1w1 b,"(1, 7)",-50
1w3w2/bb2wwbw/1w2w3/1wbbbwbw/2b1wbb1/bbwb4/wbww3b/1bwbb1w1 w,"(2, 7)",50
1w3w2/bb2wwbw/1w2w3/1wbbbwbw/2b1wbb1/bbwb4/wbww3b/1bwbb1w1 b,"(2, 5)",-50
1w3w2/bb2wwbw/1w2w3/bwbbbwbw/1wb1wbb1/bbwb4/wbww3b/1bwbb1w1 w,"(1, 4)",50
1w3w2/bb2wwbw/1w2w3/bwbbbwbw/1wb1wbb1/bbwb4/wbww3b/1bwbb1w1 b,"(6, 3)",-100,-1
5w1w/1w2b2w/3w3b/b1w1b1b1/ww1b4/b2w3w/3bw1bb/3bb3 w,"(1, 6)",0
5w1w/1w2b2w/3w3b/b1w1b1b1/ww1b4/b2w3w/3bw1bb/3bb3 b,"(5, 5)",0
5w1w/1w2b2w/3w3b/b1wbb1b1/ww1bw3/b2w3w/3bw1bb/3bb3 w,"(4, 4)",50
5w1w/1w2b2w/3w3b/b1wbb1b1/ww1bw3/b2w3w/3bw1bb/3bb3 b,"(6, 4)",-50
5w1w/1w2b2w/3w3b/b1wbbwb1/ww1bw3/b2w3w/2bbw1bb/3bb3 w,"(3, 7)",-50
5w1w/1w2b2w/3w3b/b1wbbwb1/ww1bw3/b2w3w/2bbw1bb/3bb3 b,"(7, 3)",-100,-1
b1w2b2/b3wb2/2ww2b1/7b/8/6b1/bb4ww/1ww5 b,"(5, 1)",0
b1w1wb2/b3wb2/2ww2b1/7b/3b4/6b1/bb4ww/1ww5 w,"(4, 5)",0
b1w1wb2/b3wb2/2ww2b1/7b/3b4/6b1/bb4ww/1ww5 b,"(3, 5)",0
b1w1wb2/b3wb2/2ww2b1/2b4b/2wb4/6b1/bb4ww/1ww5 w,"(3, 4)",50
b1w1wb2/b3wb2/2ww2b1/2b4b/2wb4/6b1/bb4ww/1ww5 b,"(2, 3)",-50
b1w1wb2/b3wb2/bwww2b1/2b4b/2wb4/6b1/bb4ww/1ww5 w,"(1, 3)",50
b1w1wb2/b3wb2/bwww2b1/2b4b/2wb4/6b1/bb4ww/1ww5 b,"(1, 4)",-50
b1w1wb2/b3wb2/bwww2b1/w1b4b/2wbb3/6b1/bb4ww/1ww5 w,"(5, 5)",-50
b1w1wb2/b3wb2/bwww2b1/w1b4b/2wbb3/6b1/bb4ww/1ww5 b,"(5, 3)",-100,-1
ww1w4/w2b1b1w/2b3w1/bb2b1b1/w1w1b2b/1w6/bw1wbbbw/b1bw3w b,"(3, 1)",-100,-1
1w2b3/1wbbb1w1/2www2b/1bbb1b2/b1w2bw1/b2ww1w1/1b3bw1/bw2bw1w b,"(1, 4)",-50
1w2b3/1wbbb1w1/2www2b/wbbb1b2/b1w2bw1/b2ww1w1/bb3bw1/bw2bw1w w,"(1, 7)",100,1
3b3b/5b2/7w/b1w5/7b/8/5ww1/8 b,"(5, 5)",0
3b3b/5b2/7w/b1w5/2b1w2b/8/5ww1/8 w,"(3, 5)",0
3b3b/5b2/7w/b1w5/2b1w2b/8/5ww1/8 b,"(4, 4)",-50
3b3b/5b2/7w/b1ww4/2b1w2b/3b4/5ww1/8 w,"(4, 6)",-50
3b3b/5b2/7w/b1ww4/2b1w2b/3b4/5ww1/8 b,"(6, 6)",-100,-1
bwww1b1b/wbbw2w1/1w1b1bw1/1w1b3w/1b2w2b/bww2bb1/3w2w1/bb3b2 w,"(2, 2)",50
bwww1b1b/wbbw2w1/1w1b1bw1/1w1b3w/1b2w2b/bww2bb1/3w2w1/bb3b2 b,"(3, 3)",-50
bwww1b1b/wbbw2w1/1wwb1bw1/1w1b3w/bb2w2b/bww2bb1/3w2w1/bb3b2 w,"(1, 5)",50
bwww1b1b/wbbw2w1/1wwb1bw1/1w1b3w/bb2w2b/bww2bb1/3w2w1/bb3b2 b,"(1, 7)",-50
bwww1b1b/wbbw2w1/1wwb1bw1/1wbb3w/bb2w2b/bww2bb1/w2w2w1/bb3b2 w,"(3, 4)",100,1
4b1bb/1w1w4/3bw3/5w2/w4w2/b3b1b1/w2w2b1/1b6 b,"(3, 1)",-100,-1
3b1bb1/2w5/8/1w2b3/8/8/7w/8 b,"(4, 4)",50
3bbbb1/2w5/8/1w1wb3/8/8/7w/8 w,"(5, 1)",100,1
1bb1wbb1/1bbw4/3wb1bw/2w2w1w/2w5/2b1ww2/bbbw4/8 b,"(4, 4)",-50
1bbbwbb1/1bbw4/3wb1bw/2ww1w1w/2w5/2b1ww2/bbbw4/8 w,"(4, 1)",50
1bbbwbb1/1bbw4/3wb1bw/2ww1w1w/2w5/2b1ww2/bbbw4/8 b,"(1, 1)",-50
wbbbwbb1/1bbw4/3wb1bw/2ww1w1w/2wb4/2b1ww2/bbbw4/8 w,"(4, 5)",50
wbbbwbb1/1bbw4/3wb1bw/2ww1w1w/2wb4/2b1ww2/bbbw4/8 b,"(1, 8)",-50
wbbbwbb1/1bbw4/3wb1bw/2wwbw1w/2wb4/2b1ww2/bbbw4/w7 w,"(5, 4)",100,1
3w1bbw/w1w3b1/5wb1/3w4/b7/4b3/8/3b4 b,"(7, 4)",-50
3w1bbw/w1w3b1/5wb1/2bw2w1/b7/4b3/8/3b4 w,"(3, 4)",-50
3w1bbw/w1w3b1/5wb1/2bw2w1/b7/4b3/8/3b4 b,"(5, 2)",-100,-1
ww1w3w/1ww5/2b1b3/1w1b1w1b/w2bbwb1/6b1/8/b2b3b b,"(2, 3)",-100,-1
2w2b2/b2bbw2/bw1w4/1b5w/ww3b1w/b2wwbw1/b2bb2w/b3bwwb w,"(6, 6)",-50
2w2b2/b2bbw2/bw1w4/1b5w/ww3b1w/b2wwbw1/b2bb2w/b3bwwb b,"(8, 6)",-100,-1
b1w2w2/1bbbb3/4w3/1ww5/8/5w2/1b4b1/w6b w,"(4, 2)",100,1
1b6/2w5/wb6/8/1b1b4/8/2b5/w2w4 b,"(3, 4)",0
1b6/2w5/wb6/2w5/1bbb4/8/2b5/w2w4 w,"(3, 5)",50
1b6/2w5/wb6/2w5/1bbb4/8/2b5/w2w4 b,"(1, 5)",50
1b6/2w5/wb6/2w5/wbbbb3/8/2b5/w2w4 w,"(5, 5)",100,1
wbb3w1/w1b1b3/2b1b3/2b1w1b1/4b3/w1bw2b1/8/www4w w,"(3, 4)",100,1
w3b3/wb1b2bb/2bw1wb1/4w3/6ww/w1w1w1b1/b1b4w/4bb2 b,"(2, 4)",-50
w3b3/wb1b2bb/2bw1wb1/1wb1w3/6ww/w1w1w1b1/b1b4w/4bb2 w,"(3, 4)",-50
w3b3/wb1b2bb/2bw1wb1/1wb1w3/6ww/w1w1w1b1/b1b4w/4bb2 b,"(4, 5)",-100,-1
b1ww2b1/wbbwb1bb/b2b3w/wbww1b2/w7/2bbwb1w/w2w4/2w2bwb w,"(1, 3)",50
b1ww2b1/wbbwb1bb/b2b3w/wbww1b2/w7/2bbwb1w/w2w4/2w2bwb b,"(1, 6)",-100,-1
8/8/8/8/8/8/8/5b2 b,"(3, 4)",0
8/8/8/2wb4/8/8/8/5b2 w,"(4, 4)",0
8/8/8/2wb4/8/8/8/5b2 b,"(3, 5)",0
8/8/8/2wb4/2w1b3/8/8/5b2 w,"(5, 5)",0
8/8/8/2wb4/2w1b3/8/8/5b2 b,"(4, 5)",0
8/8/8/2wb4/2wwb3/4b3/8/5b2 w,"(5, 6)",0
8/8/8/2wb4/2wwb3/4b3/8/5b2 b,"(4, 3)",0
8/8/3w4/2wbb3/2wwb3/4b3/8/5b2 w,"(5, 4)",50
8/8/3w4/2wbb3/2wwb3/4b3/8/5b2 b,"(5, 3)",50
8/8/3ww3/2wbb3/2wwb3/4b3/4b3/5b2 w,"(5, 7)",100,1
1b2b3/3b4/8/3w4/4b2w/4w3/8/8 w,"(5, 5)",0
1b2b3/3b4/8/3w4/4b2w/4w3/8/8 b,"(3, 4)",0
1b2b3/3b4/8/2ww4/3bb2w/4w3/8/8 w,"(4, 5)",0
1b2b3/3b4/8/2ww4/3bb2w/4w3/8/8 b,"(5, 4)",-50
1b2b3/3b4/8/1bwww3/3bb2w/4w3/8/8 w,"(2, 4)",50
1b2b3/3b4/8/1bwww3/3bb2w/4w3/8/8 b,"(3, 3)",-50
1b2b3/3b4/2w5/1bwww3/3bb2w/3bw3/8/8 w,"(4, 6)",-50
1b2b3/3b4/2w5/1bwww3/3bb2w/3bw3/8/8 b,"(6, 4)",-100,-1
w1wb4/b1w4b/bbbb4/1w1ww1b1/8/8/2w1bw2/3w3b w,"(3, 3)",100,1
1b2b1w1/8/2bb4/2w5/1b2www1/7w/bbb2w2/8 b,"(4, 5)",-100,-1
2bb1w1b/2bbww1b/3bw1bb/2wb4/wb1w2bw/4bwww/b2bww2/1wb3w1 w,"(4, 2)",100,1
8/8/8/8/2bb4/8/6w1/8 w,"(3, 5)",0
8/8/8/8/2bb4/8/6w1/8 b,"(4, 3)",0
8/8/3w4/3b4/2bb4/8/6w1/8 w,"(4, 4)",0
8/8/3w4/3b4/2bb4/8/6w1/8 b,"(5, 4)",0
8/8/3w4/3bw3/2bbb3/8/6w1/8 w,"(5, 5)",50
8/8/3w4/3bw3/2bbb3/8/6w1/8 b,"(2, 5)",50
8/8/3w4/3bw3/1wbbbb2/8/6w1/8 w,"(6, 5)",100,1
6b1/2b5/6b1/1w4bb/4w3/8/1w5w/8 b,"(4, 5)",50
6b1/2b3b1/6b1/1w4bb/3ww3/8/1w5w/8 w,"(7, 2)",100,1
1b6/8/8/8/3bb2w/3w4/8/8 w,"(4, 5)",0
1b6/8/8/8/3bb2w/3w4/8/8 b,"(3, 4)",0
1b6/8/8/2w1b3/3bb2w/3w4/8/8 w,"(5, 4)",0
1b6/8/8/2w1b3/3bb2w/3w4/8/8 b,"(3, 5)",0
1b6/8/8/2w1b3/2wbb2w/3wb3/8/8 w,"(5, 6)",50
1b6/8/8/2w1b3/2wbb2w/3wb3/8/8 b,"(5, 3)",50
1b6/8/4w3/2w1b3/2wbb2w/3wb3/4b3/8 w,"(5, 7)",100,1
3bbw1b/8/w5b1/w3wwbb/4ww2/bw4b1/5w2/1b1wbb2 b,"(6, 2)",-50
3bbw1b/5w2/w4bb1/w3wwbb/4ww2/bw4b1/5w2/1b1wbb2 w,"(6, 3)",50
3bbw1b/5w2/w4bb1/w3wwbb/4ww2/bw4b1/5w2/1b1wbb2 b,"(5, 2)",-50
3bbw1b/4ww2/w3bbb1/w3wwbb/4ww2/bw4b1/5w2/1b1wbb2 w,"(5, 3)",50
3bbw1b/4ww2/w3bbb1/w3wwbb/4ww2/bw4b1/5w2/1b1wbb2 b,"(4, 3)",-50
3bbw1b/2b1ww2/w2wbbb1/w3wwbb/4ww2/bw4b1/5w2/1b1wbb2 w,"(3, 2)",50
3bbw1b/2b1ww2/w2wbbb1/w3wwbb/4ww2/bw4b1/5w2/1b1wbb2 b,"(3, 4)",-100,-1
4b1b1/w5b1/8/8/2w1b3/w7/b2w4/w1b5 b,"(4, 4)",0
4b1b1/w5b1/8/2bw4/2w1b3/w7/b2w4/w1b5 w,"(3, 4)",0
4b1b1/w5b1/8/2bw4/2w1b3/w7/b2w4/w1b5 b,"(4, 5)",-50
4b1b1/w5b1/8/2bw4/2wwb3/w3b3/b2w4/w1b5 w,"(5, 6)",-50
4b1b1/w5b1/8/2bw4/2wwb3/w3b3/b2w4/w1b5 b,"(4, 6)",-100,-1
b7/1bb2b1b/wwb5/1b6/8/2w2w1b/2ww4/wb3w2 b,"(4, 4)",0
b7/1bb2b1b/wwb5/1b1w4/4b3/2w2w1b/2ww4/wb3w2 w,"(5, 5)",0
b7/1bb2b1b/wwb5/1b1w4/4b3/2w2w1b/2ww4/wb3w2 b,"(4, 5)",-50
b7/1bb2b1b/wwb5/1b1w4/3wb3/2w2w1b/1bww4/wb3w2 w,"(2, 7)",-50
b7/1bb2b1b/wwb5/1b1w4/3wb3/2w2w1b/1bww4/wb3w2 b,"(4, 6)",-100,-1
8/1w5w/8/2b4b/2w5/2w1b3/b7/2b5 w,"(3, 4)",0
8/1w5w/8/2b4b/2w5/2w1b3/b7/2b5 b,"(5, 4)",0
8/1w5w/8/2b1w2b/2w1b3/2w1b3/b7/2b5 w,"(5, 5)",0
8/1w5w/8/2b1w2b/2w1b3/2w1b3/b7/2b5 b,"(4, 5)",-50
8/1w5w/8/2b1w2b/2wwb3/2w1b3/bb6/2b5 w,"(2, 7)",-50
8/1w5w/8/2b1w2b/2wwb3/2w1b3/bb6/2b5 b,"(6, 3)",-100,-1
8/1w6/7w/8/1b6/8/7b/1b6 b,"(4, 5)",0
8/1w6/7w/2b5/1b1w4/8/7b/1b6 w,"(3, 4)",0
8/1w6/7w/2b5/1b1w4/8/7b/1b6 b,"(4, 3)",0
8/1w6/3w3w/2b5/1b1w4/3b4/7b/1b6 w,"(4, 6)",0
8/1w6/3w3w/2b5/1b1w4/3b4/7b/1b6 b,"(4, 4)",-50
8/1w1b4/3w3w/2bw4/1b1w4/3b4/7b/1b6 w,"(4, 2)",0
8/1w1b4/3w3w/2bw4/1b1w4/3b4/7b/1b6 b,"(5, 5)",-50
8/1w1b4/2bw3w/2bw4/1b1ww3/3b4/7b/1b6 w,"(3, 3)",0
8/1w1b4/2bw3w/2bw4/1b1ww3/3b4/7b/1b6 b,"(5, 4)",0
8/1w1b4/2bw3w/2bww3/1bbww3/3b4/7b/1b6 w,"(3, 5)",50
8/1w1b4/2bw3w/2bww3/1bbww3/3b4/7b/1b6 b,"(3, 2)",-50
1b6/1wwb4/2bw3w/2bww3/1bbww3/3b4/7b/1b6 w,"(2, 1)",50
1b6/1wwb4/2bw3w/2bww3/1bbww3/3b4/7b/1b6 b,"(3, 6)",-50
1b6/1wwb4/2bw3w/2bww3/1bbww3/2wb4/1b5b/1b6 w,"(2, 7)",50
1b6/1wwb4/2bw3w/2bww3/1bbww3/2wb4/1b5b/1b6 b,"(2, 6)",-50
1b6/1wwb4/2bw1b1w/2bww3/1bbww3/1wwb4/1b5b/1b6 w,"(6, 3)",-50
1b6/1wwb4/2bw1b1w/2bww3/1bbww3/1wwb4/1b5b/1b6 b,"(6, 5)",-100,-1
1wbwb1b1/2b4w/w2ww1w1/1wb1wwbw/8/2b2b1b/b1b2www/1bb1b1b1 b,"(3, 3)",-50
1wbwb1b1/2b4w/wbwww1w1/1wb1wwbw/8/2b2b1b/b1b2www/1bb1b1b1 w,"(2, 3)",50
1wbwb1b1/2b4w/wbwww1w1/1wb1wwbw/8/2b2b1b/b1b2www/1bb1b1b1 b,"(3, 5)",-50
1wbwb1b1/2b4w/wbwww1w1/1wb1wwbw/2w5/2bb1b1b/b1b2www/1bb1b1b1 w,"(4, 6)",50
1wbwb1b1/2b4w/wbwww1w1/1wb1wwbw/2w5/2bb1b1b/b1b2www/1bb1b1b1 b,"(4, 8)",-50
1wbwb1b1/2b4w/wbwww1w1/1wb1wwbw/2w1b3/2bb1b1b/b1b2www/1bbwb1b1 w,"(5, 5)",100,1
4bww1/8/bw1b1b2/3b2b1/b6w/w5w1/1wbb3b/2w4w w,"(4, 4)",0
4bww1/8/bw1b1b2/3b2b1/b6w/w5w1/1wbb3b/2w4w b,"(4, 5)",0
4bww1/8/bw1b1b2/3bb1b1/b2w3w/w5w1/1wbb3b/2w4w w,"(5, 4)",50
4bww1/8/bw1b1b2/3bb1b1/b2w3w/w5w1/1wbb3b/2w4w b,"(4, 6)",50
4bww1/8/bw1b1b2/3bbbb1/b2w3w/w2w2w1/1wbb3b/2w4w w,"(6, 4)",100,1
8/1bb5/6b1/2b2w2/8/6w1/2w5/3w1b2 b,"(4, 4)",0
8/1bb5/3b2b1/2bw1w2/8/6w1/2w5/3w1b2 w,"(4, 3)",0
8/1bb5/3b2b1/2bw1w2/8/6w1/2w5/3w1b2 b,"(4, 5)",0
8/1bb5/3b2b1/2bwbw2/3w4/6w1/2w5/3w1b2 w,"(5, 4)",50
8/1bb5/3b2b1/2bwbw2/3w4/6w1/2w5/3w1b2 b,"(2, 1)",50
1w6/1bb5/3b2b1/2bwbw2/3w1b2/6w1/2w5/3w1b2 w,"(6, 5)",100,1
8/8/8/8/8/8/8/b7 b,"(5, 4)",0
8/8/8/4w3/2b5/8/8/b7 w,"(3, 5)",0
8/8/8/4w3/2b5/8/8/b7 b,"(5, 5)",0
8/8/8/2b1w3/2b1w3/8/8/b7 w,"(3, 4)",0
8/8/8/2b1w3/2b1w3/8/8/b7 b,"(4, 4)",0
8/8/4b3/2bww3/2b1w3/8/8/b7 w,"(5, 3)",0
8/8/4b3/2bww3/2b1w3/8/8/b7 b,"(4, 6)",0
8/8/4b3/2bwwb2/2b1w3/3w4/8/b7 w,"(6, 4)",0
8/8/4b3/2bwwb2/2b1w3/3w4/8/b7 b,"(4, 5)",-50
8/8/3bb3/2bwwb2/2bww3/3w4/8/b7 w,"(4, 3)",-50
8/8/3bb3/2bwwb2/2bww3/3w4/8/b7 b,"(4, 7)",-100,-1
1wb3b1/2b2b2/7w/3b1ww1/2b5/2b2w1b/4w1w1/8 b,"(5, 5)",-50
1wb3b1/2b2b2/4b2w/3b1ww1/2b1w3/2b2w1b/4w1w1/8 w,"(5, 3)",100,1
5w2/1bw1wwb1/1b2b3/3b3w/3bww2/6w1/b1b5/1bw4b w,"(4, 4)",-50
5w2/1bw1wwb1/1b2b3/3b3w/3bww2/6w1/b1b5/1bw4b b,"(4, 2)",-100,-1
1w3b1w/8/3b4/3b4/7b/3w4/4w2b/8 w,"(4, 4)",0
1w3b1w/8/3b4/3b4/7b/3w4/4w2b/8 b,"(5, 5)",0
1w3b1w/8/3b4/3b4/3bw2b/3w4/4w2b/8 w,"(4, 5)",50
1w3b1w/8/3b4/3b4/3bw2b/3w4/4w2b/8 b,"(3, 4)",50
1w3b1w/3b4/3b4/2wb4/3bw2b/3w4/4w2b/8 w,"(4, 2)",100,1
1w2www1/1b1ww3/6ww/b1bbb3/bbbww1w1/bbw5/1b3bb1/b1w1bwbw b,"(1, 3)",-50
1w2www1/1b1ww3/w5ww/b1bbb3/bbbww1w1/bbw5/bb3bb1/b1w1bwbw w,"(1, 7)",100,1
w2b1bbb/wb3b1b/b3w1w1/wb2b1bw/3w1bw1/b2ww2b/1bb1bww1/1w2ww1w w,"(1, 3)",50
w2b1bbb/wb3b1b/b3w1w1/wb2b1bw/3w1bw1/b2ww2b/1bb1bww1/1w2ww1w b,"(3, 4)",-100,-1
8/2b5/8/1ww2w2/6b1/3b1w2/8/3b2b1 b,"(4, 4)",-50
8/2b5/8/bwww1w2/6b1/3b1w2/8/3b2b1 w,"(1, 4)",-50
8/2b5/8/bwww1w2/6b1/3b1w2/8/3b2b1 b,"(5, 4)",-100,-1
8/8/2w5/2b5/8/8/4wb2/b7 w,"(3, 4)",0
8/8/2w5/2b5/8/8/4wb2/b7 b,"(3, 5)",0
8/8/2w5/2b1b3/2w5/8/4wb2/b7 w,"(5, 4)",0
8/8/2w5/2b1b3/2w5/8/4wb2/b7 b,"(5, 5)",0
8/8/2w5/2bbb3/2w1w3/8/4wb2/b7 w,"(4, 4)",50
8/8/2w5/2bbb3/2w1w3/8/4wb2/b7 b,"(2, 4)",-50
8/8/2w5/1wbbb3/2w1w3/3b4/4wb2/b7 w,"(4, 6)",50
8/8/2w5/1wbbb3/2w1w3/3b4/4wb2/b7 b,"(4, 3)",50
8/8/2ww4/1wbbbb2/2w1w3/3b4/4wb2/b7 w,"(6, 4)",100,1
8/6b1/8/8/7w/5b2/8/8 b,"(3, 4)",0
8/6b1/8/2w5/2b4w/5b2/8/8 w,"(3, 5)",0
8/6b1/8/2w5/2b4w/5b2/8/8 b,"(5, 4)",0
8/6b1/3b4/2w1w3/2b4w/5b2/8/8 w,"(4, 3)",0
8/6b1/3b4/2w1w3/2b4w/5b2/8/8 b,"(4, 4)",-50
8/6b1/3b4/1bwww3/2b4w/5b2/8/8 w,"(2, 4)",-50
8/6b1/3b4/1bwww3/2b4w/5b2/8/8 b,"(6, 4)",-100,-1
6w1/5b2/5bb1/5b2/1bww4/1wb1w2b/w1w3bb/1w1w3b b,"(1, 5)",-100,-1
2bbwbww/2wb3w/1b1bb2b/w4wbb/2w2b2/2b2w1w/2ww3w/b1b1w1b1 b,"(3, 3)",-50
2bbwbww/2wb3w/1bwbb2b/w1b2wbb/2w2b2/2b2w1w/2ww3w/b1b1w1b1 w,"(3, 4)",50
2bbwbww/2wb3w/1bwbb2b/w1b2wbb/2w2b2/2b2w1w/2ww3w/b1b1w1b1 b,"(4, 4)",-50
2bbwbww/2wbb2w/1bwbb2b/w1bw1wbb/2w2b2/2b2w1w/2ww3w/b1b1w1b1 w,"(5, 2)",100,1
bbb1bw2/w1b5/w1wbw3/wb2wwb1/b7/bwb3b1/1b1b2w1/ww1wbwwb w,"(1, 5)",50
bbb1bw2/w1b5/w1wbw3/wb2wwb1/b7/bwb3b1/1b1b2w1/ww1wbwwb b,"(2, 5)",-50
bbb1bw2/w1b5/w1wbw3/wb2wwb1/bw6/bwb3b1/1b1b2w1/wwbwbwwb w,"(3, 8)",50
bbb1bw2/w1b5/w1wbw3/wb2wwb1/bw6/bwb3b1/1b1b2w1/wwbwbwwb b,"(5, 5)",-50
bbbbbw2/w1b5/w1wbw3/wb2wwb1/bw2w3/bwb3b1/1b1b2w1/wwbwbwwb w,"(4, 1)",100,1
4ww1b/wb3w2/1bwb1b2/1bw1b1wb/4b1w1/3w2w1/1wwb4/bb2b3 b,"(2, 1)",-50
1w2ww1b/wb3w2/1bwb1b2/1bw1b1wb/1b2b1w1/3w2w1/1wwb4/bb2b3 w,"(2, 5)",100,1
1b2w1b1/1bb5/3bww2/1bbwb3/1ww2w2/4b3/bw2w1w1/1b1w2b1 w,"(2, 1)",100,1
8/8/8/2b5/8/8/8/8 w,"(3, 4)",0
8/8/8/2b5/8/8/8/8 b,"(4, 5)",0
8/8/8/2bb4/3w4/8/8/8 w,"(4, 4)",0
8/8/8/2bb4/3w4/8/8/8 b,"(4, 6)",0
8/8/8/2bbb3/3w4/3w4/8/8 w,"(5, 4)",50
8/8/8/2bbb3/3w4/3w4/8/8 b,"(2, 4)",50
8/8/8/1wbbbb2/3w4/3w4/8/8 w,"(6, 4)",100,1
bwb1w2w/w2w1b2/b1b1bw1w/1b2bw2/4bbw1/1b4b1/2bww1ww/4b1wb b,"(4, 3)",-50
bwb1w2w/w2wbb2/b1bwbw1w/1b2bw2/4bbw1/1b4b1/2bww1ww/4b1wb w,"(5, 2)",100,1
7w/b3w1b1/w2w2b1/4bb2/2bw3w/1w5b/bbw1bww1/1b6 b,"(4, 4)",-50
7w/b2bw1b1/w2w2b1/3wbb2/2bw3w/1w5b/bbw1bww1/1b6 w,"(4, 2)",-50
7w/b2bw1b1/w2w2b1/3wbb2/2bw3w/1w5b/bbw1bww1/1b6 b,"(4, 6)",-100,-1
w2b3b/8/6w1/6w1/4b3/8/2w5/1bb5 w,"(5, 5)",0
w2b3b/8/6w1/6w1/4b3/8/2w5/1bb5 b,"(3, 5)",0
w2b3b/8/6w1/4b1w1/2w1b3/8/2w5/1bb5 w,"(5, 4)",0
w2b3b/8/6w1/4b1w1/2w1b3/8/2w5/1bb5 b,"(3, 4)",-50
w2b3b/8/6w1/2w1b1w1/2w1b3/2b5/2w5/1bb5 w,"(3, 6)",0
w2b3b/8/6w1/2w1b1w1/2w1b3/2b5/2w5/1bb5 b,"(5, 3)",0
w2b3b/8/4w1w1/2wbb1w1/2w1b3/2b5/2w5/1bb5 w,"(4, 4)",0
w2b3b/8/4w1w1/2wbb1w1/2w1b3/2b5/2w5/1bb5 b,"(4, 6)",0
w2b3b/8/4w1w1/2wbb1w1/2wbb3/2bw4/2w5/1bb5 w,"(4, 5)",50
w2b3b/8/4w1w1/2wbb1w1/2wbb3/2bw4/2w5/1bb5 b,"(2, 7)",50
w2b3b/8/4wbw1/2wbb1w1/2wbb3/2bw4/1ww5/1bb5 w,"(6, 3)",100,1
w2b3b/w2w1bw1/2bb1b2/1w1w2b1/b4www/bbw1b1w1/b1w3b1/1w3wbb b,"(1, 4)",-50
w2b3b/w2w1bw1/b1bb1b2/ww1w2b1/b4www/bbw1b1w1/b1w3b1/1w3wbb w,"(1, 3)",50
w2b3b/w2w1bw1/b1bb1b2/ww1w2b1/b4www/bbw1b1w1/b1w3b1/1w3wbb b,"(1, 8)",-50
w2b3b/w2w1bw1/bbbb1b2/ww1w2b1/b4www/bbw1b1w1/b1w3b1/ww3wbb w,"(2, 3)",100,1
2bw3w/bbw4b/5w2/2bb2bb/8/3b4/2w5/1w2w2w b,"(5, 4)",-50
2bw3w/bbw4b/3b1w2/2bbw1bb/8/3b4/2w5/1w2w2w w,"(4, 3)",50
2bw3w/bbw4b/3b1w2/2bbw1bb/8/3b4/2w5/1w2w2w b,"(4, 5)",-50
2bw3w/bbw4b/3b1w2/2bbw1bb/3w4/2bb4/2w5/1w2w2w w,"(3, 6)",-50
2bw3w/bbw4b/3b1w2/2bbw1bb/3w4/2bb4/2w5/1w2w2w b,"(7, 2)",-100,-1
b1b1w2w/1w2bw2/4b3/w7/b2b4/1w1b4/1bww4/b2wb3 w,"(4, 5)",50
b1b1w2w/1w2bw2/4b3/w7/b2b4/1w1b4/1bww4/b2wb3 b,"(3, 6)",-50
b1b1w2w/1w2bw2/4b3/w7/bb1b4/1wwb4/1bww4/b2wb3 w,"(2, 5)",50
b1b1w2w/1w2bw2/4b3/w7/bb1b4/1wwb4/1bww4/b2wb3 b,"(3, 5)",-50
b1b1w2w/1w2bw2/4b3/w1b5/bbwb4/1wwb4/1bww4/b2wb3 w,"(3, 4)",50
b1b1w2w/1w2bw2/4b3/w1b5/bbwb4/1wwb4/1bww4/b2wb3 b,"(3, 8)",-100,-1
1wbb2wb/2w1wb2/1bw5/w7/2w5/ww3b2/3w4/bbb1b1b1 b,"(3, 4)",-100,-1
8/w3b3/b7/8/4b3/1w6/6w1/1b6 b,"(3, 5)",0
8/w3b3/b7/4b3/2w1b3/1w6/6w1/1b6 w,"(5, 4)",50
8/w3b3/b7/4b3/2w1b3/1w6/6w1/1b6 b,"(5, 3)",-50
8/w3b3/b3w3/4b3/2w1b3/1w1b4/6w1/1b6 w,"(4, 6)",50
8/w3b3/b3w3/4b3/2w1b3/1w1b4/6w1/1b6 b,"(3, 7)",-50
8/w3b3/b3w3/2b1b3/2w1b3/1w1b4/2w3w1/1b6 w,"(3, 4)",-50
8/w3b3/b3w3/2b1b3/2w1b3/1w1b4/2w3w1/1b6 b,"(4, 4)",-100,-1
bw2b3/3b3w/b4ww1/b1wb2w1/3bw2b/2w1w1wb/2b1bw2/1b1b2w1 b,"(1, 2)",-50
bw2b3/w2b3w/b2b1ww1/b1wb2w1/3bw2b/2w1w1wb/2b1bw2/1b1b2w1 w,"(4, 3)",100,1
b5b1/wb3wb1/6bw/5wb1/4wb2/1w6/8/2bw4 w,"(7, 4)",100,1
1bwb3w/2wb1w1b/ww1w1bb1/1wb1w3/3w1b1b/b5b1/1bw2w1b/8 w,"(2, 1)",-50
1bwb3w/2wb1w1b/ww1w1bb1/1wb1w3/3w1b1b/b5b1/1bw2w1b/8 b,"(3, 3)",-100,-1
2b1w3/w7/8/2b1b3/4w3/2b4w/3b2w1/2bb1w2 b,"(4, 4)",-50
2b1w3/w7/8/2bwb3/4w3/2b2b1w/3b2w1/2bb1w2 w,"(6, 6)",1
2b1w3/w7/8/2bwb3/4w3/2b2b1w/3b2w1/2bb1w2 b,"(4, 5)",1
2b1w3/w7/8/2bwb3/2bww3/2b2b1w/3b2w1/2bb1w2 w,"(3, 5)",50
2b1w3/w7/8/2bwb3/2bww3/2b2b1w/3b2w1/2bb1w2 b,"(3, 3)",-50
2b1w3/wb6/2w5/2bwb3/2bww3/2b2b1w/3b2w1/2bb1w2 w,"(2, 2)",50
2b1w3/wb6/2w5/2bwb3/2bww3/2b2b1w/3b2w1/2bb1w2 b,"(5, 6)",50
2b1w3/wb6/2w5/2bwb3/2bww3/2b1wb1w/2bb2w1/2bb1w2 w,"(3, 7)",100,1
8/8/8/3b4/8/8/8/8 w,"(4, 4)",0
8/8/8/3b4/8/8/8/8 b,"(4, 5)",0
8/8/3b4/3b4/3w4/8/8/8 w,"(4, 3)",0
8/8/3b4/3b4/3w4/8/8/8 b,"(5, 4)",0
8/8/3b4/3bw3/2bw4/8/8/8 w,"(3, 5)",0
8/8/3b4/3bw3/2bw4/8/8/8 b,"(3, 4)",0
8/8/3b4/2wbw3/2bw4/3b4/8/8 w,"(4, 6)",0
8/8/3b4/2wbw3/2bw4/3b4/8/8 b,"(5, 5)",0
8/8/3bb3/2wbw3/2bww3/3b4/8/8 w,"(5, 3)",50
8/8/3bb3/2wbw3/2bww3/3b4/8/8 b,"(2, 6)",50
8/5b2/3bb3/2wbw3/2bww3/1w1b4/8/8 w,"(6, 2)",100,1
bbw4b/w1wbwwbb/2bb2w1/4bw2/w1w1bb2/wb4wb/1wbw2bw/1b3w2 b,"(4, 6)",-50
bbw4b/w1wbwwbb/2bb2w1/4bw2/w1w1bb2/wb1w2wb/1wbwb1bw/1b3w2 w,"(5, 7)",50
bbw4b/w1wbwwbb/2bb2w1/4bw2/w1w1bb2/wb1w2wb/1wbwb1bw/1b3w2 b,"(5, 6)",-50
bbw4b/w1wbwwbb/2bb1bw1/4bw2/w1w1bb2/wb1ww1wb/1wbwb1bw/1b3w2 w,"(6, 3)",100,1
4bbww/2ww2b1/b4w2/w1b5/w1b2w1w/1bbwb2w/2b1wbbw/1w1bb2b w,"(3, 6)",100,1
2bb2b1/1w1ww3/wbwb4/w3wbbb/1b3w2/b4b2/wb2w1w1/1bw1b1w1 b,"(2, 6)",-50
2bb2b1/1wbww3/wbwb4/w3wbbb/1b3w2/bw3b2/wb2w1w1/1bw1b1w1 w,"(3, 2)",50
2bb2b1/1wbww3/wbwb4/w3wbbb/1b3w2/bw3b2/wb2w1w1/1bw1b1w1 b,"(4, 4)",-50
b1bb2b1/1wbww3/wbwb4/w2wwbbb/1b3w2/bw3b2/wb2w1w1/1bw1b1w1 w,"(1, 1)",50
b1bb2b1/1wbww3/wbwb4/w2wwbbb/1b3w2/bw3b2/wb2w1w1/1bw1b1w1 b,"(2, 1)",-50
bwbb2b1/1wbww3/wbwb4/w1bwwbbb/1b3w2/bw3b2/wb2w1w1/1bw1b1w1 w,"(3, 4)",100,1
2wb1w2/7w/1w1w1bb1/wbwbbb1b/1bb2wbb/b5ww/6wb/wwwbw2b w,"(4, 8)",50
2wb1w2/7w/1w1w1bb1/wbwbbb1b/1bb2wbb/b5ww/6wb/wwwbw2b b,"(5, 2)",-100,-1
1w1bbbw1/b1b5/wb2b2w/1w4w1/1b2ww2/1w1w1wb1/1w2bb2/1b1bwbbw b,"(1, 4)",-50
1wbbbbw1/b1b5/wb2b2w/ww4w1/1b2ww2/1w1w1wb1/1w2bb2/1b1bwbbw w,"(3, 1)",100,1
2bw3w/wwb1wwb1/1bw3ww/1bw3w1/b1b5/2b2b2/4bbbb/1b1bwww1 w,"(5, 7)",100,1
wbb3b1/4b3/5b1w/3ww3/b1bb2w1/w3w3/1w2b1b1/3w2bw w,"(4, 5)",50
wbb3b1/4b3/5b1w/3ww3/b1bb2w1/w3w3/1w2b1b1/3w2bw b,"(4, 3)",50
wbb3b1/4b3/3w1b1w/3ww3/bbbb2w1/w3w3/1w2b1b1/3w2bw w,"(2, 5)",100,1
8/8/1b1b4/2w1wb2/2b3ww/b2w2w1/1b1b1b2/2w5 w,"(3, 5)",0
8/8/1b1b4/2w1wb2/2b3ww/b2w2w1/1b1b1b2/2w5 b,"(4, 4)",-50
8/8/1b1b4/2wwwb2/2b1b1ww/b2w2w1/1b1b1b2/2w5 w,"(5, 5)",-50
8/8/1b1b4/2wwwb2/2b1b1ww/b2w2w1/1b1b1b2/2w5 b,"(2, 4)",-100,-1
3b3b/1b1w1w2/7w/bbb2bbw/1bww1w1w/w7/8/bb5w b,"(2, 3)",-50
3b3b/1b1w1w2/1w5w/bbbb1bbw/1bww1w1w/w7/8/bb5w w,"(4, 4)",100,1
5b2/4w3/4b3/w3b2w/3b4/5b1b/1wb3w1/7w w,"(4, 5)",0
5b2/4w3/4b3/w3b2w/3b4/5b1b/1wb3w1/7w b,"(3, 5)",0
5b2/4w3/4b3/w3b2w/2wb4/3b1b1b/1wb3w1/7w w,"(4, 6)",0
5b2/4w3/4b3/w3b2w/2wb4/3b1b1b/1wb3w1/7w b,"(3, 4)",0
5b2/4w3/4b3/w1wbb2w/2wb4/3b1b1b/1wb3w1/7w w,"(4, 4)",50
5b2/4w3/4b3/w1wbb2w/2wb4/3b1b1b/1wb3w1/7w b,"(4, 3)",-50
5b2/4w3/3wb3/w1wbb2w/1bwb4/3b1b1b/1wb3w1/7w w,"(2, 5)",50
5b2/4w3/3wb3/w1wbb2w/1bwb4/3b1b1b/1wb3w1/7w b,"(5, 5)",50
5b2/4w3/3wb3/w1wbb2w/1bwbw3/3b1b1b/1wbb2w1/7w w,"(4, 7)",100,1
1b1w1wbb/1wb1b1bw/4wbw1/1bwww3/2b4b/bw3b2/1b1w1wb1/2b2ww1 w,"(3, 5)",50
1b1w1wbb/1wb1b1bw/4wbw1/1bwww3/2b4b/bw3b2/1b1w1wb1/2b2ww1 b,"(6, 4)",-100,-1
3w4/4b2b/7b/2w3bb/1w1w4/3w3w/3b2b1/3w1b2 w,"(4, 7)",50
3w4/4b2b/7b/2w3bb/1w1w4/3w3w/3b2b1/3w1b2 b,"(8, 1)",50
3w3w/4b2b/7b/2w3bb/1w1w3b/3w3w/3b2b1/3w1b2 w,"(8, 5)",100,1
b1b2www/3wbwbw/1b1b2w1/1bb5/1b1w1w1w/4b2w/b2b4/8 w,"(2, 5)",100,1
7b/1w3b2/1b4ww/ww1b1b1b/3b4/5b2/1b1w2w1/2w5 b,"(3, 4)",0
7b/1w3b2/1b4ww/wwwbbb1b/3b4/5b2/1b1w2w1/2w5 w,"(5, 4)",50
7b/1w3b2/1b4ww/wwwbbb1b/3b4/5b2/1b1w2w1/2w5 b,"(3, 6)",-50
7b/1w3b2/1b4ww/wwwbbb1b/1b1b4/2w2b2/1b1w2w1/2w5 w,"(2, 5)",50
7b/1w3b2/1b4ww/wwwbbb1b/1b1b4/2w2b2/1b1w2w1/2w5 b,"(7, 4)",1
7b/1w3b2/1b4ww/wwwbbbwb/1b1bb3/2w2b2/1b1w2w1/2w5 w,"(5, 5)",50
7b/1w3b2/1b4ww/wwwbbbwb/1b1bb3/2w2b2/1b1w2w1/2w5 b,"(3, 3)",-50
7b/1w3b2/1bw3ww/wwwbbbwb/1bbbb3/2w2b2/1b1w2w1/2w5 w,"(3, 5)",100,1
8/w3b3/8/8/8/8/3b4/8 b,"(5, 5)",0
8/w3b3/8/8/3bw3/8/3b4/8 w,"(4, 5)",0
8/w3b3/8/8/3bw3/8/3b4/8 b,"(5, 4)",0
8/w3b3/8/3bw3/3bw3/8/3b4/8 w,"(4, 4)",50
8/w3b3/8/3bw3/3bw3/8/3b4/8 b,"(3, 5)",50
8/w3b3/8/3bw3/2wbw3/3b4/3b4/8 w,"(4, 6)",100,1
1w2ww1b/1w2w3/2w1bb2/b3bww1/w4b2/b3b3/3w3w/bb2b2b b,"(5, 5)",-50
1w2ww1b/1w2w3/2w1bb2/b2bbww1/w3wb2/b3b3/3w3w/bb2b2b w,"(4, 4)",50
1w2ww1b/1w2w3/2w1bb2/b2bbww1/w3wb2/b3b3/3w3w/bb2b2b b,"(3, 4)",-50
1w2ww1b/1w2w3/2wbbb2/b1wbbww1/w3wb2/b3b3/3w3w/bb2b2b w,"(4, 3)",50
1w2ww1b/1w2w3/2wbbb2/b1wbbww1/w3wb2/b3b3/3w3w/bb2b2b b,"(3, 2)",-50
1wb1ww1b/1ww1w3/2wbbb2/b1wbbww1/w3wb2/b3b3/3w3w/bb2b2b w,"(3, 1)",50
1wb1ww1b/1ww1w3/2wbbb2/b1wbbww1/w3wb2/b3b3/3w3w/bb2b2b b,"(3, 5)",-100,-1
8/8/1b1ww3/6w1/3b1bb1/8/w7/6b1 w,"(4, 5)",50
8/8/1b1ww3/6w1/3b1bb1/8/w7/6b1 b,"(5, 5)",0
8/8/1b1ww3/3b2w1/3bwbb1/8/w7/6b1 w,"(4, 4)",0
8/8/1b1ww3/3b2w1/3bwbb1/8/w7/6b1 b,"(5, 4)",-50
8/4b3/1b1ww3/3bw1w1/3bwbb1/8/w7/6b1 w,"(5, 2)",-50
8/4b3/1b1ww3/3bw1w1/3bwbb1/8/w7/6b1 b,"(5, 6)",-100,-1
b1w1b2w/b1b5/3w2bw/5ww1/2b5/3b2bw/1b1b1b2/2bwww1w w,"(3, 8)",-50
b1w1b2w/b1b5/3w2bw/5ww1/2b5/3b2bw/1b1b1b2/2bwww1w b,"(7, 8)",-100,-1
w1b2b2/5w1w/2b1w2b/2w3bw/b1bbw3/5b2/2b1wb2/3wwwb1 b,"(2, 5)",-50
w1b2b2/5w1w/2b1w2b/2w3bw/bwbbw3/5b2/2b1wb2/2bwwwb1 w,"(3, 8)",50
w1b2b2/5w1w/2b1w2b/2w3bw/bwbbw3/5b2/2b1wb2/2bwwwb1 b,"(3, 6)",-50
w1b2b2/5w1w/2b1w2b/2w3bw/bwbbw3/2w2b2/2bbwb2/2bwwwb1 w,"(4, 7)",50
w1b2b2/5w1w/2b1w2b/2w3bw/bwbbw3/2w2b2/2bbwb2/2bwwwb1 b,"(5, 6)",-100,-1
bwbw4/w3wbwb/2bw4/bw1b3w/w2b2w1/1b5b/3b4/8 w,"(4, 4)",50
bwbw4/w3wbwb/2bw4/bw1b3w/w2b2w1/1b5b/3b4/8 b,"(2, 2)",-50
bwbw4/ww2wbwb/1bbw4/bw1b3w/w2b2w1/1b5b/3b4/8 w,"(2, 3)",50
bwbw4/ww2wbwb/1bbw4/bw1b3w/w2b2w1/1b5b/3b4/8 b,"(4, 6)",0
bwbw4/ww2wbwb/1bbw4/bw1bb2w/w2b2w1/1b1w3b/3b4/8 w,"(5, 4)",0
bwbw4/ww2wbwb/1bbw4/bw1bb2w/w2b2w1/1b1w3b/3b4/8 b,"(3, 4)",-50
bwbw4/ww2wbwb/1bbw4/bwwbb2w/wb1b2w1/1b1w3b/3b4/8 w,"(2, 5)",50
bwbw4/ww2wbwb/1bbw4/bwwbb2w/wb1b2w1/1b1w3b/3b4/8 b,"(3, 6)",-50
bwbw4/ww2wbwb/1bbwb3/bwwbb2w/wb1b2w1/1bww3b/3b4/8 w,"(5, 3)",50
bwbw4/ww2wbwb/1bbwb3/bwwbb2w/wb1b2w1/1bww3b/3b4/8 b,"(3, 5)",-50
bwbw4/ww2wbwb/bbbwb3/bwwbb2w/wbwb2w1/1bww3b/3b4/8 w,"(1, 3)",50
bwbw4/ww2wbwb/bbbwb3/bwwbb2w/wbwb2w1/1bww3b/3b4/8 b,"(3, 7)",-100,-1
7b/6bw/b1b1b2w/1b1wwb2/1w1bb1wb/4w3/bb2w2w/3w1bww w,"(5, 5)",-50
7b/6bw/b1b1b2w/1b1wwb2/1w1bb1wb/4w3/bb2w2w/3w1bww b,"(6, 6)",-100,-1
3wwb1b/b1bw1bb1/2b3w1/bbbb1b1w/1b2w2w/w1wb2w1/ww1b2bw/w1w5 w,"(1, 4)",100,1
8/1w3w2/2bb4/3b1b2/4b3/1w1w2b1/2b2w2/6w1 b,"(5, 4)",50
8/1w3w2/2bb4/3bwb2/4b3/1w1w1bb1/2b2w2/6w1 w,"(6, 6)",100,1
bw1b1bbb/3bw1w1/bbw3b1/w1w2www/w2w2wb/1b1bb3/wb4w1/b4bw1 b,"(1, 6)",-100,-1
w7/8/w7/8/2b4b/5w2/1b6/6b1 b,"(5, 5)",0
w7/8/w7/4b3/2b1w2b/5w2/1b6/6b1 w,"(5, 4)",0
w7/8/w7/4b3/2b1w2b/5w2/1b6/6b1 b,"(4, 4)",-50
w7/8/w1b5/3wb3/2b1w2b/5w2/1b6/6b1 w,"(3, 3)",-50
w7/8/w1b5/3wb3/2b1w2b/5w2/1b6/6b1 b,"(7, 7)",-100,-1
8/6w1/1wb5/4w3/8/8/1b4b1/bbw5 b,"(3, 4)",0
8/6w1/1wb5/2w1w3/2b5/8/1b4b1/bbw5 w,"(3, 5)",0
8/6w1/1wb5/2w1w3/2b5/8/1b4b1/bbw5 b,"(4, 4)",-50
8/6w1/1wb5/1bwww3/2b5/8/1b4b1/bbw5 w,"(2, 4)",-50
8/6w1/1wb5/1bwww3/2b5/8/1b4b1/bbw5 b,"(6, 4)",-100,-1
wwb5/1wb1bw2/8/b6w/wbb4b/2b4w/8/8 b,"(4, 7)",1
wwb5/1wb1bw2/8/b3b2w/wbb4b/2b4w/3w4/8 w,"(5, 4)",1
wwb5/1wb1bw2/8/b3b2w/wbb4b/2b4w/3w4/8 b,"(4, 4)",-50
wwb5/1wb1bw2/2b5/b2wb2w/wbb4b/2b4w/3w4/8 w,"(3, 3)",50
wwb5/1wb1bw2/2b5/b2wb2w/wbb4b/2b4w/3w4/8 b,"(4, 5)",-50
wwb5/1wb1bw2/2b5/b1bwb2w/wbbw3b/2b4w/3w4/8 w,"(3, 4)",100,1
8/8/8/2wb4/8/1b6/8/b1w5 w,"(4, 4)",0
8/8/8/2wb4/8/1b6/8/b1w5 b,"(5, 4)",0
8/8/3b4/2wbw3/8/1b6/8/b1w5 w,"(4, 3)",0
8/8/3b4/2wbw3/8/1b6/8/b1w5 b,"(5, 5)",0
8/8/3b4/2wbw3/3bw3/1b6/8/b1w5 w,"(4, 5)",50
8/8/3b4/2wbw3/3bw3/1b6/8/b1w5 b,"(4, 2)",50
8/3w4/3b4/2wbw3/3bw3/1b1b4/8/b1w5 w,"(4, 6)",100,1
b2w1b1b/8/3bw2b/2www1b1/bbb1b3/1b2b1b1/www2bww/w3w1w1 b,"(2, 4)",-100,-1
w1b4b/w2b2w1/bwbw1w2/bw1b1ww1/3bbbb1/4w1b1/4wbww/2b2b1w w,"(5, 5)",100,1
b3b3/8/8/1ww5/1b2w3/8/1b1b4/5w2 b,"(4, 4)",-50
b3b3/8/8/bwww4/1b2w3/8/1b1b4/5w2 w,"(1, 4)",50
b3b3/8/8/bwww4/1b2w3/8/1b1b4/5w2 b,"(3, 6)",-50
b3b3/8/8/bwwwb3/1b2w3/2w5/1b1b4/5w2 w,"(5, 4)",0
b3b3/8/8/bwwwb3/1b2w3/2w5/1b1b4/5w2 b,"(4, 5)",0
b3b3/8/8/bwwwb3/1b1ww3/2w1b3/1b1b4/5w2 w,"(5, 6)",0
b3b3/8/8/bwwwb3/1b1ww3/2w1b3/1b1b4/5w2 b,"(3, 5)",-50
b3b3/8/2b5/bwwwb3/1bwww3/2w1b3/1b1b4/5w2 w,"(3, 3)",-50
b3b3/8/2b5/bwwwb3/1bwww3/2w1b3/1b1b4/5w2 b,"(3, 7)",-100,-1
1wb1ww2/3b1wb1/2w2wb1/b1b2bbb/4ww1b/2b3ww/b1wb1wb1/3w2bw b,"(2, 5)",50
1wb1ww2/3b1wb1/2w1bwb1/b1b2bbb/1w2ww1b/2b3ww/b1wb1wb1/3w2bw w,"(5, 3)",100,1
bb6/5b1w/6w1/8/1b2w3/3w4/b2w1b1w/b1bw4 b,"(4, 5)",-100,-1
8/1w6/5b2/8/8/b4w2/b7/8 b,"(4, 4)",0
8/1w6/5b2/3w4/2b5/b4w2/b7/8 w,"(3, 5)",0
8/1w6/5b2/3w4/2b5/b4w2/b7/8 b,"(4, 3)",0
8/1w6/3w1b2/2bw4/2b5/b4w2/b7/8 w,"(3, 4)",0
8/1w6/3w1b2/2bw4/2b5/b4w2/b7/8 b,"(4, 5)",-50
8/1w1b4/3w1b2/2bw4/2bw4/b4w2/b7/8 w,"(4, 2)",-50
8/1w1b4/3w1b2/2bw4/2bw4/b4w2/b7/8 b,"(4, 6)",-100,-1
bb1w1w2/w2bwwb1/2ww2bw/b1b1w3/ww3b2/b2bw1w1/3b1bw1/b2bbw1b b,"(4, 5)",-50
bb1w1w2/w2bwwb1/2ww2bw/b1bbw3/ww1w1b2/b2bw1w1/3b1bw1/b2bbw1b w,"(4, 4)",50
bb1w1w2/w2bwwb1/2ww2bw/b1bbw3/ww1w1b2/b2bw1w1/3b1bw1/b2bbw1b b,"(2, 4)",-50
bb1w1w2/w2bwwb1/2ww2bw/bwbbw3/wwbw1b2/b2bw1w1/3b1bw1/b2bbw1b w,"(3, 5)",1
bb1w1w2/w2bwwb1/2ww2bw/bwbbw3/wwbw1b2/b2bw1w1/3b1bw1/b2bbw1b b,"(5, 5)",-50
bb1w1w2/w2bwwb1/2wwb1bw/bwbbw3/wwbwwb2/b2bw1w1/3b1bw1/b2bbw1b w,"(5, 3)",50
bb1w1w2/w2bwwb1/2wwb1bw/bwbbw3/wwbwwb2/b2bw1w1/3b1bw1/b2bbw1b b,"(2, 6)",-50
bb1w1w2/w2bwwb1/1bwwb1bw/bwbbw3/wwbwwb2/bw1bw1w1/3b1bw1/b2bbw1b w,"(2, 3)",-50
bb1w1w2/w2bwwb1/1bwwb1bw/bwbbw3/wwbwwb2/bw1bw1w1/3b1bw1/b2bbw1b b,"(2, 7)",-100,-1
3b4/1w6/8/b7/1bbb1w2/4w3/1w3wb1/1b1w4 w,"(3, 5)",50
3b4/1w6/8/b7/1bbb1w2/4w3/1w3wb1/1b1w4 b,"(1, 5)",50
3b4/1w6/8/b7/wbbbbw2/4w3/1w3wb1/1b1w4 w,"(5, 5)",100,1
8/8/8/8/8/8/b7/8 b,"(5, 5)",0
8/8/8/8/2b1w3/8/b7/8 w,"(3, 5)",0
8/8/8/8/2b1w3/8/b7/8 b,"(3, 4)",0
8/8/8/2wb4/2b1w3/8/b7/8 w,"(4, 4)",50
8/8/8/2wb4/2b1w3/8/b7/8 b,"(2, 6)",0
8/8/8/2wbb3/2b1w3/1w6/b7/8 w,"(5, 4)",0
8/8/8/2wbb3/2b1w3/1w6/b7/8 b,"(5, 6)",0
8/8/8/2wbbb2/2b1w3/1w2w3/b7/8 w,"(6, 4)",50
8/8/8/2wbbb2/2b1w3/1w2w3/b7/8 b,"(7, 4)",1
8/8/8/2wbbbw1/2b1w3/1w1bw3/b7/8 w,"(4, 6)",1
8/8/8/2wbbbw1/2b1w3/1w1bw3/b7/8 b,"(4, 5)",-50
8/8/1b6/2wbbbw1/2bww3/1w1bw3/b7/8 w,"(2, 3)",-50
8/8/1b6/2wbbbw1/2bww3/1w1bw3/b7/8 b,"(6, 7)",-100,-1
wbwb2b1/w6b/www4b/b2b1b2/bw5b/1b4w1/b1b1www1/b2w1wbw b,"(1, 6)",-50
wbwb2b1/w6b/www4b/b2b1b2/bwb4b/wb4w1/b1b1www1/b2w1wbw w,"(3, 5)",100,1
2w4w/7b/8/3b4/2b1b3/1b4w1/3w1b1w/1b2w3 w,"(4, 4)",50
2w4w/7b/8/3b4/2b1b3/1b4w1/3w1b1w/1b2w3 b,"(1, 7)",50
2w4w/7b/4b3/3b4/2b1b3/1b4w1/w2w1b1w/1b2w3 w,"(5, 3)",100,1
1w1w1w2/2b2w1b/1w3w1w/b3bbww/1wb5/1bw2b2/bbbbw1b1/2w3b1 w,"(1, 7)",100,1
8/6bb/bw6/w1bb1w1b/4b3/8/2wwbw2/7w b,"(4, 3)",0
8/6bb/bw1w4/w1bb1w1b/4b3/3b4/2wwbw2/7w w,"(4, 6)",0
8/6bb/bw1w4/w1bb1w1b/4b3/3b4/2wwbw2/7w b,"(4, 5)",0
8/6bb/bw1w4/w1bbbw1b/3wb3/3b4/2wwbw2/7w w,"(5, 4)",50
8/6bb/bw1w4/w1bbbw1b/3wb3/3b4/2wwbw2/7w b,"(2, 4)",50
8/6bb/bw1w4/wwbbbw1b/3wb3/3bb3/2wwbw2/7w w,"(5, 6)",100,1
wbww4/bb2b3/w1w1w3/b1bw1w1b/1wwbb1w1/b1b3b1/2bw3b/b1w1wwb1 w,"(2, 2)",50
wbww4/bb2b3/w1w1w3/b1bw1w1b/1wwbb1w1/b1b3b1/2bw3b/b1w1wwb1 b,"(2, 3)",-50
wbww4/bb2b3/www1w3/b1bw1w1b/1wwbb1w1/bbb3b1/2bw3b/b1w1wwb1 w,"(2, 6)",50
wbww4/bb2b3/www1w3/b1bw1w1b/1wwbb1w1/bbb3b1/2bw3b/b1w1wwb1 b,"(2, 7)",-50
wbww4/bb1bb3/www1w3/b1bw1w1b/1wwbb1w1/bbb3b1/1wbw3b/b1w1wwb1 w,"(4, 2)",50
wbww4/bb1bb3/www1w3/b1bw1w1b/1wwbb1w1/bbb3b1/1wbw3b/b1w1wwb1 b,"(3, 2)",-50
wbww4/bbwbb3/wwwbw3/b1bw1w1b/1wwbb1w1/bbb3b1/1wbw3b/b1w1wwb1 w,"(4, 3)",50
wbww4/bbwbb3/wwwbw3/b1bw1w1b/1wwbb1w1/bbb3b1/1wbw3b/b1w1wwb1 b,"(4, 6)",-50
wbww4/bbwbb3/wwwbw3/bbbw1w1b/1wwbb1w1/bbbw2b1/1wbw3b/b1w1wwb1 w,"(2, 4)",50
wbww4/bbwbb3/wwwbw3/bbbw1w1b/1wwbb1w1/bbbw2b1/1wbw3b/b1w1wwb1 b,"(4, 8)",-100,-1
4wbwb/1b4w1/wwwbw3/1b1b1b1w/1bb1wwbb/w4wb1/3bw3/wb4b1 w,"(4, 4)",50
4wbwb/1b4w1/wwwbw3/1b1b1b1w/1bb1wwbb/w4wb1/3bw3/wb4b1 b,"(7, 7)",-50
4wbwb/1b4w1/wwwbw3/1bbb1b1w/1bb1wwbb/w4wb1/3bw1w1/wb4b1 w,"(3, 4)",50
4wbwb/1b4w1/wwwbw3/1bbb1b1w/1bb1wwbb/w4wb1/3bw1w1/wb4b1 b,"(1, 4)",-50
4wbwb/1b4w1/wwwbw3/wbbb1b1w/bbb1wwbb/w4wb1/3bw1w1/wb4b1 w,"(1, 5)",50
4wbwb/1b4w1/wwwbw3/wbbb1b1w/bbb1wwbb/w4wb1/3bw1w1/wb4b1 b,"(4, 5)",-50
4wbwb/1b2b1w1/wwwbw3/wbbb1b1w/bbbwwwbb/w4wb1/3bw1w1/wb4b1 w,"(5, 2)",100,1
wbb3w1/w1bw1bww/3bb3/3w4/2b2b2/6b1/2bw1ww1/w5bb b,"(5, 4)",-50
wbb3w1/w1bw1bww/3bb3/3ww3/2bb1b2/6b1/2bw1ww1/w5bb w,"(4, 5)",50
wbb3w1/w1bw1bww/3bb3/3ww3/2bb1b2/6b1/2bw1ww1/w5bb b,"(5, 5)",-50
wbb3w1/w1bw1bww/3bb3/3ww3/2bbwb2/6b1/2bwbww1/w5bb w,"(5, 7)",-50
wbb3w1/w1bw1bww/3bb3/3ww3/2bbwb2/6b1/2bwbww1/w5bb b,"(6, 6)",-100,-1
5b2/4b3/8/8/8/b2w3w/8/8 b,"(4, 4)",0
5b2/4b3/8/2bw4/8/b2w3w/8/8 w,"(3, 4)",50
5b2/4b3/8/2bw4/8/b2w3w/8/8 b,"(4, 3)",-50
5b2/4b3/3w4/2bwb3/8/b2w3w/8/8 w,"(5, 4)",-50
5b2/4b3/3w4/2bwb3/8/b2w3w/8/8 b,"(4, 5)",-100,-1
5wb1/6w1/4b1b1/3w1b2/b1bb1w2/6w1/ww2b3/4w1b1 w,"(3, 5)",50
5wb1/6w1/4b1b1/3w1b2/b1bb1w2/6w1/ww2b3/4w1b1 b,"(4, 3)",-50
5wb1/6w1/3wb1b1/3w1b2/bbbb1w2/6w1/ww2b3/4w1b1 w,"(2, 5)",100,1
w7/8/2w2b2/w2w4/3b1wb1/b6b/3b4/8 w,"(4, 5)",-50
w7/8/2w2b2/w2w4/3b1wb1/b6b/3b4/8 b,"(2, 2)",-100,-1
8/8/8/3b4/8/8/8/8 w,"(4, 4)",0
8/8/8/3b4/8/8/8/8 b,"(3, 4)",0
8/8/3b4/2wb4/8/8/8/8 w,"(4, 3)",0
8/8/3b4/2wb4/8/8/8/8 b,"(5, 5)",0
8/8/3b4/2wb4/3bw3/8/8/8 w,"(4, 5)",50
8/8/3b4/2wb4/3bw3/8/8/8 b,"(4, 2)",50
8/3w4/3b4/2wb4/3bw3/3b4/8/8 w,"(4, 6)",100,1
3wb1bw/2w1wbbb/b2b4/b2b2w1/1b1wb2w/ww1bww2/w2b3w/b1wbw2b b,"(3, 6)",-50
3wb1bw/2w1wbbb/b2bb3/b2b2w1/1b1wb2w/wwwbww2/w2b3w/b1wbw2b w,"(5, 3)",100,1
3bww1b/1ww2bbw/1b3bww/bb3bbw/bw3wb1/b1b1w3/bwbw2w1/1b1ww3 w,"(1, 5)",100,1
bwwwbb1w/1w1b1ww1/2b1w1b1/bw3bwb/wbb1wb1b/1b6/1w1b1w2/b3w3 w,"(1, 1)",50
bwwwbb1w/1w1b1ww1/2b1w1b1/bw3bwb/wbb1wb1b/1b6/1w1b1w2/b3w3 b,"(2, 3)",-100,-1
3w4/2b5/1wbb4/2wbw3/1w5w/b4b1b/8/1wbw2b1 w,"(4, 4)",50
3w4/2b5/1wbb4/2wbw3/1w5w/b4b1b/8/1wbw2b1 b,"(4, 5)",-50
3w4/b1b5/1wbb4/2wbw3/1w1w3w/b4b1b/8/1wbw2b1 w,"(1, 2)",50
3w4/b1b5/1wbb4/2wbw3/1w1w3w/b4b1b/8/1wbw2b1 b,"(5, 5)",-50
3w4/b1b5/1wbb4/2wbw3/1wbww2w/b4b1b/8/1wbw2b1 w,"(3, 5)",-50
3w4/b1b5/1wbb4/2wbw3/1wbww2w/b4b1b/8/1wbw2b1 b,"(5, 6)",-100,-1
1w2bwbw/wb4b1/1w1b4/bwww2b1/1b2w2b/1b1b3w/1w6/b1w1b1wb w,"(1, 4)",50
1w2bwbw/wb4b1/1w1b4/bwww2b1/1b2w2b/1b1b3w/1w6/b1w1b1wb b,"(4, 5)",-100,-1
8/7w/5wb1/1wb5/2b5/8/2wb4/5b2 w,"(3, 5)",0
8/7w/5wb1/1wb5/2b5/8/2wb4/5b2 b,"(5, 4)",0
8/7w/3b1wb1/1wb1w3/2b5/8/2wb4/5b2 w,"(4, 3)",0
8/7w/3b1wb1/1wb1w3/2b5/8/2wb4/5b2 b,"(4, 4)",0
8/7w/3b1wb1/1wbww3/2b1b3/8/2wb4/5b2 w,"(5, 5)",0
8/7w/3b1wb1/1wbww3/2b1b3/8/2wb4/5b2 b,"(4, 5)",-50
8/7w/3b1wb1/1wbww3/2bwb3/2b5/2wb4/5b2 w,"(3, 6)",50
8/7w/3b1wb1/1wbww3/2bwb3/2b5/2wb4/5b2 b,"(3, 3)",-50
8/7w/2wb1wb1/1wbww3/2bwb3/2b1b3/2wb4/5b2 w,"(5, 6)",-50
8/7w/2wb1wb1/1wbww3/2bwb3/2b1b3/2wb4/5b2 b,"(7, 2)",-100,-1
1w6/2b5/1w1wwb2/2b1b3/b3w3/b7/1b6/1w6 w,"(3, 4)",-50
1w6/2b5/1w1wwb2/2b1b3/b3w3/b7/1b6/1w6 b,"(3, 3)",-100,-1
8/8/2b5/8/8/8/8/8 b,"(3, 4)",0
8/8/2b5/2wb4/8/8/8/8 w,"(4, 4)",0
8/8/2b5/2wb4/8/8/8/8 b,"(5, 5)",0
8/8/2b5/2wb4/4w3/3b4/8/8 w,"(4, 6)",0
8/8/2b5/2wb4/4w3/3b4/8/8 b,"(4, 5)",0
8/8/2bb4/2wb4/3ww3/3b4/8/8 w,"(4, 3)",0
8/8/2bb4/2wb4/3ww3/3b4/8/8 b,"(5, 6)",-50
8/8/1bbb4/2wb4/3ww3/3bw3/8/8 w,"(2, 3)",50
8/8/1bbb4/2wb4/3ww3/3bw3/8/8 b,"(1, 3)",-50
8/8/wbbbb3/2wb4/3ww3/3bw3/8/8 w,"(5, 3)",100,1
1b2ww1b/1w2bw2/1w5b/1b1w1b1b/b1w4b/8/3w3b/3w4 b,"(5, 3)",-100,-1
w3b1w1/wb5b/2b5/3bwwb1/4b3/1b1w4/bw2ww2/4b3 w,"(4, 4)",100,1
wb2b3/8/bw3b2/1b6/7w/8/8/1w6 b,"(5, 4)",0
wb2b3/8/bw3b2/1b2w3/2b4w/8/8/1w6 w,"(3, 5)",50
wb2b3/8/bw3b2/1b2w3/2b4w/8/8/1w6 b,"(3, 4)",50
wb2b3/8/bw3b2/1bw1w3/2b4w/3b4/8/1w6 w,"(4, 6)",100,1
ww2b3/1b5w/b7/3bbb2/ww6/8/b6b/1w2ww1b w,"(4, 4)",50
ww2b3/1b5w/b7/3bbb2/ww6/8/b6b/1w2ww1b b,"(3, 4)",50
ww2b3/1b5w/b7/2wbbbb1/ww6/8/b6b/1w2ww1b w,"(7, 4)",100,1
1w6/6wb/6w1/b2b4/8/8/1b2bw1w/6b1 b,"(3, 5)",0
1w6/6wb/3b2w1/b2b4/2w5/8/1b2bw1w/6b1 w,"(4, 3)",0
1w6/6wb/3b2w1/b2b4/2w5/8/1b2bw1w/6b1 b,"(5, 4)",0
1w6/6wb/3b2w1/b2bw3/2wb4/8/1b2bw1w/6b1 w,"(4, 5)",50
1w6/6wb/3b2w1/b2bw3/2wb4/8/1b2bw1w/6b1 b,"(4, 2)",50
1w6/3w2wb/3b2w1/b2bw3/2wb4/3b4/1b2bw1w/6b1 w,"(4, 6)",100,1
w7/2b5/b1b5/w2w4/1wb1w3/b6b/3w4/7b w,"(3, 5)",50
w7/2b5/b1b5/w2w4/1wb1w3/b6b/3w4/7b b,"(3, 4)",-50
w7/2b5/b1b5/wbww4/1wb1w3/b6b/3w4/7b w,"(2, 4)",50
w7/2b5/b1b5/wbww4/1wb1w3/b6b/3w4/7b b,"(3, 6)",-100,-1
2w3bw/8/8/4b3/8/4b3/8/8 w,"(5, 4)",0
2w3bw/8/8/4b3/8/4b3/8/8 b,"(5, 5)",0
2w3bw/8/8/4b3/3bw3/4b3/8/8 w,"(4, 5)",0
2w3bw/8/8/4b3/3bw3/4b3/8/8 b,"(4, 6)",0
2w3bw/8/8/2b1b3/3bw3/3wb3/8/8 w,"(3, 4)",50
2w3bw/8/8/2b1b3/3bw3/3wb3/8/8 b,"(2, 3)",50
2w3bw/8/1w6/2b1b3/3bw3/3wb3/5b2/8 w,"(6, 7)",100,1
3w4/4b2w/2b5/4b3/6b1/8/8/5w2 w,"(5, 4)",0
3w4/4b2w/2b5/4b3/6b1/8/8/5w2 b,"(5, 5)",0
3w4/4b2w/2b5/2b1b3/4w1b1/8/8/5w2 w,"(3, 4)",0
3w4/4b2w/2b5/2b1b3/4w1b1/8/8/5w2 b,"(4, 6)",0
3w4/4b2w/2b5/2bbb3/4w1b1/3w4/8/5w2 w,"(4, 4)",50
3w4/4b2w/2b5/2bbb3/4w1b1/3w4/8/5w2 b,"(2, 4)",50
3w4/4b2w/2b5/1wbbbb2/4w1b1/3w4/8/5w2 w,"(6, 4)",100,1
8/1b3bbw/b1w5/1w1w3w/w1b4b/1w1b4/w1b1w1w1/bb2b3 w,"(3, 5)",50
8/1b3bbw/b1w5/1w1w3w/w1b4b/1w1b4/w1b1w1w1/bb2b3 b,"(4, 2)",-100,-1
8/8/2w5/2b5/w3b3/5bwb/1b5w/3b1w2 b,"(4, 5)",0
8/8/2w5/2bb4/w2wb3/5bwb/1b5w/3b1w2 w,"(4, 4)",50
8/8/2w5/2bb4/w2wb3/5bwb/1b5w/3b1w2 b,"(4, 6)",50
8/8/2w5/2bb4/w2wb3/3w1bwb/1b4bw/3b1w2 w,"(7, 7)",100,1
3w2b1/w1bwww2/3www2/4b3/1b1w2b1/bwb5/1b1w2w1/bbbb2b1 w,"(2, 8)",100,1
b7/w7/2b5/b2bb1b1/w7/4w2w/3bw1w1/w1b5 w,"(4, 4)",50
b7/w7/2b5/b2bb1b1/w7/4w2w/3bw1w1/w1b5 b,"(2, 2)",50
b7/ww6/2b5/b2bbbb1/w7/4w2w/3bw1w1/w1b5 w,"(6, 4)",100,1
bwwbw2w/5bbw/4bwww/1w5b/bb1wwbww/1wbb2bb/4b1bw/wb2b3 w,"(4, 1)",50
bwwbw2w/5bbw/4bwww/1w5b/bb1wwbww/1wbb2bb/4b1bw/wb2b3 b,"(4, 7)",-50
bwwbw2w/5bbw/4bwww/1w5b/bbbwwbww/1wbb2bb/3wb1bw/wb2b3 w,"(3, 5)",50
bwwbw2w/5bbw/4bwww/1w5b/bbbwwbww/1wbb2bb/3wb1bw/wb2b3 b,"(4, 4)",-50
bwwbw2w/5bbw/4bwww/1w1w1b1b/bbbwwbww/1wbb2bb/3wb1bw/wb2b3 w,"(6, 4)",50
bwwbw2w/5bbw/4bwww/1w1w1b1b/bbbwwbww/1wbb2bb/3wb1bw/wb2b3 b,"(5, 4)",-50
bwwbw2w/5bbw/4bwww/1wbwwb1b/bbbwwbww/1wbb2bb/3wb1bw/wb2b3 w,"(3, 4)",50
bwwbw2w/5bbw/4bwww/1wbwwb1b/bbbwwbww/1wbb2bb/3wb1bw/wb2b3 b,"(3, 3)",-50
bwwbw2w/1b3bbw/2w1bwww/1wbwwb1b/bbbwwbww/1wbb2bb/3wb1bw/wb2b3 w,"(2, 2)",50
bwwbw2w/1b3bbw/2w1bwww/1wbwwb1b/bbbwwbww/1wbb2bb/3wb1bw/wb2b3 b,"(3, 7)",-50
bwwbw2w/1b1b1bbw/2w1bwww/1wbwwb1b/bbbwwbww/1wbb2bb/2wwb1bw/wb2b3 w,"(4, 2)",50
bwwbw2w/1b1b1bbw/2w1bwww/1wbwwb1b/bbbwwbww/1wbb2bb/2wwb1bw/wb2b3 b,"(5, 2)",-50
bwwbw2w/1b1bwbbw/2w1bwww/1wbwwb1b/bbbwwbww/1wbb1bbb/2wwb1bw/wb2b3 w,"(6, 6)",50
bwwbw2w/1b1bwbbw/2w1bwww/1wbwwb1b/bbbwwbww/1wbb1bbb/2wwb1bw/wb2b3 b,"(5, 6)",-50
bwwbw2w/1b1bwbbw/2w1bwww/1wbwwb1b/bbbwwbww/1wbbwbbb/2wwbbbw/wb2b3 w,"(6, 7)",100,1
8/8/b3w3/8/3b4/8/8/8 w,"(4, 5)",0
8/8/b3w3/8/3b4/8/8/8 b,"(5, 5)",0
8/8/b3w3/3b4/3bw3/8/8/8 w,"(4, 4)",0
8/8/b3w3/3b4/3bw3/8/8/8 b,"(5, 4)",-50
8/4b3/b3w3/3bw3/3bw3/8/8/8 w,"(5, 2)",-50
8/4b3/b3w3/3bw3/3bw3/8/8/8 b,"(5, 6)",-100,-1
8/1b6/8/8/8/7w/8/b7 b,"(3, 4)",0
8/1b6/8/2w1b3/8/7w/8/b7 w,"(5, 4)",0
8/1b6/8/2w1b3/8/7w/8/b7 b,"(4, 3)",0
8/1b6/3w4/2wbb3/8/7w/8/b7 w,"(4, 4)",0
8/1b6/3w4/2wbb3/8/7w/8/b7 b,"(4, 6)",0
8/1b6/3w4/2wbb3/2b5/3w3w/8/b7 w,"(3, 5)",0
8/1b6/3w4/2wbb3/2b5/3w3w/8/b7 b,"(5, 6)",0
8/1b6/3w4/2wbb3/2bb4/3ww2w/8/b7 w,"(4, 5)",0
8/1b6/3w4/2wbb3/2bb4/3ww2w/8/b7 b,"(6, 5)",0
8/1b6/3w4/2wbb3/2bbbw2/3ww2w/8/b7 w,"(5, 5)",50
8/1b6/3w4/2wbb3/2bbbw2/3ww2w/8/b7 b,"(2, 5)",-50
8/1b6/3w4/2wbb3/1wbbbw2/b2ww2w/8/b7 w,"(1, 6)",50
8/1b6/3w4/2wbb3/1wbbbw2/b2ww2w/8/b7 b,"(3, 3)",-50
8/1b2b3/2ww4/2wbb3/1wbbbw2/b2ww2w/8/b7 w,"(5, 2)",50
8/1b2b3/2ww4/2wbb3/1wbbbw2/b2ww2w/8/b7 b,"(5, 3)",-50
8/1b2b3/1bwww3/2wbb3/1wbbbw2/b2ww2w/8/b7 w,"(2, 3)",-50
8/1b2b3/1bwww3/2wbb3/1wbbbw2/b2ww2w/8/b7 b,"(6, 3)",-100,-1
2b1bw2/1wbb3w/4wb2/4ww1b/3b2w1/2wb3b/b3w3/w3b3 w,"(8, 6)",1
2b1bw2/1wbb3w/4wb2/4ww1b/3b2w1/2wb3b/b3w3/w3b3 b,"(4, 4)",-50
2b1bw2/1wbb3w/4wb2/2bwww1b/3b2w1/2wb3b/b3w3/w3b3 w,"(3, 4)",50
2b1bw2/1wbb3w/4wb2/2bwww1b/3b2w1/2wb3b/b3w3/w3b3 b,"(3, 3)",-50
b1b1bw2/1wbb3w/2w1wb2/2bwww1b/3b2w1/2wb3b/b3w3/w3b3 w,"(1, 1)",-50
b1b1bw2/1wbb3w/2w1wb2/2bwww1b/3b2w1/2wb3b/b3w3/w3b3 b,"(5, 5)",-100,-1
8/w7/8/2b5/8/5b2/2w4b/8 w,"(3, 4)",0
8/w7/8/2b5/8/5b2/2w4b/8 b,"(4, 4)",0
8/w7/8/2bw4/4b3/5b2/2w4b/8 w,"(5, 5)",0
8/w7/8/2bw4/4b3/5b2/2w4b/8 b,"(3, 5)",0
8/w7/8/2bwb3/2w1b3/5b2/2w4b/8 w,"(5, 4)",0
8/w7/8/2bwb3/2w1b3/5b2/2w4b/8 b,"(5, 6)",0
8/w7/4b3/2bwb3/2w1b3/4wb2/2w4b/8 w,"(5, 3)",50
8/w7/4b3/2bwb3/2w1b3/4wb2/2w4b/8 b,"(4, 6)",50
8/w3b3/4b3/2bwb3/2w1b3/3wwb2/2w4b/8 w,"(5, 2)",100,1
b1b1bw2/2bwbw1w/1w2bb1b/1w2b2w/1bw1b1wb/4w3/bw1w1b2/3w1bw1 w,"(5, 3)",100,1
b3bww1/1bw1w1b1/2bbb3/1bwb1b1w/3www2/1bbwb1wb/wwb2bw1/5bww w,"(2, 2)",100,1
b3w2w/1w1b1b1b/1bw2bb1/8/ww1bbw2/1bw1b3/8/5w1w b,"(3, 4)",-50
b3w2w/1w1b1b1b/1bw2bb1/2w5/wwbbbw2/1bw1b3/8/5w1w w,"(3, 5)",50
b3w2w/1w1b1b1b/1bw2bb1/2w5/wwbbbw2/1bw1b3/8/5w1w b,"(4, 6)",50
b3w2w/1w1b1b1b/1bw2bb1/2w2b2/wwbbbw2/1bwwb3/8/5w1w w,"(6, 4)",100,1
4w3/b7/3b4/1w1b4/3b4/w7/8/8 w,"(4, 5)",50
4w3/b7/3b4/1w1b4/3b4/w7/8/8 b,"(4, 2)",-50
4w3/b2w4/2bb4/1w1b4/3b4/w7/8/8 w,"(3, 3)",50
4w3/b2w4/2bb4/1w1b4/3b4/w7/8/8 b,"(5, 4)",50
4w3/b2w4/2bb4/1w1bw3/3b4/w2b4/8/8 w,"(4, 6)",100,1
8/8/8/2b5/8/8/8/8 w,"(3, 4)",0
8/8/8/2b5/8/8/8/8 b,"(5, 4)",0
8/8/3b4/2b1w3/8/8/8/8 w,"(4, 3)",0
8/8/3b4/2b1w3/8/8/8/8 b,"(4, 6)",0
8/8/3b4/2b1w3/3b4/3w4/8/8 w,"(4, 5)",0
8/8/3b4/2b1w3/3b4/3w4/8/8 b,"(5, 6)",0
8/8/3b4/2bbw3/3b4/3ww3/8/8 w,"(4, 4)",50
8/8/3b4/2bbw3/3b4/3ww3/8/8 b,"(6, 4)",50
8/3b4/3b4/2bbww2/3b4/3ww3/8/8 w,"(4, 2)",100,1
1bb1bwww/2bwwwb1/3b2b1/1wbwbbb1/2bw1b1b/1b1w3w/3bb1ww/1w3w1w w,"(3, 2)",100,1
1b2bw2/w3bw1w/b1b4w/b7/b1bbw2w/b2w4/4bbww/1b2wwwb w,"(1, 5)",100,1
w2b4/7b/2ww1w2/5b2/6b1/6w1/4b1wb/4b3 b,"(5, 3)",-100,-1
1b4w1/8/8/8/8/8/b7/8 b,"(4, 5)",0
1b4w1/8/8/8/3wb3/8/b7/8 w,"(5, 5)",0
1b4w1/8/8/8/3wb3/8/b7/8 b,"(4, 3)",0
1b4w1/8/3w4/4b3/3wb3/8/b7/8 w,"(5, 4)",0
1b4w1/8/3w4/4b3/3wb3/8/b7/8 b,"(4, 4)",-50
1b4w1/3b4/3w4/3wb3/3wb3/8/b7/8 w,"(4, 2)",-50
1b4w1/3b4/3w4/3wb3/3wb3/8/b7/8 b,"(4, 6)",-100,-1
1w2b1b1/3wbw2/1wbbwbw1/b4bb1/w5bb/1b1b2w1/w5w1/1ww5 w,"(7, 4)",100,1
2wb4/w2bww1b/6bw/1b1bw1b1/w2b4/1w2ww1b/1w1b3b/2b5 w,"(4, 4)",50
2wb4/w2bww1b/6bw/1b1bw1b1/w2b4/1w2ww1b/1w1b3b/2b5 b,"(4, 3)",50
2wb4/w2bww1b/3w2bw/1b1bw1b1/w2b4/1w1bww1b/1w1b3b/2b5 w,"(4, 6)",100,1
7b/w4w2/1wbb4/3b2w1/3b3b/b1b4b/1w4bw/1ww3w1 w,"(4, 5)",50
7b/w4w2/1wbb4/3b2w1/3b3b/b1b4b/1w4bw/1ww3w1 b,"(4, 2)",50
7b/w2w1w2/1wbb4/3b2w1/3b3b/b1bb3b/1w4bw/1ww3w1 w,"(4, 6)",100,1
w4w2/1w1b3w/6b1/bbbww1b1/5bw1/2b2bww/bb1w1w2/w3b1b1 b,"(3, 3)",-100,-1
3b4/1b3b1w/8/1b6/1ww1b3/2b2w2/3w4/1b5w b,"(4, 5)",-50
3b4/1b3b1w/8/1b1b4/1wwwb3/2b2w2/3w4/1b5w w,"(4, 4)",50
3b4/1b3b1w/8/1b1b4/1wwwb3/2b2w2/3w4/1b5w b,"(1, 5)",-100,-1
3bbbb1/4b3/wwb5/2w5/2w5/3b4/7w/ww3b2 w,"(5, 1)",100,1
8/8/8/8/3b4/8/8/8 w,"(4, 5)",0
8/8/8/8/3b4/8/8/8 b,"(4, 4)",0
8/8/8/2bw4/3b4/8/8/8 w,"(3, 4)",0
8/8/8/2bw4/3b4/8/8/8 b,"(4, 3)",0
8/8/3w4/2bw4/3bb3/8/8/8 w,"(5, 5)",0
8/8/3w4/2bw4/3bb3/8/8/8 b,"(3, 5)",0
8/8/3w4/2bw4/2wbb3/4b3/8/8 w,"(5, 6)",50
8/8/3w4/2bw4/2wbb3/4b3/8/8 b,"(2, 3)",50
8/8/1w1w4/2bw4/2wbb3/4b3/5b2/8 w,"(6, 7)",100,1
6w1/2wb1w2/8/8/1w1bb1b1/4b3/2bb4/3w1w2 b,"(6, 5)",0
6w1/2wb1w2/8/3b4/1w1bbwb1/4b3/2bb4/3w1w2 w,"(4, 4)",50
6w1/2wb1w2/8/3b4/1w1bbwb1/4b3/2bb4/3w1w2 b,"(4, 3)",-50
6w1/2wb1w2/3w4/3b4/1w1bbwb1/3bb3/2bb4/3w1w2 w,"(4, 6)",100,1
b4wwb/w5b1/bwwbb3/1bbbbw1b/1ww1b2b/b5wb/w2ww3/wb2ww2 w,"(2, 4)",100,1
8/4w3/1w4b1/6b1/3b1b2/8/8/6w1 w,"(4, 5)",0
8/4w3/1w4b1/6b1/3b1b2/8/8/6w1 b,"(4, 4)",0
8/4w3/1w4b1/3w2b1/3bbb2/8/8/6w1 w,"(5, 5)",50
8/4w3/1w4b1/3w2b1/3bbb2/8/8/6w1 b,"(3, 5)",50
8/4w3/1w4b1/3w2b1/2wbbbb1/8/8/6w1 w,"(7, 5)",100,1
w1w3b1/2w5/w2b1bb1/w2b4/2b1b3/bw2b3/w4b2/w3w3 w,"(4, 3)",50
w1w3b1/2w5/w2b1bb1/w2b4/2b1b3/bw2b3/w4b2/w3w3 b,"(1, 2)",-100,-1
8/8/8/8/6w1/8/5b2/3b4 b,"(4, 5)",0
8/8/8/8/2bw2w1/8/5b2/3b4 w,"(3, 5)",0
8/8/8/8/2bw2w1/8/5b2/3b4 b,"(5, 5)",-50
8/8/8/3b4/2bww1w1/8/5b2/3b4 w,"(4, 4)",-50
8/8/8/3b4/2bww1w1/8/5b2/3b4 b,"(6, 5)",-100,-1
3b4/1wb1bw1b/5b1w/2w2bb1/3b2bw/b2w2b1/1w3w2/w3w3 w,"(6, 3)",100,1
8/7b/w7/4w3/3b4/8/8/3w1bb1 b,"(4, 3)",0
8/7b/w2w4/4w3/3b4/3b4/8/3w1bb1 w,"(4, 6)",0
8/7b/w2w4/4w3/3b4/3b4/8/3w1bb1 b,"(5, 3)",0
8/7b/w2ww3/3bw3/3b4/3b4/8/3w1bb1 w,"(4, 4)",50
8/7b/w2ww3/3bw3/3b4/3b4/8/3w1bb1 b,"(3, 4)",50
8/7b/w2ww3/2wbw3/3b4/3b4/3b4/3w1bb1 w,"(4, 7)",100,1
4bw2/1w6/6b1/8/2w5/8/4b3/5b2 b,"(5, 5)",0
4bw2/1w6/6b1/8/2wbw3/8/4b3/5b2 w,"(4, 5)",0
4bw2/1w6/6b1/8/2wbw3/8/4b3/5b2 b,"(4, 4)",-50
4bw2/1w6/3b2b1/3w4/2wbw3/8/4b3/5b2 w,"(4, 3)",-50
4bw2/1w6/3b2b1/3w4/2wbw3/8/4b3/5b2 b,"(3, 3)",-100,-1
8/8/1b6/8/8/8/8/8 b,"(5, 5)",0
8/8/1b6/2b5/4w3/8/8/8 w,"(3, 4)",0
8/8/1b6/2b5/4w3/8/8/8 b,"(4, 5)",0
8/8/1b6/2b5/3ww3/3b4/8/8 w,"(4, 6)",0
8/8/1b6/2b5/3ww3/3b4/8/8 b,"(4, 3)",0
8/8/1b1wb3/2b5/3ww3/3b4/8/8 w,"(5, 3)",0
8/8/1b1wb3/2b5/3ww3/3b4/8/8 b,"(4, 4)",-50
8/8/1b1wb3/2bw1b2/3ww3/3b4/8/8 w,"(6, 4)",-50
8/8/1b1wb3/2bw1b2/3ww3/3b4/8/8 b,"(4, 2)",-100,-1
2w5/2w5/1b3bwb/7b/3w1b2/8/wbb1b1ww/8 b,"(3, 4)",-50
2w5/2w5/1bb2bwb/2w4b/3w1b2/8/wbb1b1ww/8 w,"(3, 3)",50
2w5/2w5/1bb2bwb/2w4b/3w1b2/8/wbb1b1ww/8 b,"(5, 5)",50
2w5/2w5/1bb2bwb/2w4b/3wwb2/8/wbbbb1ww/8 w,"(4, 7)",100,1
8/8/8/4b3/8/8/8/8 w,"(5, 4)",0
8/8/8/4b3/8/8/8/8 b,"(3, 5)",0
8/8/8/4b3/2w1b3/8/8/8 w,"(5, 5)",0
8/8/8/4b3/2w1b3/8/8/8 b,"(4, 5)",0
8/8/8/3bb3/2wwb3/8/8/8 w,"(4, 4)",0
8/8/8/3bb3/2wwb3/8/8/8 b,"(5, 3)",0
8/8/4w3/2bbb3/2wwb3/8/8/8 w,"(3, 4)",50
8/8/4w3/2bbb3/2wwb3/8/8/8 b,"(2, 4)",50
8/8/4w3/1wbbbb2/2wwb3/8/8/8 w,"(6, 4)",100,1
1b5b/1b6/b1b5/4b1b1/6ww/5w1w/8/w2wbw2 w,"(5, 4)",-50
1b5b/1b6/b1b5/4b1b1/6ww/5w1w/8/w2wbw2 b,"(5, 7)",-100,-1
b1wb2b1/1b1b2w1/1w5b/w7/2w5/2ww1bwb/3w3b/3b4 b,"(2, 5)",-100,-1
2bwbb1b/bw2b2w/ww4w1/bbbb1wb1/1b1w3w/2w1b3/wb1w1w2/8 w,"(2, 4)",100,1
bw4w1/wb1w3b/wwwbbb1b/1b1wbbw1/b1w1b3/w2ww2b/1b1bbw2/5w2 w,"(2, 4)",50
bw4w1/wb1w3b/wwwbbb1b/1b1wbbw1/b1w1b3/w2ww2b/1b1bbw2/5w2 b,"(3, 7)",50
bw4w1/wb1wb2b/wwwbbb1b/1b1wbbw1/b1w1b3/w2ww2b/1bwbbw2/5w2 w,"(5, 2)",100,1
b2bbw2/1b3w2/1w6/1wbb1w1b/1w2bwb1/4w3/b4w1b/1bw4w w,"(2, 2)",50
b2bbw2/1b3w2/1w6/1wbb1w1b/1w2bwb1/4w3/b4w1b/1bw4w b,"(2, 6)",-100,-1
8/8/2b3b1/4b3/8/5ww1/2w2b2/8 b,"(4, 4)",0
8/8/2b3b1/3wb3/4b3/5ww1/2w2b2/8 w,"(5, 5)",0
8/8/2b3b1/3wb3/4b3/5ww1/2w2b2/8 b,"(4, 5)",0
8/8/2bb2b1/3wb3/3wb3/5ww1/2w2b2/8 w,"(4, 3)",0
8/8/2bb2b1/3wb3/3wb3/5ww1/2w2b2/8 b,"(5, 3)",0
8/8/2bbw1b1/3wb3/2bwb3/5ww1/2w2b2/8 w,"(3, 5)",0
8/8/2bbw1b1/3wb3/2bwb3/5ww1/2w2b2/8 b,"(5, 6)",-50
8/8/2bbw1b1/3wb3/2bwb3/3bwww1/2w2b2/8 w,"(4, 6)",50
8/8/2bbw1b1/3wb3/2bwb3/3bwww1/2w2b2/8 b,"(6, 4)",-50
8/8/2bbw1b1/3wbw2/2bwbb2/3bwww1/2w2b2/8 w,"(6, 5)",50
8/8/2bbw1b1/3wbw2/2bwbb2/3bwww1/2w2b2/8 b,"(3, 2)",-50
8/2w5/2bbw1b1/3wbw2/2bwbb2/3bwwwb/2w2b2/8 w,"(8, 6)",1
8/2w5/2bbw1b1/3wbw2/2bwbb2/3bwwwb/2w2b2/8 b,"(3, 4)",-50
8/2w5/1bbbw1b1/2wwbw2/2bwbb2/3bwwwb/2w2b2/8 w,"(2, 3)",50
8/2w5/1bbbw1b1/2wwbw2/2bwbb2/3bwwwb/2w2b2/8 b,"(2, 5)",50
8/2w5/bbbbw1b1/2wwbw2/1wbwbb2/3bwwwb/2w2b2/8 w,"(1, 3)",100,1
bwbb4/bb1bwb1w/1b2wb2/ww3wb1/3b1w1w/w2bw2w/1bw1b3/b1wb2w1 b,"(3, 2)",-50
bwbb4/bbwbwb1w/1b2wb2/wwb2wb1/3b1w1w/w2bw2w/1bw1b3/b1wb2w1 w,"(3, 4)",100,1
b3w2b/1w6/7w/6b1/1b4b1/2wb4/3w4/1b5w b,"(5, 5)",0
b3w2b/1w6/7w/6b1/1b1bw1b1/2wb4/3w4/1b5w w,"(4, 5)",0
b3w2b/1w6/7w/6b1/1b1bw1b1/2wb4/3w4/1b5w b,"(4, 4)",-50
b3w2b/1w6/7w/3wb1b1/1b1bw1b1/2wb4/3w4/1b5w w,"(5, 4)",-50
b3w2b/1w6/7w/3wb1b1/1b1bw1b1/2wb4/3w4/1b5w b,"(3, 3)",-100,-1
8/3b4/b2w3b/2b5/1w2w3/6w1/1b3bw1/8 w,"(3, 4)",0
8/3b4/b2w3b/2b5/1w2w3/6w1/1b3bw1/8 b,"(4, 4)",-50
8/3b4/b2w3b/2bwb3/1w2w3/6w1/1b3bw1/8 w,"(5, 4)",-50
8/3b4/b2w3b/2bwb3/1w2w3/6w1/1b3bw1/8 b,"(6, 6)",-100,-1
4ww2/8/4b3/4b1w1/8/b7/w7/1bb5 w,"(5, 4)",0
4ww2/8/4b3/4b1w1/8/b7/w7/1bb5 b,"(4, 5)",0
4ww2/8/4b3/3bb1w1/3w4/b7/w7/1bb5 w,"(4, 4)",0
4ww2/8/4b3/3bb1w1/3w4/b7/w7/1bb5 b,"(4, 6)",0
4ww2/8/4b3/3bb1w1/3wb3/b2w4/w7/1bb5 w,"(5, 5)",50
4ww2/8/4b3/3bb1w1/3wb3/b2w4/w7/1bb5 b,"(5, 2)",50
4ww2/4w3/4b3/3bb1w1/3wb3/b2wb3/w7/1bb5 w,"(5, 6)",100,1
6ww/b3w1b1/b1bw2bb/b7/b5w1/7b/b2w4/1w1w3w w,"(1, 2)",100,1
2w1ww1b/8/w2w4/4b3/1bw2b2/b2b1b1b/2b1w3/3w4 b,"(4, 1)",-100,-1
3b1w2/b2b1w2/1b3w1w/2w1b1w1/b2b4/8/3b4/4w3 w,"(5, 4)",-50
3b1w2/b2b1w2/1b3w1w/2w1b1w1/b2b4/8/3b4/4w3 b,"(6, 4)",-100,-1
1wbww2b/b7/2w3wb/wb1w1b2/b6w/2wb1w2/3bb2b/2w3b1 w,"(3, 1)",50
1wbww2b/b7/2w3wb/wb1w1b2/b6w/2wb1w2/3bb2b/2w3b1 b,"(3, 5)",-50
1wbww2b/b7/2w3wb/wbbw1b2/b1w4w/2wb1w2/3bb2b/2w3b1 w,"(3, 4)",-50
1wbww2b/b7/2w3wb/wbbw1b2/b1w4w/2wb1w2/3bb2b/2w3b1 b,"(3, 7)",-100,-1
7b/1b6/1ww5/b1w5/4b3/8/b5ww/5wbb b,"(5, 4)",0
7b/1b6/1wwb4/b1w1w3/4b3/8/b5ww/5wbb w,"(4, 3)",0
7b/1b6/1wwb4/b1w1w3/4b3/8/b5ww/5wbb b,"(4, 4)",-50
7b/1b6/1wwb4/bbwww3/4b3/8/b5ww/5wbb w,"(2, 4)",-50
7b/1b6/1wwb4/bbwww3/4b3/8/b5ww/5wbb b,"(6, 4)",-100,-1
8/8/8/8/4b3/8/8/8 b,"(3, 4)",0
8/8/8/2w1b3/4b3/8/8/8 w,"(5, 4)",0
8/8/8/2w1b3/4b3/8/8/8 b,"(4, 4)",0
8/8/3b4/2wwb3/4b3/8/8/8 w,"(4, 3)",0
8/8/3b4/2wwb3/4b3/8/8/8 b,"(4, 6)",0
8/8/3b4/2wwb3/4b3/3wb3/8/8 w,"(5, 6)",50
8/8/3b4/2wwb3/4b3/3wb3/8/8 b,"(5, 3)",50
8/8/3bw3/2wwb3/4b3/3wb3/4b3/8 w,"(5, 7)",100,1
8/2b5/6b1/w5w1/1wbb4/5b2/8/1w6 b,"(4, 3)",0
8/2b5/3w2b1/w5w1/1wbb4/3b1b2/8/1w6 w,"(4, 6)",0
8/2b5/3w2b1/w5w1/1wbb4/3b1b2/8/1w6 b,"(5, 4)",0
8/2b5/3w2b1/w2bw1w1/1wbb4/3b1b2/8/1w6 w,"(4, 4)",50
8/2b5/3w2b1/w2bw1w1/1wbb4/3b1b2/8/1w6 b,"(4, 7)",-50
8/2b5/3w2b1/w2bw1w1/1wbb4/2bb1b2/3w4/1w6 w,"(3, 6)",50
8/2b5/3w2b1/w2bw1w1/1wbb4/2bb1b2/3w4/1w6 b,"(5, 6)",-50
8/2b5/3w2b1/w2bw1w1/1wbb1b2/2bbwb2/3w4/1w6 w,"(6, 5)",50
8/2b5/3w2b1/w2bw1w1/1wbb1b2/2bbwb2/3w4/1w6 b,"(5, 5)",-50
8/2b5/3wb1b1/w2bw1w1/1wbbwb2/2bbwb2/3w4/1w6 w,"(5, 3)",50
8/2b5/3wb1b1/w2bw1w1/1wbbwb2/2bbwb2/3w4/1w6 b,"(2, 6)",-50
8/2b5/3wb1b1/w2bw1w1/1wbbwb2/1wbbwb2/1b1w4/1w6 w,"(2, 7)",50
8/2b5/3wb1b1/w2bw1w1/1wbbwb2/1wbbwb2/1b1w4/1w6 b,"(1, 8)",-50
8/2b5/3wb1b1/w2bw1w1/1wbbwb2/1wbbwb2/1b1wb3/ww6 w,"(5, 7)",50
8/2b5/3wb1b1/w2bw1w1/1wbbwb2/1wbbwb2/1b1wb3/ww6 b,"(2, 4)",-50
8/2b5/1b1wb1b1/ww1bw1w1/1wbbwb2/1wbbwb2/1b1wb3/ww6 w,"(2, 3)",50
8/2b5/1b1wb1b1/ww1bw1w1/1wbbwb2/1wbbwb2/1b1wb3/ww6 b,"(6, 2)",50
8/2b2w2/1b1wb1b1/ww1bw1w1/1wbbwb2/1wbbwb2/1b1wb3/ww3b2 w,"(6, 8)",100,1
3w3b/b1w2w2/3b4/3bb1w1/6w1/bb6/6w1/8 b,"(7, 6)",-100,-1
w1www3/b3bww1/3w3b/2b1b3/b6w/b5b1/w5b1/b2w2b1 b,"(2, 1)",-100,-1
8/8/8/6w1/3bb3/2b5/8/7w w,"(4, 5)",0
8/8/8/6w1/3bb3/2b5/8/7w b,"(4, 3)",0
8/8/3w4/2b3w1/3bb3/2b5/8/7w w,"(3, 4)",0
8/8/3w4/2b3w1/3bb3/2b5/8/7w b,"(4, 4)",0
8/8/3w4/2bwb1w1/3bb3/2b5/8/7w w,"(5, 4)",50
8/8/3w4/2bwb1w1/3bb3/2b5/8/7w b,"(2, 7)",50
8/8/3w1b2/2bwb1w1/3bb3/2b5/1w6/7w w,"(6, 3)",100,1
1w5b/wwb1b3/b7/1wbbw3/b7/4w3/wb6/w4b2 w,"(4, 4)",-50
1w5b/wwb1b3/b7/1wbbw3/b7/4w3/wb6/w4b2 b,"(2, 3)",-100,-1
1b1wb3/w4wb1/1bb1w1bw/3w2w1/6b1/w6w/3wb1b1/b6b b,"(3, 5)",-100,-1
wb5b/wb1w1b2/1b1w2w1/bb1b1b2/2bw4/4ww2/3w2w1/b5wb w,"(2, 3)",100,1
1bbbb1bb/1b4ww/4bw1w/1w4w1/2bw3w/wb6/2wb1wb1/4wb2 w,"(2, 1)",100,1
8/bw6/w2b4/2b5/8/8/8/8 w,"(3, 4)",0
8/bw6/w2b4/2b5/8/8/8/8 b,"(3, 5)",0
8/bw6/w2b4/2b5/2w5/3b4/8/8 w,"(4, 6)",0
8/bw6/w2b4/2b5/2w5/3b4/8/8 b,"(4, 5)",0
8/bw6/w2b4/2b5/2ww4/3bb3/8/8 w,"(5, 6)",0
8/bw6/w2b4/2b5/2ww4/3bb3/8/8 b,"(5, 4)",0
8/bw6/w2bb3/2b1w3/2ww4/3bb3/8/8 w,"(5, 3)",0
8/bw6/w2bb3/2b1w3/2ww4/3bb3/8/8 b,"(5, 5)",-50
8/bw6/w2bb3/2b1w3/1bwww3/3bb3/8/8 w,"(2, 5)",50
8/bw6/w2bb3/2b1w3/1bwww3/3bb3/8/8 b,"(1, 6)",-50
8/bw2b3/w2bb3/2b1w3/1bwww3/w2bb3/8/8 w,"(5, 2)",100,1
bw1bbww1/1ww1w1wb/wbbwww2/1wbb1b2/3w1bbb/bw1b4/1b1bw3/2wb4 w,"(3, 4)",50
bw1bbww1/1ww1w1wb/wbbwww2/1wbb1b2/3w1bbb/bw1b4/1b1bw3/2wb4 b,"(4, 2)",-100,-1
1bww3b/3bw3/2b5/4bw2/w3b3/3w4/2b3b1/3w4 w,"(5, 5)",0
1bww3b/3bw3/2b5/4bw2/w3b3/3w4/2b3b1/3w4 b,"(4, 4)",0
1bww3b/3bw3/2b1b3/3wbw2/w3b3/3w4/2b3b1/3w4 w,"(5, 3)",50
1bww3b/3bw3/2b1b3/3wbw2/w3b3/3w4/2b3b1/3w4 b,"(3, 5)",50
1bww3b/3bw3/2b1b3/3wbw2/w1w1b3/3wb3/2b3b1/3w4 w,"(5, 6)",100,1
3w4/5w1w/7b/2bw4/4b3/4b3/1b6/8 b,"(5, 4)",0
3w4/5w1w/7b/2bww3/3bb3/4b3/1b6/8 w,"(4, 5)",50
3w4/5w1w/7b/2bww3/3bb3/4b3/1b6/8 b,"(2, 3)",50
3w4/5w1w/1w5b/2bww3/3bb3/4b3/1b3b2/8 w,"(6, 7)",100,1
4b3/4b1w1/8/3b1bw1/6w1/1b1w4/8/3b2w1 b,"(7, 3)",-100,-1
3b4/8/8/w7/w2wb1b1/8/7b/8 w,"(5, 5)",0
3b4/8/8/w7/w2wb1b1/8/7b/8 b,"(5, 4)",0
3b4/8/8/w2bw3/w2wb1b1/8/7b/8 w,"(4, 4)",0
3b4/8/8/w2bw3/w2wb1b1/8/7b/8 b,"(4, 3)",0
3b4/8/3w4/w2bw3/w2wb1b1/3b4/7b/8 w,"(4, 6)",0
3b4/8/3w4/w2bw3/w2wb1b1/3b4/7b/8 b,"(5, 3)",0
3b4/8/3ww3/w2bw3/w1bwb1b1/3b4/7b/8 w,"(3, 5)",0
3b4/8/3ww3/w2bw3/w1bwb1b1/3b4/7b/8 b,"(6, 5)",-50
3b4/2b5/3ww3/w2bw3/w1bwbwb1/3b4/7b/8 w,"(3, 2)",-50
3b4/2b5/3ww3/w2bw3/w1bwbwb1/3b4/7b/8 b,"(7, 6)",-100,-1
b1b1wb2/ww1b1b2/2b4w/w1b2b2/bw6/wwb4b/1w2w1b1/4w1wb b,"(2, 4)",-100,-1
7b/7w/5w2/6bw/2b1bbbb/8/w2ww3/8 w,"(5, 5)",100,1
5w2/bb4w1/w4w1b/1bwwb2b/3wbw1w/1bwb4/3b4/bwbw3b w,"(5, 4)",0
5w2/bb4w1/w4w1b/1bwwb2b/3wbw1w/1bwb4/3b4/bwbw3b b,"(3, 5)",-50
5w2/bb4w1/w1b2w1b/1bwwb2b/2wwbw1w/1bwb4/3b4/bwbw3b w,"(3, 3)",-50
5w2/bb4w1/w1b2w1b/1bwwb2b/2wwbw1w/1bwb4/3b4/bwbw3b b,"(3, 7)",-100,-1
2b5/w2ww3/b1b3b1/7w/8/4w1b1/w3bbbb/w3w3 w,"(6, 7)",100,1
ww2b1bw/2b5/4w1ww/1w4b1/w2bbb1w/w3bbb1/1b4b1/3ww1b1 b,"(3, 5)",-50
ww2b1bw/2b5/4w1ww/1w1b2b1/w1wbbb1w/w3bbb1/1b4b1/3ww1b1 w,"(4, 4)",100,1
w1w3b1/4w1b1/w2wwwbw/1b3w2/1bb1b3/3bw2b/bb1w1w2/1bb5 b,"(2, 6)",-50
w1w3b1/4w1b1/w1bwwwbw/1b3w2/1bb1b3/1w1bw2b/bb1w1w2/1bb5 w,"(3, 3)",50
w1w3b1/4w1b1/w1bwwwbw/1b3w2/1bb1b3/1w1bw2b/bb1w1w2/1bb5 b,"(3, 7)",-50
w1w3b1/3bw1b1/w1bwwwbw/1b3w2/1bb1b3/1w1bw2b/bbww1w2/1bb5 w,"(4, 2)",50
w1w3b1/3bw1b1/w1bwwwbw/1b3w2/1bb1b3/1w1bw2b/bbww1w2/1bb5 b,"(1, 5)",-50
w1w3b1/3bw1b1/w1bwwwbw/1b3w2/wbbbb3/1w1bw2b/bbww1w2/1bb5 w,"(4, 5)",100,1
5b2/7b/5b2/1ww1wb2/4w1b1/2w3w1/1bb3bw/8 b,"(4, 4)",-100,-1
5w2/6b1/3b4/3w4/6b1/5b2/5w2/8 b,"(4, 5)",0
5w2/6b1/3b4/3w4/2bw2b1/5b2/5w2/8 w,"(3, 5)",0
5w2/6b1/3b4/3w4/2bw2b1/5b2/5w2/8 b,"(3, 4)",-50
5w2/6b1/3b4/2ww4/2bw2b1/3b1b2/5w2/8 w,"(4, 6)",-50
5w2/6b1/3b4/2ww4/2bw2b1/3b1b2/5w2/8 b,"(5, 6)",-100,-1
2w5/2ww2bb/3w2b1/1wbb1bb1/w3w2b/bbw3w1/bwb4b/2bww2w b,"(3, 3)",-100,-1
3b4/8/5b2/5w2/w4w2/4w2b/6bb/1b3w2 b,"(5, 4)",0
3b4/8/5b2/3bww2/w4w2/4w2b/6bb/1b3w2 w,"(4, 4)",0
3b4/8/5b2/3bww2/w4w2/4w2b/6bb/1b3w2 b,"(5, 5)",-50
3b4/8/4bb2/3bww2/w3ww2/4w2b/6bb/1b3w2 w,"(5, 3)",-50
3b4/8/4bb2/3bww2/w3ww2/4w2b/6bb/1b3w2 b,"(5, 7)",-100,-1
3w1w1b/8/1b6/7w/3b2bb/2w5/8/b1w5 w,"(4, 5)",0
3w1w1b/8/1b6/7w/3b2bb/2w5/8/b1w5 b,"(5, 5)",0
3w1w1b/8/1b6/7w/2bbw1bb/2w5/8/b1w5 w,"(3, 5)",0
3w1w1b/8/1b6/7w/2bbw1bb/2w5/8/b1w5 b,"(3, 4)",0
3w1w1b/8/1b2b3/2w4w/2bbw1bb/2w5/8/b1w5 w,"(5, 3)",0
3w1w1b/8/1b2b3/2w4w/2bbw1bb/2w5/8/b1w5 b,"(5, 4)",0
3w1w1b/8/1b2b3/2wbw2w/2bbw1bb/2w5/8/b1w5 w,"(4, 4)",50
3w1w1b/8/1b2b3/2wbw2w/2bbw1bb/2w5/8/b1w5 b,"(2, 6)",50
3w1w1b/5b2/1b2b3/2wbw2w/2bbw1bb/1ww5/8/b1w5 w,"(6, 2)",100,1
bb2w2w/w2b4/2b2wbw/8/3w1b2/b1w3b1/1b2b2w/w7 w,"(2, 7)",-50
bb2w2w/w2b4/2b2wbw/8/3w1b2/b1w3b1/1b2b2w/w7 b,"(5, 4)",-100,-1
3b1bwb/1w6/b7/2b3w1/3b4/2w5/8/2w5 w,"(3, 4)",0
3b1bwb/1w6/b7/2b3w1/3b4/2w5/8/2w5 b,"(5, 5)",0
3b1bwb/1w6/b2b4/2b3w1/3bw3/2w5/8/2w5 w,"(4, 3)",50
3b1bwb/1w6/b2b4/2b3w1/3bw3/2w5/8/2w5 b,"(4, 4)",-50
3b1bwb/1w6/b1bb4/2bw2w1/3bw3/2w5/8/2w5 w,"(3, 3)",50
3b1bwb/1w6/b1bb4/2bw2w1/3bw3/2w5/8/2w5 b,"(2, 3)",50
3b1bwb/1w2b3/bwbb4/2bw2w1/3bw3/2w5/8/2w5 w,"(5, 2)",100,1
8/8/8/8/2b5/8/8/8 b,"(4, 5)",0
8/8/8/4b3/2bw4/8/8/8 w,"(5, 4)",0
8/8/8/4b3/2bw4/8/8/8 b,"(4, 3)",0
8/8/3w4/2b1b3/2bw4/8/8/8 w,"(3, 4)",0
8/8/3w4/2b1b3/2bw4/8/8/8 b,"(4, 4)",-50
8/3b4/3w4/2bwb3/2bw4/8/8/8 w,"(4, 2)",-50
8/3b4/3w4/2bwb3/2bw4/8/8/8 b,"(4, 6)",-100,-1
b7/8/3w4/7w/3bb3/4w2b/8/3bw3 w,"(5, 5)",0
b7/8/3w4/7w/3bb3/4w2b/8/3bw3 b,"(3, 4)",0
b7/8/3w4/2w4w/2bbb3/4w2b/8/3bw3 w,"(3, 5)",50
b7/8/3w4/2w4w/2bbb3/4w2b/8/3bw3 b,"(2, 5)",-50
b7/8/3w4/2w4w/1wbbb3/b3w2b/8/3bw3 w,"(1, 6)",50
b7/8/3w4/2w4w/1wbbb3/b3w2b/8/3bw3 b,"(5, 2)",-100,-1
w2bb3/7b/2w1w1b1/8/4b1w1/8/b7/bw1w4 w,"(5, 5)",50
w2bb3/7b/2w1w1b1/8/4b1w1/8/b7/bw1w4 b,"(6, 4)",-50
w2bb3/3b3b/2w1w1b1/5w2/4b1w1/8/b7/bw1w4 w,"(4, 2)",-50
w2bb3/3b3b/2w1w1b1/5w2/4b1w1/8/b7/bw1w4 b,"(8, 6)",-100,-1
1ww1wb2/4b1w1/w7/b1b2w2/w1bb3w/1w1b1b1b/4b1b1/3w4 b,"(2, 4)",-50
1ww1wb2/4b1w1/w7/bwb2w2/w1bb3w/1w1b1b1b/2b1b1b1/3w4 w,"(3, 7)",50
1ww1wb2/4b1w1/w7/bwb2w2/w1bb3w/1w1b1b1b/2b1b1b1/3w4 b,"(3, 6)",-50
1wwbwb2/4b1w1/w7/bwb2w2/w1bb3w/1wwb1b1b/2b1b1b1/3w4 w,"(4, 1)",50
1wwbwb2/4b1w1/w7/bwb2w2/w1bb3w/1wwb1b1b/2b1b1b1/3w4 b,"(4, 3)",50
1wwbwb2/4b1w1/w2w4/bwb2w2/w1bb3w/1wwb1b1b/2b1b1b1/3w1b2 w,"(6, 8)",100,1
b7/8/8/1b6/b7/8/8/5ww1 b,"(4, 4)",0
b7/8/8/1b1w4/b2b4/8/8/5ww1 w,"(4, 5)",0
b7/8/8/1b1w4/b2b4/8/8/5ww1 b,"(3, 4)",0
b7/8/8/1bwwb3/b2b4/8/8/5ww1 w,"(5, 4)",0
b7/8/8/1bwwb3/b2b4/8/8/5ww1 b,"(4, 6)",0
b7/8/8/1bwwb3/b2bb3/3w4/8/5ww1 w,"(5, 5)",0
b7/8/8/1bwwb3/b2bb3/3w4/8/5ww1 b,"(3, 5)",-50
b7/8/8/1bwwb3/b1wbb3/3w4/4b3/5ww1 w,"(5, 7)",50
b7/8/8/1bwwb3/b1wbb3/3w4/4b3/5ww1 b,"(5, 6)",0
b7/8/8/1bwwb3/bbwbb3/3ww3/4b3/5ww1 w,"(2, 5)",0
b7/8/8/1bwwb3/bbwbb3/3ww3/4b3/5ww1 b,"(4, 3)",0
b7/8/3wb3/1bwwb3/bbwbb3/3ww3/4b3/5ww1 w,"(5, 3)",50
b7/8/3wb3/1bwwb3/bbwbb3/3ww3/4b3/5ww1 b,"(5, 2)",-50
b7/4w3/3wb3/1bwwb3/bbwbbb2/3ww3/4b3/5ww1 w,"(6, 5)",50
b7/4w3/3wb3/1bwwb3/bbwbbb2/3ww3/4b3/5ww1 b,"(6, 1)",-100,-1
1b6/8/8/8/3b2w1/1w1b4/8/8 w,"(4, 5)",0
1b6/8/8/8/3b2w1/1w1b4/8/8 b,"(4, 4)",0
1b6/8/8/3wb3/3b2w1/1w1b4/8/8 w,"(5, 4)",0
1b6/8/8/3wb3/3b2w1/1w1b4/8/8 b,"(5, 5)",0
1b6/8/4b3/3wb3/3bw1w1/1w1b4/8/8 w,"(5, 3)",0
1b6/8/4b3/3wb3/3bw1w1/1w1b4/8/8 b,"(6, 4)",0
1b6/8/3bb3/3wbw2/3bw1w1/1w1b4/8/8 w,"(4, 3)",50
1b6/8/3bb3/3wbw2/3bw1w1/1w1b4/8/8 b,"(5, 6)",50
1b6/2b5/3bb3/3wbw2/3bw1w1/1w1bw3/8/8 w,"(3, 2)",100,1
4b1w1/b7/5w2/8/8/b7/1w1b4/8 b,"(5, 5)",0
4b1w1/b7/5w2/3b4/4w3/b7/1w1b4/8 w,"(4, 4)",0
4b1w1/b7/5w2/3b4/4w3/b7/1w1b4/8 b,"(3, 4)",0
4b1w1/b7/5w2/2wb4/3bw3/b7/1w1b4/8 w,"(4, 5)",50
4b1w1/b7/5w2/2wb4/3bw3/b7/1w1b4/8 b,"(5, 4)",50
4b1w1/b7/5w2/2wbw3/3bw3/b2b4/1w1b4/8 w,"(4, 6)",100,1
1b4w1/b1b2w2/8/2b4b/5w1w/4w3/1wb5/4bbw1 b,"(4, 4)",-50
1b4w1/b1b2w2/4b3/2bw3b/5w1w/4w3/1wb5/4bbw1 w,"(5, 3)",0
1b4w1/b1b2w2/4b3/2bw3b/5w1w/4w3/1wb5/4bbw1 b,"(4, 5)",-50
1b4w1/b1b2w2/4b3/2bw3b/3w1w1w/4w3/1wb2b2/4bbw1 w,"(6, 7)",0
1b4w1/b1b2w2/4b3/2bw3b/3w1w1w/4w3/1wb2b2/4bbw1 b,"(5, 4)",-50
1b4w1/b1b2w2/4b3/2bww2b/3w1w1w/2b1w3/1wb2b2/4bbw1 w,"(3, 6)",50
1b4w1/b1b2w2/4b3/2bww2b/3w1w1w/2b1w3/1wb2b2/4bbw1 b,"(3, 5)",-50
1b4w1/b1b2w2/4b3/2bww2b/2wwbw1w/2b1w3/1wb2b2/4bbw1 w,"(5, 5)",0
1b4w1/b1b2w2/4b3/2bww2b/2wwbw1w/2b1w3/1wb2b2/4bbw1 b,"(4, 3)",-50
1b4w1/b1bb1w2/3wb3/2bww2b/2wwbw1w/2b1w3/1wb2b2/4bbw1 w,"(4, 2)",50
1b4w1/b1bb1w2/3wb3/2bww2b/2wwbw1w/2b1w3/1wb2b2/4bbw1 b,"(2, 2)",-50
1b4w1/bwbb1w2/3wb3/2bww2b/2wwbw1w/2bbw3/1wb2b2/4bbw1 w,"(4, 6)",50
1b4w1/bwbb1w2/3wb3/2bww2b/2wwbw1w/2bbw3/1wb2b2/4bbw1 b,"(2, 8)",-50
1b4w1/bwbb1w2/3wb3/2bwwb1b/2wwbw1w/2bbw3/1wb2b2/1w2bbw1 w,"(6, 4)",100,1
1w3b2/2b2w2/w7/4b3/5b2/5w2/6bw/7b w,"(5, 4)",50
1w3b2/2b2w2/w7/4b3/5b2/5w2/6bw/7b b,"(4, 5)",50
1w3b2/2b2w2/w2b4/4b3/3w1b2/5w2/6bw/7b w,"(4, 3)",100,1
b1bw1w2/3bw1bw/1w1w3w/1w6/2b2bwb/4w3/bb4wb/bbw1bw1b b,"(3, 4)",-100,-1
3b1b1w/2w2wbb/wb4ww/5b1w/1ww1bb2/b1bb3w/6b1/1b3w1w b,"(2, 6)",-50
3b1b1w/2w2wbb/wb4ww/5b1w/1ww1bb2/bwbb3w/2b3b1/1b3w1w w,"(3, 7)",100,1
3bwwb1/1bb1ww2/3b3b/3wbwww/wbbbw3/8/w2w2bw/3bbb2 b,"(2, 1)",-50
1w1bwwb1/1bb1ww2/3b3b/3wbwww/wbbbw3/8/w2w2bw/2bbbb2 w,"(3, 8)",100,1
ww1bw3/b7/3bbw1w/8/1bb3b1/b7/8/w5w1 b,"(5, 4)",50
ww1bw3/b7/3bbw1w/2b1w3/1bb3b1/b7/8/w5w1 w,"(3, 4)",100,1
1w6/8/1b6/5w2/5b1b/wb6/8/8 b,"(4, 5)",0
1w6/8/1b6/3b1w2/3w1b1b/wb6/8/8 w,"(4, 4)",0
1w6/8/1b6/3b1w2/3w1b1b/wb6/8/8 b,"(5, 5)",0
1w6/8/1b6/3bbw2/3wwb1b/wb6/8/8 w,"(5, 4)",0
1w6/8/1b6/3bbw2/3wwb1b/wb6/8/8 b,"(4, 3)",0
1w6/8/1b1w4/2bbbw2/3wwb1b/wb6/8/8 w,"(3, 4)",50
1w6/8/1b1w4/2bbbw2/3wwb1b/wb6/8/8 b,"(3, 5)",-50
1w6/8/1b1w4/1bbbbw2/2wwwb1b/wb6/8/8 w,"(2, 4)",100,1
1w1wb1w1/wb3b2/w1w4w/ww3b1b/b1bb2wb/b2w1b1b/1w2b3/2b1w3 b,"(1, 1)",-100,-1
4w2w/w1wbwb2/1w2wb2/wbb3b1/1w3wwb/1bbbw2b/1bb4w/1b3wb1 b,"(1, 6)",-50
4w2w/w1wbwb2/1w2wb2/wbb3b1/1wb2wwb/wbbbw2b/1bb4w/1b3wb1 w,"(3, 5)",100,1
1b4w1/1b6/b1b4w/w4w2/7w/5b1b/4ww2/1b4b1 b,"(3, 4)",0
1b4w1/1b6/b1b4w/w1wb1w2/7w/5b1b/4ww2/1b4b1 w,"(4, 4)",50
1b4w1/1b6/b1b4w/w1wb1w2/7w/5b1b/4ww2/1b4b1 b,"(1, 1)",50
wb4w1/1b6/b1b4w/w1wb1w2/4b2w/5b1b/4ww2/1b4b1 w,"(5, 5)",100,1
1w3b2/3b2w1/b2b1ww1/6b1/1w3wbb/2bww1b1/2b3bw/1b1w2w1 w,"(7, 4)",100,1
w1wbw3/1w2wb1w/2bw1bb1/1w6/4ww1w/4b1b1/b4b2/bw3bbb b,"(4, 5)",-50
w1wbw3/1w2wb1w/2bw1bb1/1w6/2bwww1w/4b1b1/b4b2/bw3bbb w,"(3, 5)",50
w1wbw3/1w2wb1w/2bw1bb1/1w6/2bwww1w/4b1b1/b4b2/bw3bbb b,"(5, 8)",-50
w1wbw3/1w2wb1w/2bw1bb1/1w6/2bwwwbw/4b1b1/b4b2/bw2wbbb w,"(7, 5)",50
w1wbw3/1w2wb1w/2bw1bb1/1w6/2bwwwbw/4b1b1/b4b2/bw2wbbb b,"(7, 4)",50
w1wbw3/1w2wb1w/2bw1bb1/1w4w1/2bwwwbw/4b1b1/b4bb1/bw2wbbb w,"(7, 7)",100,1
b1bb1bw1/4b3/w1bw1w2/4w2w/wwb3w1/wb3bb1/2ww2bb/3w1bb1 b,"(1, 4)",-100,-1
8/5wb1/3wb3/1b2w3/2w2wb1/5w2/b2wb3/3bb3 b,"(3, 2)",-100,-1
8/4b1w1/4b1w1/5b1w/3b4/8/8/8 b,"(5, 5)",0
8/4b1w1/4b1w1/3b1b1w/3bw3/8/8/8 w,"(4, 4)",0
8/4b1w1/4b1w1/3b1b1w/3bw3/8/8/8 b,"(4, 3)",0
8/4b1w1/3wb1w1/3bbb1w/3bw3/8/8/8 w,"(5, 4)",50
8/4b1w1/3wb1w1/3bbb1w/3bw3/8/8/8 b,"(3, 4)",50
4b3/4b1w1/3wb1w1/2wbbb1w/3bw3/8/8/8 w,"(5, 1)",100,1
3bb3/8/bww3w1/5b2/w2bw1w1/8/2b1w1b1/5b2 b,"(4, 4)",-50
3bb3/1b6/bww3w1/3w1b2/w2bw1w1/8/2b1w1b1/5b2 w,"(2, 2)",-50
3bb3/1b6/bww3w1/3w1b2/w2bw1w1/8/2b1w1b1/5b2 b,"(6, 6)",-100,-1
4b3/8/8/2b5/8/8/6w1/2b3w1 w,"(3, 4)",0
4b3/8/8/2b5/8/8/6w1/2b3w1 b,"(4, 5)",0
4b3/8/3b4/2b5/3w4/8/6w1/2b3w1 w,"(4, 3)",0
4b3/8/3b4/2b5/3w4/8/6w1/2b3w1 b,"(4, 4)",0
4b3/8/3bb3/2bw4/3w4/8/6w1/2b3w1 w,"(5, 3)",0
4b3/8/3bb3/2bw4/3w4/8/6w1/2b3w1 b,"(5, 4)",0
4b3/8/3bb3/2bww3/3w4/3b4/6w1/2b3w1 w,"(4, 6)",0
4b3/8/3bb3/2bww3/3w4/3b4/6w1/2b3w1 b,"(5, 5)",-50
4b3/8/3bb3/2bwwb2/3ww3/3b4/6w1/2b3w1 w,"(6, 4)",-50
4b3/8/3bb3/2bwwb2/3ww3/3b4/6w1/2b3w1 b,"(6, 6)",-100,-1
8/2b5/4w3/7w/8/8/b7/3b4 b,"(5, 4)",0
8/2b5/4w3/4w2w/3b4/8/b7/3b4 w,"(4, 5)",0
8/2b5/4w3/4w2w/3b4/8/b7/3b4 b,"(4, 3)",0
8/2b5/3ww3/4w2w/3bb3/8/b7/3b4 w,"(5, 5)",0
8/2b5/3ww3/4w2w/3bb3/8/b7/3b4 b,"(3, 4)",0
8/2b5/3ww3/2w1w2w/3bb3/4b3/b7/3b4 w,"(5, 6)",0
8/2b5/3ww3/2w1w2w/3bb3/4b3/b7/3b4 b,"(4, 4)",-50
8/2b5/3ww3/1bwww2w/3bb3/4b3/b7/3b4 w,"(2, 4)",-50
8/2b5/3ww3/1bwww2w/3bb3/4b3/b7/3b4 b,"(6, 4)",-100,-1
8/8/1b6/1w6/4b3/w7/8/7b w,"(5, 5)",0
8/8/1b6/1w6/4b3/w7/8/7b b,"(3, 4)",0
8/8/1b6/1ww5/3bb3/w7/8/7b w,"(4, 5)",0
8/8/1b6/1ww5/3bb3/w7/8/7b b,"(4, 4)",-50
8/8/1b6/bwww4/3bb3/w7/8/7b w,"(1, 4)",-50
8/8/1b6/bwww4/3bb3/w7/8/7b b,"(5, 4)",-100,-1
2bw2w1/4www1/wb5b/1bb1bb2/wbww1b1w/b2wb1b1/1bw1bww1/5b2 w,"(2, 5)",50
2bw2w1/4www1/wb5b/1bb1bb2/wbww1b1w/b2wb1b1/1bw1bww1/5b2 b,"(2, 2)",-50
2bw2w1/1w2www1/wb5b/1bb1bb2/wbww1b1w/bb1wb1b1/1bw1bww1/5b2 w,"(2, 6)",100,1
7w/2ww1b1b/wbb2ww1/3bw1b1/b1w1wbw1/1bw1w1b1/w1bb2b1/w1wb2bb w,"(3, 7)",100,1
4b3/1b6/6w1/3b4/4b3/5w2/2w5/8 b,"(4, 5)",50
4b3/1b6/2b3w1/3b4/3wb3/5w2/2w5/8 w,"(3, 3)",100,1
5b1b/1bb5/w2wwb2/b3w3/1b1b1w1b/www2b2/w6w/2b5 w,"(3, 2)",-50
5b1b/1bb5/w2wwb2/b3w3/1b1b1w1b/www2b2/w6w/2b5 b,"(4, 6)",-100,-1
8/2w5/8/1b6/2w1bb2/8/8/3b3w w,"(5, 5)",0
8/2w5/8/1b6/2w1bb2/8/8/3b3w b,"(3, 4)",-50
8/2w5/8/1bw5/2wbbb2/8/8/3b3w w,"(4, 5)",50
8/2w5/8/1bw5/2wbbb2/8/8/3b3w b,"(3, 3)",-100,-1
8/4b3/5wb1/8/3wb2w/8/8/6b1 w,"(5, 5)",0
8/4b3/5wb1/8/3wb2w/8/8/6b1 b,"(5, 4)",-50
8/4b3/5wb1/4w3/3wb2w/2b5/8/6b1 w,"(3, 6)",-50
8/4b3/5wb1/4w3/3wb2w/2b5/8/6b1 b,"(7, 2)",-100,-1
1w4w1/3w2b1/2w2b2/w3w3/bw3b2/5b2/bb1w4/b4b2 b,"(1, 6)",-50
1w4w1/3w2b1/2w2b2/w3w3/bw3b2/w1b2b2/bb1w4/b4b2 w,"(3, 6)",50
1w4w1/3w2b1/2w2b2/w3w3/bw3b2/w1b2b2/bb1w4/b4b2 b,"(4, 5)",50
1w4w1/3w2b1/2w2b2/w3wb2/bw1w1b2/w1b2b2/bb1w4/b4b2 w,"(6, 4)",100,1
1b6/1w1bb3/bw2wwwb/wb6/bww1b3/2w5/w2b2b1/1b6 w,"(2, 4)",50
1b6/1w1bb3/bw2wwwb/wb6/bww1b3/2w5/w2b2b1/1b6 b,"(3, 3)",-50
1b6/1w1bb3/bww1wwwb/wbb5/bww1b3/2w5/w2b2b1/1b6 w,"(3, 4)",-50
1b6/1w1bb3/bww1wwwb/wbb5/bww1b3/2w5/w2b2b1/1b6 b,"(4, 3)",-100,-1
bw2wb1w/7w/bw6/2b1b3/w6b/3wbb2/2b2ww1/4bwb1 w,"(5, 4)",0
bw2wb1w/7w/bw6/2b1b3/w6b/3wbb2/2b2ww1/4bwb1 b,"(3, 5)",-50
bw2wb1w/7w/bw6/2b1b3/w1w4b/3wbb2/2b1bww1/4bwb1 w,"(5, 7)",50
bw2wb1w/7w/bw6/2b1b3/w1w4b/3wbb2/2b1bww1/4bwb1 b,"(5, 3)",50
bw2wb1w/7w/bw2w3/2b1b3/w1w1b2b/3wbb2/2b1bww1/4bwb1 w,"(5, 5)",100,1
